yr,service_category,subcategory,type_of_service,dual,age_band,sex,allowed,paid,n_rows,n_benes
2016,Inpatient Hospital,Acute care hospital,n/a,false,65-74,Female,1117753.33,931385.8600000002,144,106
2016,Inpatient Hospital,Acute care hospital,n/a,false,65-74,Male,2170664.1200000006,1825563.3000000005,213,129
2016,Inpatient Hospital,Acute care hospital,n/a,false,75-84,Female,397544.51000000007,330562.76999999996,63,43
2016,Inpatient Hospital,Acute care hospital,n/a,false,75-84,Male,611438.1400000002,509368.81,114,38
2016,Inpatient Hospital,Acute care hospital,n/a,false,85+,Female,280088.68,233139.89999999997,135,41
2016,Inpatient Hospital,Acute care hospital,n/a,false,85+,Male,245486.47999999986,204355.77,130,43
2016,Inpatient Hospital,Acute care hospital,n/a,false,<65,Female,2314142.280000001,1968890.4900000005,308,234
2016,Inpatient Hospital,Acute care hospital,n/a,false,<65,Male,1057989.65,902535.5399999995,241,173
2016,Inpatient Hospital,Acute care hospital,n/a,true,65-74,Female,540379.93,509043.3099999999,66,46
2016,Inpatient Hospital,Acute care hospital,n/a,true,65-74,Male,441095.31999999995,406062.2800000001,87,55
2016,Inpatient Hospital,Acute care hospital,n/a,true,75-84,Female,391825.2100000001,359697.53,69,26
2016,Inpatient Hospital,Acute care hospital,n/a,true,75-84,Male,264234.48999999993,231224.0399999999,59,27
2016,Inpatient Hospital,Acute care hospital,n/a,true,85+,Female,23199.780000000006,22931.070000000003,19,10
2016,Inpatient Hospital,Acute care hospital,n/a,true,85+,Male,57691.32,54736.009999999995,44,21
2016,Inpatient Hospital,Acute care hospital,n/a,true,<65,Female,821201.2899999998,762418.1699999997,123,89
2016,Inpatient Hospital,Acute care hospital,n/a,true,<65,Male,406012.9699999998,373095.41999999975,130,85
2016,Long-Term Care,Hospice,n/a,false,65-74,Female,267465.32999999996,267465.32999999996,16,16
2016,Long-Term Care,Hospice,n/a,false,65-74,Male,257483.91999999998,257483.91999999998,14,14
2016,Long-Term Care,Hospice,n/a,false,75-84,Female,197340.57999999996,197340.57999999996,14,14
2016,Long-Term Care,Hospice,n/a,false,75-84,Male,141929.62000000002,141929.62000000002,9,9
2016,Long-Term Care,Hospice,n/a,false,85+,Female,64677.25,64677.25,4,4
2016,Long-Term Care,Hospice,n/a,false,85+,Male,97762.73999999999,97762.73999999999,6,6
2016,Long-Term Care,Hospice,n/a,true,65-74,Female,60119.020000000004,60119.020000000004,6,6
2016,Long-Term Care,Hospice,n/a,true,65-74,Male,105517.59999999999,105517.59999999999,7,7
2016,Long-Term Care,Hospice,n/a,true,75-84,Female,97531.0,97531.0,9,9
2016,Long-Term Care,Hospice,n/a,true,75-84,Male,168641.01,168641.01,10,10
2016,Long-Term Care,Hospice,n/a,true,85+,Female,41676.95,41676.95,1,1
2016,Long-Term Care,Hospice,n/a,true,85+,Male,11810.87,11810.87,1,1
2016,Long-Term Care,Skilled nursing facility,n/a,false,65-74,Female,567880.18,464165.17000000004,27,27
2016,Long-Term Care,Skilled nursing facility,n/a,false,65-74,Male,533927.0700000001,423870.77,34,33
2016,Long-Term Care,Skilled nursing facility,n/a,false,75-84,Female,193403.86000000002,154723.05000000002,12,12
2016,Long-Term Care,Skilled nursing facility,n/a,false,75-84,Male,157211.52,125769.16000000002,8,8
2016,Long-Term Care,Skilled nursing facility,n/a,false,85+,Female,154426.21,123540.93,9,9
2016,Long-Term Care,Skilled nursing facility,n/a,false,85+,Male,130030.53,104024.41,8,8
2016,Long-Term Care,Skilled nursing facility,n/a,false,<65,Female,156829.09000000003,130487.95999999999,11,11
2016,Long-Term Care,Skilled nursing facility,n/a,false,<65,Male,169925.12,143903.66999999998,10,10
2016,Long-Term Care,Skilled nursing facility,n/a,true,65-74,Female,139554.21,126743.13999999998,10,10
2016,Long-Term Care,Skilled nursing facility,n/a,true,65-74,Male,152039.68,126109.12000000001,6,6
2016,Long-Term Care,Skilled nursing facility,n/a,true,75-84,Female,44606.76,44606.76,3,3
2016,Long-Term Care,Skilled nursing facility,n/a,true,75-84,Male,99421.14,87553.66999999998,6,6
2016,Long-Term Care,Skilled nursing facility,n/a,true,85+,Female,34610.1,34610.1,1,1
2016,Long-Term Care,Skilled nursing facility,n/a,true,85+,Male,108015.04,91596.45999999999,6,6
2016,Long-Term Care,Skilled nursing facility,n/a,true,<65,Female,53961.32,52711.67,5,5
2016,Long-Term Care,Skilled nursing facility,n/a,true,<65,Male,61617.03999999999,53001.3,4,4
2016,Other,Durable medical equipment,n/a,false,65-74,Female,2343.7000000000007,1808.7299999999964,661,310
2016,Other,Durable medical equipment,n/a,false,65-74,Male,2957.079999999998,2305.329999999995,1225,325
2016,Other,Durable medical equipment,n/a,false,75-84,Female,737.7600000000002,578.0500000000002,304,104
2016,Other,Durable medical equipment,n/a,false,75-84,Male,785.1200000000006,615.49,695,100
2016,Other,Durable medical equipment,n/a,false,85+,Female,692.0000000000007,524.5600000000002,228,78
2016,Other,Durable medical equipment,n/a,false,85+,Male,622.2300000000002,495.24000000000007,473,60
2016,Other,Durable medical equipment,n/a,false,<65,Female,5280.0499999999965,4213.989999999995,1342,418
2016,Other,Durable medical equipment,n/a,false,<65,Male,6181.83999999998,5052.5300000000025,2931,538
2016,Other,Durable medical equipment,n/a,true,65-74,Female,1022.1000000000012,853.2500000000003,299,104
2016,Other,Durable medical equipment,n/a,true,65-74,Male,1075.0600000000013,930.8000000000006,380,121
2016,Other,Durable medical equipment,n/a,true,75-84,Female,390.3699999999999,346.24000000000007,195,41
2016,Other,Durable medical equipment,n/a,true,75-84,Male,272.73,237.16,136,38
2016,Other,Durable medical equipment,n/a,true,85+,Female,131.56,103.50999999999999,116,20
2016,Other,Durable medical equipment,n/a,true,85+,Male,77.48,62.42999999999999,29,18
2016,Other,Durable medical equipment,n/a,true,<65,Female,1511.0300000000016,1178.5300000000004,589,155
2016,Other,Durable medical equipment,n/a,true,<65,Male,2282.0699999999997,1892.069999999999,1127,185
2016,Outpatient Hospital,Hospital outpatient,n/a,false,65-74,Female,4372026.829999997,4317351.259999996,2516,425
2016,Outpatient Hospital,Hospital outpatient,n/a,false,65-74,Male,4799033.719999995,4744612.299999997,3039,432
2016,Outpatient Hospital,Hospital outpatient,n/a,false,75-84,Female,1374796.37,1359110.9900000007,829,150
2016,Outpatient Hospital,Hospital outpatient,n/a,false,75-84,Male,1679441.48,1658806.92,1413,153
2016,Outpatient Hospital,Hospital outpatient,n/a,false,85+,Female,1029416.3300000008,1016484.0400000005,934,129
2016,Outpatient Hospital,Hospital outpatient,n/a,false,85+,Male,1142135.25,1124851.8,1291,137
2016,Outpatient Hospital,Hospital outpatient,n/a,false,<65,Female,26490544.779999927,26241521.69999993,8704,856
2016,Outpatient Hospital,Hospital outpatient,n/a,false,<65,Male,9658595.610000003,9468397.840000004,7478,646
2016,Outpatient Hospital,Hospital outpatient,n/a,true,65-74,Female,1502922.73,1487608.23,970,150
2016,Outpatient Hospital,Hospital outpatient,n/a,true,65-74,Male,1834381.6400000001,1817678.6199999999,1278,166
2016,Outpatient Hospital,Hospital outpatient,n/a,true,75-84,Female,660988.6,653723.3899999999,559,64
2016,Outpatient Hospital,Hospital outpatient,n/a,true,75-84,Male,468728.63999999984,462798.17999999993,484,63
2016,Outpatient Hospital,Hospital outpatient,n/a,true,85+,Female,390007.85,385512.49,401,39
2016,Outpatient Hospital,Hospital outpatient,n/a,true,85+,Male,294242.64,290170.55999999994,272,43
2016,Outpatient Hospital,Hospital outpatient,n/a,true,<65,Female,13701211.610000003,13654534.690000005,2697,297
2016,Outpatient Hospital,Hospital outpatient,n/a,true,<65,Male,2896442.0500000026,2850686.620000003,2606,246
2016,Professional,Home health,n/a,false,65-74,Female,43880.87,43880.87,5,5
2016,Professional,Home health,n/a,false,65-74,Male,66450.23,66450.23,10,8
2016,Professional,Home health,n/a,false,75-84,Female,30583.67,30583.67,3,3
2016,Professional,Home health,n/a,false,75-84,Male,23013.92,23013.92,2,2
2016,Professional,Home health,n/a,false,85+,Male,24820.92,24820.92,3,3
2016,Professional,Home health,n/a,true,65-74,Female,41528.399999999994,41528.399999999994,5,4
2016,Professional,Home health,n/a,true,65-74,Male,65553.84,65553.84,7,7
2016,Professional,Home health,n/a,true,75-84,Female,10433.25,10433.25,2,2
2016,Professional,Home health,n/a,true,75-84,Male,30283.66,30283.66,4,4
2016,Professional,Inpatient/outpatient hospital setting,E&M,false,65-74,Female,481.7,385.36,1,1
2016,Professional,Inpatient/outpatient hospital setting,E&M,false,65-74,Male,1638.2800000000002,1310.6200000000001,3,3
2016,Professional,Inpatient/outpatient hospital setting,E&M,false,75-84,Male,600.5,480.4,1,1
2016,Professional,Inpatient/outpatient hospital setting,E&M,false,<65,Male,507.0,405.6,1,1
2016,Professional,Inpatient/outpatient hospital setting,E&M,true,65-74,Male,620.44,620.44,1,1
2016,Professional,Inpatient/outpatient hospital setting,Exceptions/unclassified,false,65-74,Male,1423.99,1139.19,3,3
2016,Professional,Inpatient/outpatient hospital setting,Exceptions/unclassified,false,75-84,Female,615.85,492.68,1,1
2016,Professional,Inpatient/outpatient hospital setting,Exceptions/unclassified,false,<65,Male,584.0,467.2,1,1
2016,Professional,Inpatient/outpatient hospital setting,Exceptions/unclassified,true,65-74,Male,620.44,620.44,1,1
2016,Professional,Inpatient/outpatient hospital setting,Exceptions/unclassified,true,<65,Female,615.85,492.68,1,1
2016,Professional,Inpatient/outpatient hospital setting,Imaging,false,65-74,Male,2795.54,2236.4300000000003,5,5
2016,Professional,Inpatient/outpatient hospital setting,Imaging,false,<65,Female,2829.7,2263.76,5,5
2016,Professional,Inpatient/outpatient hospital setting,Imaging,false,<65,Male,1722.5800000000002,992.7,3,3
2016,Professional,Inpatient/outpatient hospital setting,Imaging,true,75-84,Female,808.7,729.22,2,2
2016,Professional,Inpatient/outpatient hospital setting,Unclassified,false,65-74,Female,203435.94999999998,162748.76000000004,100,8
2016,Professional,Inpatient/outpatient hospital setting,Unclassified,false,65-74,Male,399634.49000000005,319728.57000000007,305,18
2016,Professional,Inpatient/outpatient hospital setting,Unclassified,false,75-84,Female,185231.78,148185.44999999995,62,4
2016,Professional,Inpatient/outpatient hospital setting,Unclassified,false,75-84,Male,179373.32,143498.55,83,2
2016,Professional,Inpatient/outpatient hospital setting,Unclassified,false,<65,Female,79190.64,62979.75,58,7
2016,Professional,Inpatient/outpatient hospital setting,Unclassified,false,<65,Male,334908.58999999997,267300.8100000003,191,10
2016,Professional,Inpatient/outpatient hospital setting,Unclassified,true,65-74,Female,96111.31,95796.31,60,3
2016,Professional,Inpatient/outpatient hospital setting,Unclassified,true,65-74,Male,150724.33000000002,150374.33000000002,64,3
2016,Professional,Inpatient/outpatient hospital setting,Unclassified,true,75-84,Female,22472.779999999988,21835.11999999999,34,2
2016,Professional,Inpatient/outpatient hospital setting,Unclassified,true,75-84,Male,70848.40000000001,61729.799999999996,28,3
2016,Professional,Inpatient/outpatient hospital setting,Unclassified,true,<65,Female,39800.62,31840.49,10,1
2016,Professional,Inpatient/outpatient hospital setting,Unclassified,true,<65,Male,57207.60999999999,56566.74,28,3
2016,Professional,Nursing facility / hospice setting,E&M,false,65-74,Female,2121.63,1697.3,1,1
2016,Professional,Nursing facility / hospice setting,E&M,false,65-74,Male,620.44,496.35,1,1
2016,Professional,Nursing facility / hospice setting,E&M,false,<65,Female,1240.88,992.7,2,2
2016,Professional,Nursing facility / hospice setting,E&M,false,<65,Male,1737.0300000000002,1389.62,3,3
2016,Professional,Nursing facility / hospice setting,Exceptions/unclassified,false,65-74,Female,0.0,0.0,6,2
2016,Professional,Nursing facility / hospice setting,Exceptions/unclassified,false,65-74,Male,2648.35,2118.68,15,5
2016,Professional,Nursing facility / hospice setting,Exceptions/unclassified,false,75-84,Female,0.0,0.0,4,1
2016,Professional,Nursing facility / hospice setting,Exceptions/unclassified,false,75-84,Male,0.0,0.0,13,5
2016,Professional,Nursing facility / hospice setting,Exceptions/unclassified,false,85+,Female,0.0,0.0,3,1
2016,Professional,Nursing facility / hospice setting,Exceptions/unclassified,false,<65,Female,0.0,0.0,13,6
2016,Professional,Nursing facility / hospice setting,Exceptions/unclassified,false,<65,Male,0.0,0.0,15,7
2016,Professional,Nursing facility / hospice setting,Exceptions/unclassified,true,<65,Male,0.0,0.0,2,1
2016,Professional,Nursing facility / hospice setting,Unclassified,false,65-74,Female,14075.260000000002,11260.2,35,3
2016,Professional,Nursing facility / hospice setting,Unclassified,false,65-74,Male,18140.760000000006,14047.810000000001,58,5
2016,Professional,Nursing facility / hospice setting,Unclassified,false,75-84,Female,1346.77,892.24,13,1
2016,Professional,Nursing facility / hospice setting,Unclassified,false,75-84,Male,7817.800000000001,6137.889999999999,66,5
2016,Professional,Nursing facility / hospice setting,Unclassified,false,85+,Female,1319.48,1055.5900000000001,10,1
2016,Professional,Nursing facility / hospice setting,Unclassified,false,85+,Male,2221.3199999999997,1777.0500000000002,8,2
2016,Professional,Nursing facility / hospice setting,Unclassified,false,<65,Female,22065.170000000002,17297.539999999997,87,10
2016,Professional,Nursing facility / hospice setting,Unclassified,false,<65,Male,39752.78,30652.309999999998,172,13
2016,Professional,Nursing facility / hospice setting,Unclassified,true,85+,Female,1144.8,1144.8,4,1
2016,Professional,Nursing facility / hospice setting,Unclassified,true,<65,Male,828.65,476.52,15,1
2016,Professional,Office (incl. telehealth),E&M,false,65-74,Female,25698.11,20558.490000000005,32,32
2016,Professional,Office (incl. telehealth),E&M,false,65-74,Male,63037.75999999998,50749.06999999999,95,78
2016,Professional,Office (incl. telehealth),E&M,false,75-84,Female,8528.66,6822.93,12,9
2016,Professional,Office (incl. telehealth),E&M,false,75-84,Male,30818.660000000007,24774.990000000005,60,29
2016,Professional,Office (incl. telehealth),E&M,false,85+,Female,10851.730000000001,8681.38,18,12
2016,Professional,Office (incl. telehealth),E&M,false,85+,Male,13170.050000000001,10536.029999999999,26,17
2016,Professional,Office (incl. telehealth),E&M,false,<65,Female,113909.35999999999,89804.08,162,143
2016,Professional,Office (incl. telehealth),E&M,false,<65,Male,200195.33999999994,159882.31000000006,319,287
2016,Professional,Office (incl. telehealth),E&M,true,65-74,Female,10349.61,5790.729999999999,18,7
2016,Professional,Office (incl. telehealth),E&M,true,65-74,Male,16640.190000000002,14427.119999999999,27,22
2016,Professional,Office (incl. telehealth),E&M,true,75-84,Female,9636.670000000002,8851.150000000003,17,4
2016,Professional,Office (incl. telehealth),E&M,true,75-84,Male,5808.85,5298.469999999999,9,9
2016,Professional,Office (incl. telehealth),E&M,true,85+,Female,1864.19,1184.3500000000001,4,4
2016,Professional,Office (incl. telehealth),E&M,true,85+,Male,2398.45,1551.46,4,4
2016,Professional,Office (incl. telehealth),E&M,true,<65,Female,28546.01,24402.809999999998,48,46
2016,Professional,Office (incl. telehealth),E&M,true,<65,Male,72693.79999999999,54251.67000000001,118,96
2016,Professional,Office (incl. telehealth),Exceptions/unclassified,false,65-74,Female,13309.28,10647.42,1803,576
2016,Professional,Office (incl. telehealth),Exceptions/unclassified,false,65-74,Male,29502.75,23602.199999999997,2056,602
2016,Professional,Office (incl. telehealth),Exceptions/unclassified,false,75-84,Female,8446.35,6757.09,673,188
2016,Professional,Office (incl. telehealth),Exceptions/unclassified,false,75-84,Male,6490.74,5192.6,999,186
2016,Professional,Office (incl. telehealth),Exceptions/unclassified,false,85+,Female,6320.7699999999995,5056.62,781,171
2016,Professional,Office (incl. telehealth),Exceptions/unclassified,false,85+,Male,0.0,0.0,857,165
2016,Professional,Office (incl. telehealth),Exceptions/unclassified,false,<65,Female,51957.37,41664.04,1848,718
2016,Professional,Office (incl. telehealth),Exceptions/unclassified,false,<65,Male,60857.229999999996,48760.869999999995,2163,865
2016,Professional,Office (incl. telehealth),Exceptions/unclassified,true,65-74,Female,6376.329999999999,5101.06,618,168
2016,Professional,Office (incl. telehealth),Exceptions/unclassified,true,65-74,Male,8823.07,8158.6900000000005,618,186
2016,Professional,Office (incl. telehealth),Exceptions/unclassified,true,75-84,Female,3998.74,3579.6400000000003,394,73
2016,Professional,Office (incl. telehealth),Exceptions/unclassified,true,75-84,Male,2935.01,2348.01,349,74
2016,Professional,Office (incl. telehealth),Exceptions/unclassified,true,85+,Female,4987.32,2373.38,277,56
2016,Professional,Office (incl. telehealth),Exceptions/unclassified,true,85+,Male,11429.140000000001,11429.140000000001,262,45
2016,Professional,Office (incl. telehealth),Exceptions/unclassified,true,<65,Female,19130.69,14629.28,662,254
2016,Professional,Office (incl. telehealth),Exceptions/unclassified,true,<65,Male,24177.660000000003,20165.91,689,263
2016,Professional,Office (incl. telehealth),Unclassified,false,65-74,Female,1085963.390000003,814235.8599999981,8497,606
2016,Professional,Office (incl. telehealth),Unclassified,false,65-74,Male,1297785.2400000026,1002184.2699999968,9902,632
2016,Professional,Office (incl. telehealth),Unclassified,false,75-84,Female,399680.5199999999,306144.43000000017,3046,200
2016,Professional,Office (incl. telehealth),Unclassified,false,75-84,Male,539992.7899999985,403217.5200000005,5028,198
2016,Professional,Office (incl. telehealth),Unclassified,false,85+,Female,462270.91999999946,358446.5800000008,3801,178
2016,Professional,Office (incl. telehealth),Unclassified,false,85+,Male,452632.1899999994,353541.5100000001,4143,176
2016,Professional,Office (incl. telehealth),Unclassified,false,<65,Female,2382662.740000002,1855725.2500000019,12168,977
2016,Professional,Office (incl. telehealth),Unclassified,false,<65,Male,2378408.13,1840425.0500000012,14142,1083
2016,Professional,Office (incl. telehealth),Unclassified,true,65-74,Female,346981.53999999986,268555.3399999997,2958,178
2016,Professional,Office (incl. telehealth),Unclassified,true,65-74,Male,393138.16999999987,333518.0699999997,3111,204
2016,Professional,Office (incl. telehealth),Unclassified,true,75-84,Female,214277.3399999997,182130.56999999966,1885,77
2016,Professional,Office (incl. telehealth),Unclassified,true,75-84,Male,204922.78000000003,168339.65000000005,1692,75
2016,Professional,Office (incl. telehealth),Unclassified,true,85+,Female,152628.44999999987,92112.7899999999,1228,59
2016,Professional,Office (incl. telehealth),Unclassified,true,85+,Male,178818.38,137879.43999999994,1154,50
2016,Professional,Office (incl. telehealth),Unclassified,true,<65,Female,734682.5300000013,574798.2799999998,4033,322
2016,Professional,Office (incl. telehealth),Unclassified,true,<65,Male,963706.0100000002,744925.1299999994,4872,352
2016,Professional,Services at home,E&M,false,65-74,Male,615.85,492.68,1,1
2016,Professional,Services at home,E&M,false,<65,Female,468.2,374.56,1,1
2016,Professional,Services at home,E&M,false,<65,Male,1881.9,1505.52,4,4
2016,Professional,Services at home,Exceptions/unclassified,false,65-74,Female,0.0,0.0,4,2
2016,Professional,Services at home,Exceptions/unclassified,false,65-74,Male,0.0,0.0,3,2
2016,Professional,Services at home,Exceptions/unclassified,false,75-84,Female,0.0,0.0,12,3
2016,Professional,Services at home,Exceptions/unclassified,false,75-84,Male,0.0,0.0,3,1
2016,Professional,Services at home,Exceptions/unclassified,false,85+,Female,0.0,0.0,6,2
2016,Professional,Services at home,Exceptions/unclassified,false,85+,Male,0.0,0.0,2,1
2016,Professional,Services at home,Exceptions/unclassified,false,<65,Female,481.7,385.36,8,4
2016,Professional,Services at home,Exceptions/unclassified,false,<65,Male,0.0,0.0,13,6
2016,Professional,Services at home,Exceptions/unclassified,true,65-74,Male,0.0,0.0,3,1
2016,Professional,Services at home,Exceptions/unclassified,true,<65,Male,0.0,0.0,4,2
2016,Professional,Services at home,Unclassified,false,65-74,Female,1659.01,1203.86,19,2
2016,Professional,Services at home,Unclassified,false,65-74,Male,2107.18,1454.9,27,2
2016,Professional,Services at home,Unclassified,false,75-84,Female,4268.87,3228.6900000000005,44,3
2016,Professional,Services at home,Unclassified,false,75-84,Male,1189.79,766.92,13,1
2016,Professional,Services at home,Unclassified,false,85+,Female,2447.3599999999997,1957.8599999999997,33,2
2016,Professional,Services at home,Unclassified,false,85+,Male,1482.17,1185.7200000000003,14,1
2016,Professional,Services at home,Unclassified,false,<65,Female,9462.76,6929.290000000001,77,8
2016,Professional,Services at home,Unclassified,false,<65,Male,9884.75,7349.999999999999,105,9
2016,Professional,Services at home,Unclassified,true,65-74,Male,1617.17,1617.17,11,1
2016,Professional,Services at home,Unclassified,true,<65,Female,925.5699999999999,740.4599999999999,9,1
2016,Professional,Services at home,Unclassified,true,<65,Male,2776.4900000000002,2776.4900000000002,29,2
2016,Professional,Urgent care,E&M,false,65-74,Female,4220.3,3376.24,7,2
2016,Professional,Urgent care,E&M,false,65-74,Male,9428.45,7542.759999999999,16,5
2016,Professional,Urgent care,E&M,false,75-84,Female,1847.5500000000002,1478.04,3,1
2016,Professional,Urgent care,E&M,false,75-84,Male,7099.500000000001,5919.8,12,4
2016,Professional,Urgent care,E&M,false,85+,Male,3636.6,2909.28,6,1
2016,Professional,Urgent care,E&M,false,<65,Female,3321.29,2657.0299999999997,2,2
2016,Professional,Urgent care,E&M,false,<65,Male,17399.000000000004,13919.200000000003,30,15
2016,Professional,Urgent care,E&M,true,65-74,Male,2146.4,1957.3200000000002,4,2
2016,Professional,Urgent care,E&M,true,85+,Female,2463.4,1970.72,4,1
2016,Professional,Urgent care,E&M,true,<65,Female,7794.299999999999,6235.45,7,4
2016,Professional,Urgent care,E&M,true,<65,Male,5682.0,5558.83,10,5
2016,Professional,Urgent care,Exceptions/unclassified,false,65-74,Female,0.0,0.0,255,37
2016,Professional,Urgent care,Exceptions/unclassified,false,65-74,Male,1744.75,1395.8,348,41
2016,Professional,Urgent care,Exceptions/unclassified,false,75-84,Female,0.0,0.0,218,15
2016,Professional,Urgent care,Exceptions/unclassified,false,75-84,Male,0.0,0.0,120,14
2016,Professional,Urgent care,Exceptions/unclassified,false,85+,Female,0.0,0.0,247,15
2016,Professional,Urgent care,Exceptions/unclassified,false,85+,Male,0.0,0.0,290,25
2016,Professional,Urgent care,Exceptions/unclassified,false,<65,Female,2770.43,2216.34,189,31
2016,Professional,Urgent care,Exceptions/unclassified,false,<65,Male,7992.0,6393.599999999999,260,45
2016,Professional,Urgent care,Exceptions/unclassified,true,65-74,Female,0.0,0.0,81,14
2016,Professional,Urgent care,Exceptions/unclassified,true,65-74,Male,0.0,0.0,106,15
2016,Professional,Urgent care,Exceptions/unclassified,true,75-84,Female,0.0,0.0,32,3
2016,Professional,Urgent care,Exceptions/unclassified,true,75-84,Male,0.0,0.0,118,9
2016,Professional,Urgent care,Exceptions/unclassified,true,85+,Female,0.0,0.0,102,7
2016,Professional,Urgent care,Exceptions/unclassified,true,85+,Male,639.91,639.91,90,7
2016,Professional,Urgent care,Exceptions/unclassified,true,<65,Female,0.0,0.0,35,9
2016,Professional,Urgent care,Exceptions/unclassified,true,<65,Male,0.0,0.0,52,13
2016,Professional,Urgent care,Unclassified,false,65-74,Female,157514.68000000046,126667.6399999999,1340,38
2016,Professional,Urgent care,Unclassified,false,65-74,Male,234025.8000000001,186771.42999999964,1830,45
2016,Professional,Urgent care,Unclassified,false,75-84,Female,145723.06999999977,107361.89999999979,1105,18
2016,Professional,Urgent care,Unclassified,false,75-84,Male,76418.05999999982,61403.36999999988,692,15
2016,Professional,Urgent care,Unclassified,false,85+,Female,158961.64999999985,126983.9099999999,1354,17
2016,Professional,Urgent care,Unclassified,false,85+,Male,215509.49000000008,172221.93,1552,26
2016,Professional,Urgent care,Unclassified,false,<65,Female,185595.51999999984,151311.53999999998,1157,35
2016,Professional,Urgent care,Unclassified,false,<65,Male,306535.66000000003,241549.49999999985,1695,59
2016,Professional,Urgent care,Unclassified,true,65-74,Female,51455.47999999998,37150.770000000004,446,19
2016,Professional,Urgent care,Unclassified,true,65-74,Male,79649.35999999988,63142.52999999994,577,23
2016,Professional,Urgent care,Unclassified,true,75-84,Female,27675.880000000005,15845.910000000013,138,4
2016,Professional,Urgent care,Unclassified,true,75-84,Male,90355.04999999999,42809.99000000005,661,12
2016,Professional,Urgent care,Unclassified,true,85+,Female,49175.69000000002,16637.100000000013,480,7
2016,Professional,Urgent care,Unclassified,true,85+,Male,70412.09999999983,35946.27000000005,477,7
2016,Professional,Urgent care,Unclassified,true,<65,Female,52405.969999999994,41582.090000000004,268,14
2016,Professional,Urgent care,Unclassified,true,<65,Male,44103.71999999998,37622.54000000004,342,18
2016,Retail Pharmacy,Prescription drugs (Part D),n/a,false,65-74,Female,650968.4700000021,462633.31999999867,4922,389
2016,Retail Pharmacy,Prescription drugs (Part D),n/a,false,65-74,Male,764456.0199999994,560581.2600000007,5725,407
2016,Retail Pharmacy,Prescription drugs (Part D),n/a,false,75-84,Female,348712.8000000004,262993.0599999998,2221,117
2016,Retail Pharmacy,Prescription drugs (Part D),n/a,false,75-84,Male,472424.9000000007,299212.0900000003,3168,141
2016,Retail Pharmacy,Prescription drugs (Part D),n/a,false,85+,Female,667644.010000003,513880.8300000001,3595,127
2016,Retail Pharmacy,Prescription drugs (Part D),n/a,false,85+,Male,918259.6900000044,714562.6599999967,3744,133
2016,Retail Pharmacy,Prescription drugs (Part D),n/a,false,<65,Female,1189527.1900000044,858820.1400000011,5838,625
2016,Retail Pharmacy,Prescription drugs (Part D),n/a,false,<65,Male,1267345.310000013,876471.639999997,6843,686
2016,Retail Pharmacy,Prescription drugs (Part D),n/a,true,65-74,Female,290853.34000000055,202420.21000000046,1978,119
2016,Retail Pharmacy,Prescription drugs (Part D),n/a,true,65-74,Male,343206.58,271023.1,2253,151
2016,Retail Pharmacy,Prescription drugs (Part D),n/a,true,75-84,Female,153532.59999999998,126936.5800000003,1097,55
2016,Retail Pharmacy,Prescription drugs (Part D),n/a,true,75-84,Male,243911.0599999997,178939.39999999994,1463,56
2016,Retail Pharmacy,Prescription drugs (Part D),n/a,true,85+,Female,243967.49000000014,130169.12999999998,1045,44
2016,Retail Pharmacy,Prescription drugs (Part D),n/a,true,85+,Male,336429.5600000001,102213.5,1216,41
2016,Retail Pharmacy,Prescription drugs (Part D),n/a,true,<65,Female,417597.1800000003,261264.3900000003,2009,217
2016,Retail Pharmacy,Prescription drugs (Part D),n/a,true,<65,Male,508084.57000000065,361159.3200000006,2681,237
2017,Inpatient Hospital,Acute care hospital,n/a,false,65-74,Female,1111251.7500000002,929507.9399999997,168,99
2017,Inpatient Hospital,Acute care hospital,n/a,false,65-74,Male,1817222.6399999994,1515990.9800000004,203,129
2017,Inpatient Hospital,Acute care hospital,n/a,false,75-84,Female,644747.2999999999,536962.22,74,48
2017,Inpatient Hospital,Acute care hospital,n/a,false,75-84,Male,855264.0099999997,714822.2000000009,196,54
2017,Inpatient Hospital,Acute care hospital,n/a,false,85+,Female,459731.1,382824.7299999999,113,43
2017,Inpatient Hospital,Acute care hospital,n/a,false,85+,Male,270392.31999999995,225266.64,158,39
2017,Inpatient Hospital,Acute care hospital,n/a,false,<65,Female,2161145.2300000004,1867992.260000001,328,237
2017,Inpatient Hospital,Acute care hospital,n/a,false,<65,Male,1517792.0800000015,1314993.14,289,201
2017,Inpatient Hospital,Acute care hospital,n/a,true,65-74,Female,232843.07,216029.69999999995,68,37
2017,Inpatient Hospital,Acute care hospital,n/a,true,65-74,Male,751029.8199999998,665606.7599999998,95,59
2017,Inpatient Hospital,Acute care hospital,n/a,true,75-84,Female,271945.28,259607.3,37,23
2017,Inpatient Hospital,Acute care hospital,n/a,true,75-84,Male,215610.53,202871.92999999996,92,31
2017,Inpatient Hospital,Acute care hospital,n/a,true,85+,Female,15674.199999999999,14080.89,14,9
2017,Inpatient Hospital,Acute care hospital,n/a,true,85+,Male,105704.61,95967.02,24,15
2017,Inpatient Hospital,Acute care hospital,n/a,true,<65,Female,653757.8999999999,610089.4,115,92
2017,Inpatient Hospital,Acute care hospital,n/a,true,<65,Male,383704.9299999999,362848.38999999984,132,86
2017,Long-Term Care,Hospice,n/a,false,65-74,Female,238325.75999999998,238325.75999999998,16,16
2017,Long-Term Care,Hospice,n/a,false,65-74,Male,188194.14000000004,188194.14000000004,16,16
2017,Long-Term Care,Hospice,n/a,false,75-84,Female,244578.29,244578.29,14,14
2017,Long-Term Care,Hospice,n/a,false,75-84,Male,240138.0,240138.0,15,15
2017,Long-Term Care,Hospice,n/a,false,85+,Female,28108.230000000003,28108.230000000003,2,2
2017,Long-Term Care,Hospice,n/a,false,85+,Male,29878.089999999997,29878.089999999997,3,3
2017,Long-Term Care,Hospice,n/a,true,65-74,Female,79358.68,79358.68,9,9
2017,Long-Term Care,Hospice,n/a,true,65-74,Male,148555.24,148555.24,6,6
2017,Long-Term Care,Hospice,n/a,true,75-84,Female,16200.49,16200.49,3,3
2017,Long-Term Care,Hospice,n/a,true,75-84,Male,10369.47,10369.47,2,2
2017,Long-Term Care,Hospice,n/a,true,85+,Female,5358.76,5358.76,1,1
2017,Long-Term Care,Hospice,n/a,true,85+,Male,20034.5,20034.5,2,2
2017,Long-Term Care,Skilled nursing facility,n/a,false,65-74,Female,434369.37000000005,367508.20000000007,25,25
2017,Long-Term Care,Skilled nursing facility,n/a,false,65-74,Male,371037.96,296981.6699999999,30,30
2017,Long-Term Care,Skilled nursing facility,n/a,false,75-84,Female,158561.31999999998,126289.84000000001,9,9
2017,Long-Term Care,Skilled nursing facility,n/a,false,75-84,Male,309970.6499999999,247976.09,17,16
2017,Long-Term Care,Skilled nursing facility,n/a,false,85+,Female,333751.17000000004,267000.92000000004,15,14
2017,Long-Term Care,Skilled nursing facility,n/a,false,85+,Male,42182.81,35306.43,4,4
2017,Long-Term Care,Skilled nursing facility,n/a,false,<65,Female,182946.61,148946.5,14,14
2017,Long-Term Care,Skilled nursing facility,n/a,false,<65,Male,145614.63000000003,116491.69999999998,10,10
2017,Long-Term Care,Skilled nursing facility,n/a,true,65-74,Female,99957.5,84782.17000000001,8,8
2017,Long-Term Care,Skilled nursing facility,n/a,true,65-74,Male,97111.95999999999,89273.20999999999,9,9
2017,Long-Term Care,Skilled nursing facility,n/a,true,75-84,Female,133782.75999999998,121928.54,7,7
2017,Long-Term Care,Skilled nursing facility,n/a,true,75-84,Male,201444.48000000004,191924.14,12,12
2017,Long-Term Care,Skilled nursing facility,n/a,true,85+,Female,15166.18,13400.130000000001,2,2
2017,Long-Term Care,Skilled nursing facility,n/a,true,85+,Male,22146.690000000002,17717.28,2,2
2017,Long-Term Care,Skilled nursing facility,n/a,true,<65,Female,20600.26,20600.26,1,1
2017,Long-Term Care,Skilled nursing facility,n/a,true,<65,Male,76687.55,68892.33,5,5
2017,Other,Durable medical equipment,n/a,false,65-74,Female,2954.5699999999956,2270.4899999999943,791,345
2017,Other,Durable medical equipment,n/a,false,65-74,Male,2799.9299999999957,2171.149999999995,1370,323
2017,Other,Durable medical equipment,n/a,false,75-84,Female,905.5900000000003,711.0599999999996,314,95
2017,Other,Durable medical equipment,n/a,false,75-84,Male,1301.4000000000008,1010.2899999999995,693,119
2017,Other,Durable medical equipment,n/a,false,85+,Female,733.5600000000004,533.3800000000002,279,78
2017,Other,Durable medical equipment,n/a,false,85+,Male,457.81999999999994,351.34,441,58
2017,Other,Durable medical equipment,n/a,false,<65,Female,4418.129999999997,3531.0899999999965,1347,398
2017,Other,Durable medical equipment,n/a,false,<65,Male,6137.8499999999785,4828.959999999995,2985,550
2017,Other,Durable medical equipment,n/a,true,65-74,Female,1121.2400000000007,958.7700000000007,360,115
2017,Other,Durable medical equipment,n/a,true,65-74,Male,925.5000000000009,800.0000000000003,363,113
2017,Other,Durable medical equipment,n/a,true,75-84,Female,348.16,279.33,155,42
2017,Other,Durable medical equipment,n/a,true,75-84,Male,456.02,395.59,196,46
2017,Other,Durable medical equipment,n/a,true,85+,Female,269.71999999999997,211.07,193,23
2017,Other,Durable medical equipment,n/a,true,85+,Male,179.55,166.00000000000003,70,19
2017,Other,Durable medical equipment,n/a,true,<65,Female,1758.1299999999997,1430.5199999999986,568,160
2017,Other,Durable medical equipment,n/a,true,<65,Male,1718.1599999999999,1348.9900000000007,1049,181
2017,Outpatient Hospital,Hospital outpatient,n/a,false,65-74,Female,5463269.729999995,5396157.049999995,3127,484
2017,Outpatient Hospital,Hospital outpatient,n/a,false,65-74,Male,5264513.509999991,5205451.51999999,3274,464
2017,Outpatient Hospital,Hospital outpatient,n/a,false,75-84,Female,1358322.5599999996,1338239.6299999997,980,154
2017,Outpatient Hospital,Hospital outpatient,n/a,false,75-84,Male,1706277.9099999997,1683192.2399999993,1530,163
2017,Outpatient Hospital,Hospital outpatient,n/a,false,85+,Female,1110491.08,1096623.69,987,130
2017,Outpatient Hospital,Hospital outpatient,n/a,false,85+,Male,1121831.57,1104882.3900000001,1271,144
2017,Outpatient Hospital,Hospital outpatient,n/a,false,<65,Female,43813304.0800001,43557589.650000125,8654,868
2017,Outpatient Hospital,Hospital outpatient,n/a,false,<65,Male,9343852.059999976,9145446.399999974,7310,663
2017,Outpatient Hospital,Hospital outpatient,n/a,true,65-74,Female,1757714.7799999993,1734367.9899999993,1077,154
2017,Outpatient Hospital,Hospital outpatient,n/a,true,65-74,Male,1677168.7499999993,1653528.4499999993,1279,190
2017,Outpatient Hospital,Hospital outpatient,n/a,true,75-84,Female,889790.9799999997,881785.0099999999,662,73
2017,Outpatient Hospital,Hospital outpatient,n/a,true,75-84,Male,917518.7100000002,908201.2400000001,694,80
2017,Outpatient Hospital,Hospital outpatient,n/a,true,85+,Female,446953.37,441445.27,476,43
2017,Outpatient Hospital,Hospital outpatient,n/a,true,85+,Male,346991.6199999999,342239.07999999984,388,43
2017,Outpatient Hospital,Hospital outpatient,n/a,true,<65,Female,8634255.729999991,8575017.269999992,3474,301
2017,Outpatient Hospital,Hospital outpatient,n/a,true,<65,Male,3062429.329999998,3015641.379999998,2725,228
2017,Professional,Home health,n/a,false,65-74,Female,113775.84999999999,113775.84999999999,15,15
2017,Professional,Home health,n/a,false,65-74,Male,139428.15,139428.15,19,17
2017,Professional,Home health,n/a,false,75-84,Female,22303.630000000005,22303.630000000005,4,3
2017,Professional,Home health,n/a,false,75-84,Male,60119.560000000005,60119.560000000005,6,6
2017,Professional,Home health,n/a,false,85+,Female,10360.61,10360.61,3,3
2017,Professional,Home health,n/a,false,85+,Male,7464.54,7464.54,2,1
2017,Professional,Home health,n/a,true,65-74,Female,52787.090000000004,52787.090000000004,5,5
2017,Professional,Home health,n/a,true,65-74,Male,11653.45,11653.45,2,2
2017,Professional,Inpatient/outpatient hospital setting,E&M,false,65-74,Female,370.2,370.2,1,1
2017,Professional,Inpatient/outpatient hospital setting,E&M,false,65-74,Male,600.5,480.4,1,1
2017,Professional,Inpatient/outpatient hospital setting,E&M,false,<65,Female,472.9,378.32,1,1
2017,Professional,Inpatient/outpatient hospital setting,E&M,true,65-74,Male,615.85,492.68,1,1
2017,Professional,Inpatient/outpatient hospital setting,E&M,true,75-84,Female,485.85,0.0,1,1
2017,Professional,Inpatient/outpatient hospital setting,Exceptions/unclassified,false,65-74,Female,1233.9,658.08,3,2
2017,Professional,Inpatient/outpatient hospital setting,Exceptions/unclassified,false,75-84,Female,1220.94,976.75,2,2
2017,Professional,Inpatient/outpatient hospital setting,Exceptions/unclassified,false,<65,Female,1900.59,1608.99,4,4
2017,Professional,Inpatient/outpatient hospital setting,Exceptions/unclassified,false,<65,Male,1206.6,965.28,2,2
2017,Professional,Inpatient/outpatient hospital setting,Exceptions/unclassified,true,65-74,Male,514.1,411.28,1,1
2017,Professional,Inpatient/outpatient hospital setting,Exceptions/unclassified,true,<65,Female,472.9,378.32,1,1
2017,Professional,Inpatient/outpatient hospital setting,Exceptions/unclassified,true,<65,Male,600.5,600.5,1,1
2017,Professional,Inpatient/outpatient hospital setting,Imaging,false,65-74,Female,600.5,480.4,1,1
2017,Professional,Inpatient/outpatient hospital setting,Imaging,false,65-74,Male,620.44,496.35,1,1
2017,Professional,Inpatient/outpatient hospital setting,Imaging,false,85+,Female,507.0,405.6,1,1
2017,Professional,Inpatient/outpatient hospital setting,Imaging,false,<65,Female,1730.45,1384.3600000000001,3,3
2017,Professional,Inpatient/outpatient hospital setting,Imaging,false,<65,Male,1438.44,1150.75,3,2
2017,Professional,Inpatient/outpatient hospital setting,Imaging,true,<65,Male,1683.47,1683.47,3,2
2017,Professional,Inpatient/outpatient hospital setting,Unclassified,false,65-74,Female,420832.44000000006,329312.2899999999,241,15
2017,Professional,Inpatient/outpatient hospital setting,Unclassified,false,65-74,Male,352911.0600000002,282328.7099999999,213,13
2017,Professional,Inpatient/outpatient hospital setting,Unclassified,false,75-84,Female,46615.229999999996,37292.19,18,2
2017,Professional,Inpatient/outpatient hospital setting,Unclassified,false,75-84,Male,44189.840000000004,35351.86,36,4
2017,Professional,Inpatient/outpatient hospital setting,Unclassified,false,85+,Female,22136.25,17708.999999999996,27,1
2017,Professional,Inpatient/outpatient hospital setting,Unclassified,false,<65,Female,188405.65000000002,154831.38000000003,302,11
2017,Professional,Inpatient/outpatient hospital setting,Unclassified,false,<65,Male,232097.37000000002,185239.47,114,11
2017,Professional,Inpatient/outpatient hospital setting,Unclassified,true,65-74,Female,85406.78,78604.44999999998,65,4
2017,Professional,Inpatient/outpatient hospital setting,Unclassified,true,65-74,Male,167874.8800000001,134299.9199999999,69,4
2017,Professional,Inpatient/outpatient hospital setting,Unclassified,true,75-84,Female,95480.17,0.0,41,1
2017,Professional,Inpatient/outpatient hospital setting,Unclassified,true,75-84,Male,26655.07,26550.07,10,1
2017,Professional,Inpatient/outpatient hospital setting,Unclassified,true,85+,Male,6089.280000000001,4685.0,21,1
2017,Professional,Inpatient/outpatient hospital setting,Unclassified,true,<65,Female,66241.27,59174.81999999999,28,3
2017,Professional,Inpatient/outpatient hospital setting,Unclassified,true,<65,Male,133643.51,77615.32,90,4
2017,Professional,Nursing facility / hospice setting,E&M,false,75-84,Male,2373.87,1899.1,1,1
2017,Professional,Nursing facility / hospice setting,E&M,false,<65,Female,620.44,496.35,1,1
2017,Professional,Nursing facility / hospice setting,E&M,false,<65,Male,2179.62,1743.69,4,4
2017,Professional,Nursing facility / hospice setting,Exceptions/unclassified,false,65-74,Female,2495.58,1996.46,8,3
2017,Professional,Nursing facility / hospice setting,Exceptions/unclassified,false,65-74,Male,0.0,0.0,9,4
2017,Professional,Nursing facility / hospice setting,Exceptions/unclassified,false,75-84,Female,0.0,0.0,3,1
2017,Professional,Nursing facility / hospice setting,Exceptions/unclassified,false,75-84,Male,0.0,0.0,14,5
2017,Professional,Nursing facility / hospice setting,Exceptions/unclassified,false,85+,Female,0.0,0.0,2,1
2017,Professional,Nursing facility / hospice setting,Exceptions/unclassified,false,85+,Male,0.0,0.0,6,2
2017,Professional,Nursing facility / hospice setting,Exceptions/unclassified,false,<65,Female,0.0,0.0,18,8
2017,Professional,Nursing facility / hospice setting,Exceptions/unclassified,false,<65,Male,507.0,405.6,21,10
2017,Professional,Nursing facility / hospice setting,Exceptions/unclassified,true,85+,Female,0.0,0.0,3,1
2017,Professional,Nursing facility / hospice setting,Exceptions/unclassified,true,<65,Male,0.0,0.0,2,1
2017,Professional,Nursing facility / hospice setting,Unclassified,false,65-74,Female,17320.769999999997,13856.59,38,3
2017,Professional,Nursing facility / hospice setting,Unclassified,false,65-74,Male,6428.42,4816.05,49,4
2017,Professional,Nursing facility / hospice setting,Unclassified,false,75-84,Female,756.3399999999999,550.8199999999999,14,1
2017,Professional,Nursing facility / hospice setting,Unclassified,false,75-84,Male,20271.859999999993,16035.030000000006,70,5
2017,Professional,Nursing facility / hospice setting,Unclassified,false,85+,Female,1687.7399999999998,1350.19,21,1
2017,Professional,Nursing facility / hospice setting,Unclassified,false,85+,Male,2114.0,1691.18,23,2
2017,Professional,Nursing facility / hospice setting,Unclassified,false,<65,Female,25652.140000000007,19964.740000000005,112,11
2017,Professional,Nursing facility / hospice setting,Unclassified,false,<65,Male,31101.739999999998,23821.909999999996,142,12
2017,Professional,Nursing facility / hospice setting,Unclassified,true,85+,Female,1365.3400000000001,1365.3400000000001,14,1
2017,Professional,Nursing facility / hospice setting,Unclassified,true,<65,Male,1453.1100000000001,1162.5,19,1
2017,Professional,Office (incl. telehealth),E&M,false,65-74,Female,25084.22,20067.369999999995,32,31
2017,Professional,Office (incl. telehealth),E&M,false,65-74,Male,73625.16999999998,58879.95999999999,120,80
2017,Professional,Office (incl. telehealth),E&M,false,75-84,Female,15616.400000000001,12493.119999999999,16,13
2017,Professional,Office (incl. telehealth),E&M,false,75-84,Male,28864.33000000001,22994.960000000006,57,29
2017,Professional,Office (incl. telehealth),E&M,false,85+,Female,16121.98,12896.779999999999,27,16
2017,Professional,Office (incl. telehealth),E&M,false,85+,Male,18517.740000000005,14814.170000000002,37,18
2017,Professional,Office (incl. telehealth),E&M,false,<65,Female,106906.94999999998,85826.87,153,137
2017,Professional,Office (incl. telehealth),E&M,false,<65,Male,182574.63,146360.56000000003,325,291
2017,Professional,Office (incl. telehealth),E&M,true,65-74,Female,12521.7,8775.559999999998,19,10
2017,Professional,Office (incl. telehealth),E&M,true,65-74,Male,20162.8,18222.33,35,26
2017,Professional,Office (incl. telehealth),E&M,true,75-84,Female,11951.090000000004,11077.920000000004,19,5
2017,Professional,Office (incl. telehealth),E&M,true,75-84,Male,11928.17,11045.239999999998,21,9
2017,Professional,Office (incl. telehealth),E&M,true,85+,Female,8271.65,4561.030000000001,10,6
2017,Professional,Office (incl. telehealth),E&M,true,85+,Male,5658.1900000000005,5332.800000000001,7,6
2017,Professional,Office (incl. telehealth),E&M,true,<65,Female,36774.31,28377.989999999998,51,49
2017,Professional,Office (incl. telehealth),E&M,true,<65,Male,70028.62000000001,58736.21000000001,116,87
2017,Professional,Office (incl. telehealth),Exceptions/unclassified,false,65-74,Female,3953.58,3162.87,2055,632
2017,Professional,Office (incl. telehealth),Exceptions/unclassified,false,65-74,Male,32561.550000000003,25044.64,2334,632
2017,Professional,Office (incl. telehealth),Exceptions/unclassified,false,75-84,Female,8743.08,6994.47,730,208
2017,Professional,Office (incl. telehealth),Exceptions/unclassified,false,75-84,Male,4524.38,3619.5,1078,215
2017,Professional,Office (incl. telehealth),Exceptions/unclassified,false,85+,Female,4946.35,3957.08,782,171
2017,Professional,Office (incl. telehealth),Exceptions/unclassified,false,85+,Male,0.0,0.0,890,173
2017,Professional,Office (incl. telehealth),Exceptions/unclassified,false,<65,Female,72036.68,57389.16,2078,780
2017,Professional,Office (incl. telehealth),Exceptions/unclassified,false,<65,Male,84884.63,68247.16999999998,2144,849
2017,Professional,Office (incl. telehealth),Exceptions/unclassified,true,65-74,Female,6289.9400000000005,5031.96,717,192
2017,Professional,Office (incl. telehealth),Exceptions/unclassified,true,65-74,Male,12022.140000000001,10954.36,641,202
2017,Professional,Office (incl. telehealth),Exceptions/unclassified,true,75-84,Female,2244.18,1795.34,355,79
2017,Professional,Office (incl. telehealth),Exceptions/unclassified,true,75-84,Male,5448.59,4895.64,408,80
2017,Professional,Office (incl. telehealth),Exceptions/unclassified,true,85+,Female,0.0,0.0,272,55
2017,Professional,Office (incl. telehealth),Exceptions/unclassified,true,85+,Male,0.0,0.0,213,47
2017,Professional,Office (incl. telehealth),Exceptions/unclassified,true,<65,Female,13618.539999999997,12225.11,652,259
2017,Professional,Office (incl. telehealth),Exceptions/unclassified,true,<65,Male,30763.85,20096.36,722,270
2017,Professional,Office (incl. telehealth),Unclassified,false,65-74,Female,1199125.6400000013,902406.5600000016,9807,669
2017,Professional,Office (incl. telehealth),Unclassified,false,65-74,Male,1443496.390000003,1104916.529999997,11270,667
2017,Professional,Office (incl. telehealth),Unclassified,false,75-84,Female,471062.85999999975,361867.3199999998,3398,219
2017,Professional,Office (incl. telehealth),Unclassified,false,75-84,Male,569099.7999999988,424350.79000000004,5415,226
2017,Professional,Office (incl. telehealth),Unclassified,false,85+,Female,554879.5099999994,433686.9100000009,3879,185
2017,Professional,Office (incl. telehealth),Unclassified,false,85+,Male,459593.06,358245.9900000002,4321,184
2017,Professional,Office (incl. telehealth),Unclassified,false,<65,Female,2593790.2800000054,2061165.8200000017,12921,1013
2017,Professional,Office (incl. telehealth),Unclassified,false,<65,Male,2318360.990000002,1791043.280000003,14510,1111
2017,Professional,Office (incl. telehealth),Unclassified,true,65-74,Female,455272.79000000027,367434.1599999998,3410,203
2017,Professional,Office (incl. telehealth),Unclassified,true,65-74,Male,393704.2700000005,333036.3999999999,3103,211
2017,Professional,Office (incl. telehealth),Unclassified,true,75-84,Female,193766.30999999982,159022.20999999985,1641,83
2017,Professional,Office (incl. telehealth),Unclassified,true,75-84,Male,241971.00000000003,204495.58000000007,2029,84
2017,Professional,Office (incl. telehealth),Unclassified,true,85+,Female,166887.66999999993,106422.38999999996,1428,60
2017,Professional,Office (incl. telehealth),Unclassified,true,85+,Male,117986.53000000001,73424.50999999997,1044,52
2017,Professional,Office (incl. telehealth),Unclassified,true,<65,Female,756667.9300000006,598498.1299999997,4085,334
2017,Professional,Office (incl. telehealth),Unclassified,true,<65,Male,930371.7300000013,767492.8799999997,5108,348
2017,Professional,Services at home,E&M,false,65-74,Male,615.85,492.68,1,1
2017,Professional,Services at home,E&M,false,85+,Female,431.4,345.12,1,1
2017,Professional,Services at home,E&M,false,<65,Female,468.2,374.56,1,1
2017,Professional,Services at home,E&M,false,<65,Male,1845.1,1476.08,4,4
2017,Professional,Services at home,Exceptions/unclassified,false,65-74,Female,0.0,0.0,7,2
2017,Professional,Services at home,Exceptions/unclassified,false,65-74,Male,0.0,0.0,3,2
2017,Professional,Services at home,Exceptions/unclassified,false,75-84,Female,0.0,0.0,8,3
2017,Professional,Services at home,Exceptions/unclassified,false,75-84,Male,0.0,0.0,3,1
2017,Professional,Services at home,Exceptions/unclassified,false,85+,Female,0.0,0.0,6,2
2017,Professional,Services at home,Exceptions/unclassified,false,85+,Male,0.0,0.0,3,1
2017,Professional,Services at home,Exceptions/unclassified,false,<65,Female,0.0,0.0,16,6
2017,Professional,Services at home,Exceptions/unclassified,false,<65,Male,0.0,0.0,15,7
2017,Professional,Services at home,Exceptions/unclassified,true,65-74,Male,0.0,0.0,1,1
2017,Professional,Services at home,Exceptions/unclassified,true,<65,Female,0.0,0.0,3,1
2017,Professional,Services at home,Exceptions/unclassified,true,<65,Male,0.0,0.0,4,2
2017,Professional,Services at home,Unclassified,false,65-74,Female,2116.41,1508.09,29,2
2017,Professional,Services at home,Unclassified,false,65-74,Male,2061.81,1412.2800000000002,27,2
2017,Professional,Services at home,Unclassified,false,75-84,Female,2930.48,2157.9900000000002,41,3
2017,Professional,Services at home,Unclassified,false,75-84,Male,922.3,552.9200000000001,14,1
2017,Professional,Services at home,Unclassified,false,85+,Female,2100.29,1680.2199999999998,25,2
2017,Professional,Services at home,Unclassified,false,85+,Male,776.98,621.5799999999999,7,1
2017,Professional,Services at home,Unclassified,false,<65,Female,6918.5599999999995,5164.95,77,7
2017,Professional,Services at home,Unclassified,false,<65,Male,12095.380000000001,9118.47,131,10
2017,Professional,Services at home,Unclassified,true,65-74,Male,1094.29,1094.29,11,1
2017,Professional,Services at home,Unclassified,true,<65,Female,737.4300000000001,737.4300000000001,7,1
2017,Professional,Services at home,Unclassified,true,<65,Male,2584.81,2584.81,24,2
2017,Professional,Urgent care,E&M,false,65-74,Female,5415.7,4332.56,9,3
2017,Professional,Urgent care,E&M,false,65-74,Male,11427.450000000003,9141.960000000003,20,6
2017,Professional,Urgent care,E&M,false,75-84,Female,1847.5500000000002,1478.04,3,1
2017,Professional,Urgent care,E&M,false,75-84,Male,2333.4,1866.72,4,2
2017,Professional,Urgent care,E&M,false,85+,Male,3743.6500000000005,2994.92,7,4
2017,Professional,Urgent care,E&M,false,<65,Female,1201.0,960.8,2,1
2017,Professional,Urgent care,E&M,false,<65,Male,28433.75,22822.770000000004,49,20
2017,Professional,Urgent care,E&M,true,65-74,Female,472.7,378.16,1,1
2017,Professional,Urgent care,E&M,true,65-74,Male,4585.72,3668.58,5,4
2017,Professional,Urgent care,E&M,true,85+,Female,4926.8,3941.4399999999996,8,1
2017,Professional,Urgent care,E&M,true,<65,Female,2208.9,1861.66,5,2
2017,Professional,Urgent care,E&M,true,<65,Male,6743.25,6526.8099999999995,12,7
2017,Professional,Urgent care,Exceptions/unclassified,false,65-74,Female,0.0,0.0,330,39
2017,Professional,Urgent care,Exceptions/unclassified,false,65-74,Male,7432.88,5946.3099999999995,380,46
2017,Professional,Urgent care,Exceptions/unclassified,false,75-84,Female,0.0,0.0,142,12
2017,Professional,Urgent care,Exceptions/unclassified,false,75-84,Male,0.0,0.0,112,10
2017,Professional,Urgent care,Exceptions/unclassified,false,85+,Female,0.0,0.0,337,19
2017,Professional,Urgent care,Exceptions/unclassified,false,85+,Male,0.0,0.0,365,31
2017,Professional,Urgent care,Exceptions/unclassified,false,<65,Female,0.0,0.0,201,33
2017,Professional,Urgent care,Exceptions/unclassified,false,<65,Male,4679.49,4101.87,297,45
2017,Professional,Urgent care,Exceptions/unclassified,true,65-74,Female,0.0,0.0,76,10
2017,Professional,Urgent care,Exceptions/unclassified,true,65-74,Male,0.0,0.0,170,19
2017,Professional,Urgent care,Exceptions/unclassified,true,75-84,Female,0.0,0.0,40,5
2017,Professional,Urgent care,Exceptions/unclassified,true,75-84,Male,0.0,0.0,122,10
2017,Professional,Urgent care,Exceptions/unclassified,true,85+,Female,0.0,0.0,90,4
2017,Professional,Urgent care,Exceptions/unclassified,true,85+,Male,0.0,0.0,110,8
2017,Professional,Urgent care,Exceptions/unclassified,true,<65,Female,0.0,0.0,26,13
2017,Professional,Urgent care,Exceptions/unclassified,true,<65,Male,0.0,0.0,30,8
2017,Professional,Urgent care,Unclassified,false,65-74,Female,220327.83000000028,174192.27,1763,44
2017,Professional,Urgent care,Unclassified,false,65-74,Male,248774.05000000042,196032.94999999984,1895,53
2017,Professional,Urgent care,Unclassified,false,75-84,Female,98262.71999999988,78363.4299999999,780,13
2017,Professional,Urgent care,Unclassified,false,75-84,Male,70283.34999999992,56139.31000000007,587,14
2017,Professional,Urgent care,Unclassified,false,85+,Female,201427.45000000068,160956.6899999993,1712,19
2017,Professional,Urgent care,Unclassified,false,85+,Male,223638.4000000004,178725.01999999973,1738,31
2017,Professional,Urgent care,Unclassified,false,<65,Female,230486.32999999973,186489.17,1277,43
2017,Professional,Urgent care,Unclassified,false,<65,Male,296494.54000000056,240301.02999999985,2147,59
2017,Professional,Urgent care,Unclassified,true,65-74,Female,38437.049999999996,32402.56000000003,326,11
2017,Professional,Urgent care,Unclassified,true,65-74,Male,103353.93999999984,79097.43999999994,817,21
2017,Professional,Urgent care,Unclassified,true,75-84,Female,30190.12000000001,19288.380000000016,205,5
2017,Professional,Urgent care,Unclassified,true,75-84,Male,111072.79000000014,54455.710000000014,680,11
2017,Professional,Urgent care,Unclassified,true,85+,Female,44444.28999999998,14790.650000000016,461,4
2017,Professional,Urgent care,Unclassified,true,85+,Male,68496.96999999981,40494.50000000004,493,8
2017,Professional,Urgent care,Unclassified,true,<65,Female,39235.490000000034,32653.469999999972,280,16
2017,Professional,Urgent care,Unclassified,true,<65,Male,29181.560000000005,26935.520000000008,274,14
2017,Retail Pharmacy,Prescription drugs (Part D),n/a,false,65-74,Female,821241.400000006,596862.5099999979,5749,427
2017,Retail Pharmacy,Prescription drugs (Part D),n/a,false,65-74,Male,931480.980000005,677388.1399999995,6360,433
2017,Retail Pharmacy,Prescription drugs (Part D),n/a,false,75-84,Female,336855.8799999999,253285.21999999974,2356,138
2017,Retail Pharmacy,Prescription drugs (Part D),n/a,false,75-84,Male,603589.7100000024,408431.66999999934,3708,153
2017,Retail Pharmacy,Prescription drugs (Part D),n/a,false,85+,Female,711959.9500000044,548147.6799999996,3668,133
2017,Retail Pharmacy,Prescription drugs (Part D),n/a,false,85+,Male,988220.310000005,769045.9699999966,4016,137
2017,Retail Pharmacy,Prescription drugs (Part D),n/a,false,<65,Female,1163729.520000007,829870.9599999996,5631,657
2017,Retail Pharmacy,Prescription drugs (Part D),n/a,false,<65,Male,1298146.4400000097,887488.4399999963,7113,714
2017,Retail Pharmacy,Prescription drugs (Part D),n/a,true,65-74,Female,302863.52999999956,186232.57000000015,1866,129
2017,Retail Pharmacy,Prescription drugs (Part D),n/a,true,65-74,Male,298944.2699999998,221172.5799999997,2140,148
2017,Retail Pharmacy,Prescription drugs (Part D),n/a,true,75-84,Female,151392.72999999986,120996.36000000042,1092,63
2017,Retail Pharmacy,Prescription drugs (Part D),n/a,true,75-84,Male,314762.70999999985,208466.0000000001,1758,63
2017,Retail Pharmacy,Prescription drugs (Part D),n/a,true,85+,Female,256298.45000000045,111332.60999999993,1139,49
2017,Retail Pharmacy,Prescription drugs (Part D),n/a,true,85+,Male,381362.3700000001,153813.37,1268,41
2017,Retail Pharmacy,Prescription drugs (Part D),n/a,true,<65,Female,404945.79000000074,291182.62000000046,2022,230
2017,Retail Pharmacy,Prescription drugs (Part D),n/a,true,<65,Male,452101.6499999998,339731.88000000035,2472,232
2018,Inpatient Hospital,Acute care hospital,n/a,false,65-74,Female,1769978.5499999996,1487186.33,200,131
2018,Inpatient Hospital,Acute care hospital,n/a,false,65-74,Male,2275292.0100000007,1895317.7399999998,193,124
2018,Inpatient Hospital,Acute care hospital,n/a,false,75-84,Female,778250.17,648389.9900000002,121,54
2018,Inpatient Hospital,Acute care hospital,n/a,false,75-84,Male,606686.9599999996,505039.59000000014,178,56
2018,Inpatient Hospital,Acute care hospital,n/a,false,85+,Female,242572.71999999988,201939.82000000004,131,40
2018,Inpatient Hospital,Acute care hospital,n/a,false,85+,Male,450448.6899999998,377690.40999999986,225,48
2018,Inpatient Hospital,Acute care hospital,n/a,false,<65,Female,2557945.4899999998,2182901.000000002,323,254
2018,Inpatient Hospital,Acute care hospital,n/a,false,<65,Male,1786433.9700000007,1533420.7699999984,318,216
2018,Inpatient Hospital,Acute care hospital,n/a,true,65-74,Female,520549.23,491484.56999999995,84,53
2018,Inpatient Hospital,Acute care hospital,n/a,true,65-74,Male,553293.5599999998,486386.1499999998,90,52
2018,Inpatient Hospital,Acute care hospital,n/a,true,75-84,Female,797372.6100000001,672528.9899999996,44,23
2018,Inpatient Hospital,Acute care hospital,n/a,true,75-84,Male,313168.8600000001,279882.2200000001,119,45
2018,Inpatient Hospital,Acute care hospital,n/a,true,85+,Female,39339.15,33898.87,25,16
2018,Inpatient Hospital,Acute care hospital,n/a,true,85+,Male,54520.15,53527.990000000005,32,12
2018,Inpatient Hospital,Acute care hospital,n/a,true,<65,Female,1317915.1699999997,1280597.9400000004,128,92
2018,Inpatient Hospital,Acute care hospital,n/a,true,<65,Male,1168630.08,1071139.8599999996,132,95
2018,Long-Term Care,Hospice,n/a,false,65-74,Female,391785.18000000005,391785.18000000005,25,25
2018,Long-Term Care,Hospice,n/a,false,65-74,Male,368226.2199999999,368226.2199999999,27,27
2018,Long-Term Care,Hospice,n/a,false,75-84,Female,341957.77999999997,341957.77999999997,25,25
2018,Long-Term Care,Hospice,n/a,false,75-84,Male,421834.29000000004,421834.29000000004,32,32
2018,Long-Term Care,Hospice,n/a,false,85+,Female,101834.47999999998,101834.47999999998,7,7
2018,Long-Term Care,Hospice,n/a,false,85+,Male,26358.64,26358.64,3,3
2018,Long-Term Care,Hospice,n/a,true,65-74,Female,94602.38,94602.38,7,7
2018,Long-Term Care,Hospice,n/a,true,65-74,Male,75543.7,75543.7,6,6
2018,Long-Term Care,Hospice,n/a,true,75-84,Female,145381.13,145381.13,8,8
2018,Long-Term Care,Hospice,n/a,true,75-84,Male,215615.69999999995,215615.69999999995,16,16
2018,Long-Term Care,Hospice,n/a,true,85+,Female,17483.95,17483.95,2,2
2018,Long-Term Care,Hospice,n/a,true,85+,Male,11640.75,11640.75,1,1
2018,Long-Term Care,Skilled nursing facility,n/a,false,65-74,Female,491079.32,402859.37999999995,23,23
2018,Long-Term Care,Skilled nursing facility,n/a,false,65-74,Male,494202.14999999997,391838.59,36,36
2018,Long-Term Care,Skilled nursing facility,n/a,false,75-84,Female,308680.23000000004,246944.15000000002,14,14
2018,Long-Term Care,Skilled nursing facility,n/a,false,75-84,Male,353618.81,282708.51999999996,18,17
2018,Long-Term Care,Skilled nursing facility,n/a,false,85+,Female,103145.73000000001,82516.5,5,5
2018,Long-Term Care,Skilled nursing facility,n/a,false,85+,Male,110374.08,88299.20000000001,8,8
2018,Long-Term Care,Skilled nursing facility,n/a,false,<65,Female,211033.5,179011.16,11,11
2018,Long-Term Care,Skilled nursing facility,n/a,false,<65,Male,342164.06999999995,274888.96,17,17
2018,Long-Term Care,Skilled nursing facility,n/a,true,65-74,Female,250228.23,226281.41,9,9
2018,Long-Term Care,Skilled nursing facility,n/a,true,65-74,Male,158532.45,157089.02000000002,12,12
2018,Long-Term Care,Skilled nursing facility,n/a,true,75-84,Female,76469.26999999999,69652.23,4,4
2018,Long-Term Care,Skilled nursing facility,n/a,true,75-84,Male,62333.38999999999,54429.67999999999,8,7
2018,Long-Term Care,Skilled nursing facility,n/a,true,85+,Female,15933.900000000001,14679.61,4,4
2018,Long-Term Care,Skilled nursing facility,n/a,true,85+,Male,164716.3,151132.43,6,6
2018,Long-Term Care,Skilled nursing facility,n/a,true,<65,Female,46180.21000000001,41028.33,3,3
2018,Long-Term Care,Skilled nursing facility,n/a,true,<65,Male,70755.12,59817.7,8,8
2018,Other,Durable medical equipment,n/a,false,65-74,Female,2627.4999999999955,2066.7599999999957,750,359
2018,Other,Durable medical equipment,n/a,false,65-74,Male,3018.419999999998,2337.2299999999946,1493,365
2018,Other,Durable medical equipment,n/a,false,75-84,Female,1115.1300000000003,865.7599999999996,423,124
2018,Other,Durable medical equipment,n/a,false,75-84,Male,1466.7200000000012,1134.1899999999998,893,143
2018,Other,Durable medical equipment,n/a,false,85+,Female,705.2900000000004,520.1700000000002,340,83
2018,Other,Durable medical equipment,n/a,false,85+,Male,633.61,492.11000000000007,597,67
2018,Other,Durable medical equipment,n/a,false,<65,Female,4533.379999999997,3675.099999999996,1358,415
2018,Other,Durable medical equipment,n/a,false,<65,Male,7038.409999999967,5740.630000000014,3185,576
2018,Other,Durable medical equipment,n/a,true,65-74,Female,1033.2900000000009,835.0400000000004,379,128
2018,Other,Durable medical equipment,n/a,true,65-74,Male,1092.5900000000015,901.6400000000003,490,119
2018,Other,Durable medical equipment,n/a,true,75-84,Female,458.5,301.18,151,44
2018,Other,Durable medical equipment,n/a,true,75-84,Male,392.78,343.99999999999994,200,63
2018,Other,Durable medical equipment,n/a,true,85+,Female,243.1,206.86999999999998,150,25
2018,Other,Durable medical equipment,n/a,true,85+,Male,107.04,80.15000000000002,78,19
2018,Other,Durable medical equipment,n/a,true,<65,Female,1496.4600000000019,1241.3200000000002,555,155
2018,Other,Durable medical equipment,n/a,true,<65,Male,2179.09,1897.659999999999,1094,195
2018,Outpatient Hospital,Hospital outpatient,n/a,false,65-74,Female,6222138.139999993,6138234.409999995,3813,530
2018,Outpatient Hospital,Hospital outpatient,n/a,false,65-74,Male,5722431.3599999845,5657561.169999983,3515,523
2018,Outpatient Hospital,Hospital outpatient,n/a,false,75-84,Female,1655348.5199999996,1634532.7,1075,185
2018,Outpatient Hospital,Hospital outpatient,n/a,false,75-84,Male,2210459.6199999996,2185906.21,1670,210
2018,Outpatient Hospital,Hospital outpatient,n/a,false,85+,Female,1235459.4299999997,1218340.43,1142,148
2018,Outpatient Hospital,Hospital outpatient,n/a,false,85+,Male,1366975.5800000005,1348396.1800000004,1513,146
2018,Outpatient Hospital,Hospital outpatient,n/a,false,<65,Female,29351291.07999999,29089213.66999999,8969,893
2018,Outpatient Hospital,Hospital outpatient,n/a,false,<65,Male,9942318.160000008,9747824.160000011,7126,711
2018,Outpatient Hospital,Hospital outpatient,n/a,true,65-74,Female,7122018.649999993,7103334.169999993,1070,175
2018,Outpatient Hospital,Hospital outpatient,n/a,true,65-74,Male,2068134.110000001,2044665.910000001,1284,197
2018,Outpatient Hospital,Hospital outpatient,n/a,true,75-84,Female,1024835.5900000003,1014541.1500000001,781,82
2018,Outpatient Hospital,Hospital outpatient,n/a,true,75-84,Male,932632.4499999998,923111.9399999998,756,88
2018,Outpatient Hospital,Hospital outpatient,n/a,true,85+,Female,440759.04999999993,434356.35999999987,485,52
2018,Outpatient Hospital,Hospital outpatient,n/a,true,85+,Male,381497.32999999996,375333.87,435,51
2018,Outpatient Hospital,Hospital outpatient,n/a,true,<65,Female,14358537.839999996,14297894.579999996,3689,316
2018,Outpatient Hospital,Hospital outpatient,n/a,true,<65,Male,3464152.969999998,3416741.1999999983,2726,263
2018,Professional,Home health,n/a,false,65-74,Female,127061.92000000001,127061.92000000001,13,13
2018,Professional,Home health,n/a,false,65-74,Male,89941.98999999999,89941.98999999999,10,10
2018,Professional,Home health,n/a,false,75-84,Female,28884.27,28884.27,4,4
2018,Professional,Home health,n/a,false,75-84,Male,48976.12,48976.12,6,5
2018,Professional,Home health,n/a,false,85+,Male,11539.36,11539.36,1,1
2018,Professional,Home health,n/a,true,65-74,Female,78139.47,78139.47,9,9
2018,Professional,Home health,n/a,true,75-84,Female,8818.22,8818.22,1,1
2018,Professional,Home health,n/a,true,75-84,Male,2801.05,2801.05,1,1
2018,Professional,Home health,n/a,true,85+,Female,0.0,0.0,1,1
2018,Professional,Inpatient/outpatient hospital setting,E&M,false,65-74,Female,615.85,492.68,1,1
2018,Professional,Inpatient/outpatient hospital setting,E&M,false,65-74,Male,1216.35,973.0799999999999,2,2
2018,Professional,Inpatient/outpatient hospital setting,E&M,false,<65,Male,997.55,874.38,2,2
2018,Professional,Inpatient/outpatient hospital setting,E&M,true,75-84,Male,442.59,354.07,1,1
2018,Professional,Inpatient/outpatient hospital setting,Exceptions/unclassified,false,65-74,Female,481.7,385.36,1,1
2018,Professional,Inpatient/outpatient hospital setting,Exceptions/unclassified,false,65-74,Male,2611.25,2089.0,5,5
2018,Professional,Inpatient/outpatient hospital setting,Exceptions/unclassified,false,75-84,Male,1045.19,836.15,2,2
2018,Professional,Inpatient/outpatient hospital setting,Exceptions/unclassified,false,<65,Female,436.75,349.4,1,1
2018,Professional,Inpatient/outpatient hospital setting,Exceptions/unclassified,false,<65,Male,615.85,492.68,1,1
2018,Professional,Inpatient/outpatient hospital setting,Exceptions/unclassified,true,65-74,Male,481.7,385.36,1,1
2018,Professional,Inpatient/outpatient hospital setting,Exceptions/unclassified,true,75-84,Male,442.59,354.07,1,1
2018,Professional,Inpatient/outpatient hospital setting,Imaging,false,65-74,Female,600.5,480.4,1,1
2018,Professional,Inpatient/outpatient hospital setting,Imaging,false,65-74,Male,1093.3400000000001,874.6700000000001,2,2
2018,Professional,Inpatient/outpatient hospital setting,Imaging,false,75-84,Female,2406.19,1804.9899999999998,4,4
2018,Professional,Inpatient/outpatient hospital setting,Imaging,false,75-84,Male,1129.95,772.1700000000001,2,2
2018,Professional,Inpatient/outpatient hospital setting,Imaging,false,<65,Female,2758.19,2206.5499999999997,5,4
2018,Professional,Inpatient/outpatient hospital setting,Imaging,false,<65,Male,2633.99,2203.5299999999997,5,5
2018,Professional,Inpatient/outpatient hospital setting,Unclassified,false,65-74,Female,446660.7199999999,357141.95999999973,364,18
2018,Professional,Inpatient/outpatient hospital setting,Unclassified,false,65-74,Male,542240.7400000002,433419.8499999998,354,17
2018,Professional,Inpatient/outpatient hospital setting,Unclassified,false,75-84,Female,80823.10000000002,64405.67,53,8
2018,Professional,Inpatient/outpatient hospital setting,Unclassified,false,75-84,Male,70943.99999999999,56700.60000000001,82,4
2018,Professional,Inpatient/outpatient hospital setting,Unclassified,false,<65,Female,246953.31000000003,197266.90999999986,145,12
2018,Professional,Inpatient/outpatient hospital setting,Unclassified,false,<65,Male,425041.14000000025,342987.1299999999,242,18
2018,Professional,Inpatient/outpatient hospital setting,Unclassified,true,65-74,Female,73583.18,45706.95,30,3
2018,Professional,Inpatient/outpatient hospital setting,Unclassified,true,65-74,Male,36195.529999999984,35663.62000000001,18,2
2018,Professional,Inpatient/outpatient hospital setting,Unclassified,true,75-84,Female,41758.340000000004,33406.659999999996,10,1
2018,Professional,Inpatient/outpatient hospital setting,Unclassified,true,75-84,Male,48182.55,44469.6,48,2
2018,Professional,Inpatient/outpatient hospital setting,Unclassified,true,85+,Male,3785.1400000000003,3028.09,10,1
2018,Professional,Inpatient/outpatient hospital setting,Unclassified,true,<65,Female,4579.850000000001,0.0,16,1
2018,Professional,Inpatient/outpatient hospital setting,Unclassified,true,<65,Male,4308.78,4168.78,16,2
2018,Professional,Nursing facility / hospice setting,E&M,false,65-74,Female,2317.85,1854.28,1,1
2018,Professional,Nursing facility / hospice setting,E&M,false,65-74,Male,620.44,496.35,1,1
2018,Professional,Nursing facility / hospice setting,E&M,false,75-84,Male,620.44,496.35,1,1
2018,Professional,Nursing facility / hospice setting,E&M,false,<65,Female,1240.88,992.7,2,2
2018,Professional,Nursing facility / hospice setting,E&M,false,<65,Male,3295.87,2636.69,6,6
2018,Professional,Nursing facility / hospice setting,E&M,true,<65,Male,507.0,405.6,1,1
2018,Professional,Nursing facility / hospice setting,Exceptions/unclassified,false,65-74,Female,0.0,0.0,7,3
2018,Professional,Nursing facility / hospice setting,Exceptions/unclassified,false,65-74,Male,0.0,0.0,12,5
2018,Professional,Nursing facility / hospice setting,Exceptions/unclassified,false,75-84,Female,0.0,0.0,3,1
2018,Professional,Nursing facility / hospice setting,Exceptions/unclassified,false,75-84,Male,2478.33,1982.66,16,5
2018,Professional,Nursing facility / hospice setting,Exceptions/unclassified,false,85+,Female,0.0,0.0,2,1
2018,Professional,Nursing facility / hospice setting,Exceptions/unclassified,false,85+,Male,0.0,0.0,5,3
2018,Professional,Nursing facility / hospice setting,Exceptions/unclassified,false,<65,Female,0.0,0.0,22,9
2018,Professional,Nursing facility / hospice setting,Exceptions/unclassified,false,<65,Male,507.0,405.6,19,9
2018,Professional,Nursing facility / hospice setting,Exceptions/unclassified,true,<65,Male,0.0,0.0,3,1
2018,Professional,Nursing facility / hospice setting,Unclassified,false,65-74,Female,15532.25,12425.780000000002,37,3
2018,Professional,Nursing facility / hospice setting,Unclassified,false,65-74,Male,6989.530000000002,5039.049999999999,66,5
2018,Professional,Nursing facility / hospice setting,Unclassified,false,75-84,Female,756.3399999999999,420.17999999999995,14,1
2018,Professional,Nursing facility / hospice setting,Unclassified,false,75-84,Male,22158.009999999984,17357.320000000007,75,5
2018,Professional,Nursing facility / hospice setting,Unclassified,false,85+,Female,1039.8600000000001,831.8899999999999,12,1
2018,Professional,Nursing facility / hospice setting,Unclassified,false,85+,Male,5023.92,4019.12,39,3
2018,Professional,Nursing facility / hospice setting,Unclassified,false,<65,Female,26977.400000000012,20838.66,115,11
2018,Professional,Nursing facility / hospice setting,Unclassified,false,<65,Male,32882.34,25627.54,155,13
2018,Professional,Nursing facility / hospice setting,Unclassified,true,85+,Female,1513.4099999999999,1513.4099999999999,4,1
2018,Professional,Nursing facility / hospice setting,Unclassified,true,<65,Male,1453.15,976.12,16,1
2018,Professional,Office (incl. telehealth),E&M,false,65-74,Female,32580.570000000003,25776.260000000006,47,41
2018,Professional,Office (incl. telehealth),E&M,false,65-74,Male,67965.85999999999,54230.36,109,87
2018,Professional,Office (incl. telehealth),E&M,false,75-84,Female,15895.16,12716.119999999999,15,12
2018,Professional,Office (incl. telehealth),E&M,false,75-84,Male,44938.21000000001,35937.530000000006,75,41
2018,Professional,Office (incl. telehealth),E&M,false,85+,Female,14648.79,11611.130000000001,26,14
2018,Professional,Office (incl. telehealth),E&M,false,85+,Male,18779.720000000005,15023.759999999997,38,17
2018,Professional,Office (incl. telehealth),E&M,false,<65,Female,122408.50000000003,98331.82999999999,169,140
2018,Professional,Office (incl. telehealth),E&M,false,<65,Male,207539.9200000001,166173.60000000006,348,304
2018,Professional,Office (incl. telehealth),E&M,true,65-74,Female,11829.500000000002,9172.619999999999,17,12
2018,Professional,Office (incl. telehealth),E&M,true,65-74,Male,26985.55,23312.72,47,30
2018,Professional,Office (incl. telehealth),E&M,true,75-84,Female,10047.73,7383.67,13,6
2018,Professional,Office (incl. telehealth),E&M,true,75-84,Male,15375.320000000003,14156.37,21,14
2018,Professional,Office (incl. telehealth),E&M,true,85+,Female,3519.7699999999995,2582.85,8,5
2018,Professional,Office (incl. telehealth),E&M,true,85+,Male,6102.65,4595.33,7,7
2018,Professional,Office (incl. telehealth),E&M,true,<65,Female,40875.46,31403.4,52,47
2018,Professional,Office (incl. telehealth),E&M,true,<65,Male,66447.99000000002,54652.76000000002,114,99
2018,Professional,Office (incl. telehealth),Exceptions/unclassified,false,65-74,Female,7576.21,6060.96,2261,676
2018,Professional,Office (incl. telehealth),Exceptions/unclassified,false,65-74,Male,37734.84,29319.859999999997,2358,668
2018,Professional,Office (incl. telehealth),Exceptions/unclassified,false,75-84,Female,11111.71,8889.37,893,238
2018,Professional,Office (incl. telehealth),Exceptions/unclassified,false,75-84,Male,5931.9400000000005,4745.549999999999,1272,259
2018,Professional,Office (incl. telehealth),Exceptions/unclassified,false,85+,Female,6157.24,4925.799999999999,920,186
2018,Professional,Office (incl. telehealth),Exceptions/unclassified,false,85+,Male,359.77,287.82,1039,175
2018,Professional,Office (incl. telehealth),Exceptions/unclassified,false,<65,Female,54426.93000000001,43324.06,2025,759
2018,Professional,Office (incl. telehealth),Exceptions/unclassified,false,<65,Male,74461.09,60493.31,2299,872
2018,Professional,Office (incl. telehealth),Exceptions/unclassified,true,65-74,Female,4181.83,3345.46,701,207
2018,Professional,Office (incl. telehealth),Exceptions/unclassified,true,65-74,Male,5884.860000000001,5051.36,746,214
2018,Professional,Office (incl. telehealth),Exceptions/unclassified,true,75-84,Female,4235.39,3792.63,423,93
2018,Professional,Office (incl. telehealth),Exceptions/unclassified,true,75-84,Male,1693.89,1693.89,420,103
2018,Professional,Office (incl. telehealth),Exceptions/unclassified,true,85+,Female,5053.1900000000005,4042.5600000000004,267,62
2018,Professional,Office (incl. telehealth),Exceptions/unclassified,true,85+,Male,2672.52,2672.52,168,48
2018,Professional,Office (incl. telehealth),Exceptions/unclassified,true,<65,Female,8998.9,8814.91,609,255
2018,Professional,Office (incl. telehealth),Exceptions/unclassified,true,<65,Male,36885.520000000004,28601.32,695,281
2018,Professional,Office (incl. telehealth),Unclassified,false,65-74,Female,1372677.239999996,1046771.7699999996,10679,712
2018,Professional,Office (incl. telehealth),Unclassified,false,65-74,Male,1458613.1500000036,1109108.299999998,11352,700
2018,Professional,Office (incl. telehealth),Unclassified,false,75-84,Female,616241.2300000002,475541.9699999991,4182,248
2018,Professional,Office (incl. telehealth),Unclassified,false,75-84,Male,732366.7800000013,569112.4100000001,6326,278
2018,Professional,Office (incl. telehealth),Unclassified,false,85+,Female,542700.8499999992,424311.0500000012,4469,197
2018,Professional,Office (incl. telehealth),Unclassified,false,85+,Male,552584.6300000008,398628.7900000011,5033,185
2018,Professional,Office (incl. telehealth),Unclassified,false,<65,Female,2638897.720000003,2092557.539999998,12967,1028
2018,Professional,Office (incl. telehealth),Unclassified,false,<65,Male,2506078.990000005,1955957.8000000026,15473,1132
2018,Professional,Office (incl. telehealth),Unclassified,true,65-74,Female,442992.83000000025,357759.7299999999,3354,216
2018,Professional,Office (incl. telehealth),Unclassified,true,65-74,Male,448727.6600000005,380256.4299999998,3622,221
2018,Professional,Office (incl. telehealth),Unclassified,true,75-84,Female,257130.06999999972,208663.18999999977,1933,94
2018,Professional,Office (incl. telehealth),Unclassified,true,75-84,Male,250872.05000000002,215096.09999999983,2092,109
2018,Professional,Office (incl. telehealth),Unclassified,true,85+,Female,159412.96999999997,115060.49999999988,1255,65
2018,Professional,Office (incl. telehealth),Unclassified,true,85+,Male,86923.60999999996,71231.15000000004,739,56
2018,Professional,Office (incl. telehealth),Unclassified,true,<65,Female,716133.4300000016,568179.5800000002,3990,334
2018,Professional,Office (incl. telehealth),Unclassified,true,<65,Male,903779.3500000004,742645.3699999992,4690,355
2018,Professional,Services at home,E&M,false,65-74,Male,615.85,492.68,1,1
2018,Professional,Services at home,E&M,false,85+,Female,431.4,345.12,1,1
2018,Professional,Services at home,E&M,false,<65,Female,468.2,374.56,1,1
2018,Professional,Services at home,E&M,false,<65,Male,1450.5,1160.4,3,3
2018,Professional,Services at home,Exceptions/unclassified,false,65-74,Female,0.0,0.0,7,2
2018,Professional,Services at home,Exceptions/unclassified,false,65-74,Male,0.0,0.0,6,2
2018,Professional,Services at home,Exceptions/unclassified,false,75-84,Female,0.0,0.0,5,2
2018,Professional,Services at home,Exceptions/unclassified,false,75-84,Male,0.0,0.0,3,1
2018,Professional,Services at home,Exceptions/unclassified,false,85+,Female,0.0,0.0,10,3
2018,Professional,Services at home,Exceptions/unclassified,false,85+,Male,0.0,0.0,2,1
2018,Professional,Services at home,Exceptions/unclassified,false,<65,Female,472.9,378.32,12,7
2018,Professional,Services at home,Exceptions/unclassified,false,<65,Male,0.0,0.0,16,7
2018,Professional,Services at home,Exceptions/unclassified,true,65-74,Male,0.0,0.0,3,1
2018,Professional,Services at home,Unclassified,false,65-74,Female,1516.21,1028.22,25,2
2018,Professional,Services at home,Unclassified,false,65-74,Male,1916.5499999999997,1300.9299999999998,32,2
2018,Professional,Services at home,Unclassified,false,75-84,Female,1602.48,1153.3200000000002,26,2
2018,Professional,Services at home,Unclassified,false,75-84,Male,1691.67,1168.42,11,1
2018,Professional,Services at home,Unclassified,false,85+,Female,15874.02,12699.210000000001,46,3
2018,Professional,Services at home,Unclassified,false,85+,Male,1400.5700000000002,1120.4500000000003,8,1
2018,Professional,Services at home,Unclassified,false,<65,Female,8744.73,6808.56,92,9
2018,Professional,Services at home,Unclassified,false,<65,Male,10460.86,7997.26,101,9
2018,Professional,Services at home,Unclassified,true,65-74,Male,808.07,808.07,9,1
2018,Professional,Services at home,Unclassified,true,<65,Female,658.8,658.8,7,1
2018,Professional,Services at home,Unclassified,true,<65,Male,2077.7799999999997,2077.7799999999997,21,2
2018,Professional,Urgent care,E&M,false,65-74,Female,1850.43,1480.34,1,1
2018,Professional,Urgent care,E&M,false,65-74,Male,15674.700000000003,12539.760000000002,27,6
2018,Professional,Urgent care,E&M,false,75-84,Female,9114.95,7291.96,15,2
2018,Professional,Urgent care,E&M,false,75-84,Male,6151.9000000000015,4921.5199999999995,10,4
2018,Professional,Urgent care,E&M,false,85+,Female,6587.61,5270.08,4,2
2018,Professional,Urgent care,E&M,false,85+,Male,3024.9,2419.92,5,3
2018,Professional,Urgent care,E&M,false,<65,Female,3038.7999999999997,2431.04,5,5
2018,Professional,Urgent care,E&M,false,<65,Male,33135.73,26508.570000000003,59,20
2018,Professional,Urgent care,E&M,true,65-74,Male,3318.7,2654.96,7,3
2018,Professional,Urgent care,E&M,true,75-84,Female,885.18,708.14,2,1
2018,Professional,Urgent care,E&M,true,85+,Female,3079.25,2463.4,5,1
2018,Professional,Urgent care,E&M,true,85+,Male,609.25,609.25,1,1
2018,Professional,Urgent care,E&M,true,<65,Female,1379.45,1292.6399999999999,3,2
2018,Professional,Urgent care,E&M,true,<65,Male,6249.1,5960.08,11,5
2018,Professional,Urgent care,Exceptions/unclassified,false,65-74,Female,0.0,0.0,333,41
2018,Professional,Urgent care,Exceptions/unclassified,false,65-74,Male,0.0,0.0,356,42
2018,Professional,Urgent care,Exceptions/unclassified,false,75-84,Female,0.0,0.0,266,21
2018,Professional,Urgent care,Exceptions/unclassified,false,75-84,Male,0.0,0.0,271,23
2018,Professional,Urgent care,Exceptions/unclassified,false,85+,Female,15193.23,8007.98,317,20
2018,Professional,Urgent care,Exceptions/unclassified,false,85+,Male,0.0,0.0,332,28
2018,Professional,Urgent care,Exceptions/unclassified,false,<65,Female,0.0,0.0,210,34
2018,Professional,Urgent care,Exceptions/unclassified,false,<65,Male,0.0,0.0,282,48
2018,Professional,Urgent care,Exceptions/unclassified,true,65-74,Female,0.0,0.0,70,10
2018,Professional,Urgent care,Exceptions/unclassified,true,65-74,Male,0.0,0.0,209,25
2018,Professional,Urgent care,Exceptions/unclassified,true,75-84,Female,0.0,0.0,113,7
2018,Professional,Urgent care,Exceptions/unclassified,true,75-84,Male,0.0,0.0,175,13
2018,Professional,Urgent care,Exceptions/unclassified,true,85+,Female,0.0,0.0,87,9
2018,Professional,Urgent care,Exceptions/unclassified,true,85+,Male,0.0,0.0,111,11
2018,Professional,Urgent care,Exceptions/unclassified,true,<65,Female,2551.41,0.0,36,12
2018,Professional,Urgent care,Exceptions/unclassified,true,<65,Male,2692.46,0.0,57,12
2018,Professional,Urgent care,Unclassified,false,65-74,Female,216415.4599999998,172319.64999999994,1613,49
2018,Professional,Urgent care,Unclassified,false,65-74,Male,262086.7199999999,209119.5899999993,1953,47
2018,Professional,Urgent care,Unclassified,false,75-84,Female,182176.09000000037,145370.3699999996,1513,23
2018,Professional,Urgent care,Unclassified,false,75-84,Male,149189.91000000015,118911.81000000004,1368,25
2018,Professional,Urgent care,Unclassified,false,85+,Female,292196.48000000085,210403.15999999907,1615,21
2018,Professional,Urgent care,Unclassified,false,85+,Male,232465.16000000032,185602.19999999958,1779,29
2018,Professional,Urgent care,Unclassified,false,<65,Female,173413.7899999998,140308.80999999985,1184,43
2018,Professional,Urgent care,Unclassified,false,<65,Male,274989.1400000005,215686.28999999963,2147,68
2018,Professional,Urgent care,Unclassified,true,65-74,Female,39887.44999999999,33696.50000000003,305,14
2018,Professional,Urgent care,Unclassified,true,65-74,Male,124538.96999999994,98258.61999999991,1055,26
2018,Professional,Urgent care,Unclassified,true,75-84,Female,58729.32000000001,39202.920000000035,522,7
2018,Professional,Urgent care,Unclassified,true,75-84,Male,121204.8600000004,71513.33999999988,862,15
2018,Professional,Urgent care,Unclassified,true,85+,Female,52895.93999999997,16456.630000000016,467,9
2018,Professional,Urgent care,Unclassified,true,85+,Male,88402.03999999978,57945.33999999997,619,11
2018,Professional,Urgent care,Unclassified,true,<65,Female,43807.20000000001,20463.559999999994,253,15
2018,Professional,Urgent care,Unclassified,true,<65,Male,65310.45000000004,40390.19,405,18
2018,Retail Pharmacy,Prescription drugs (Part D),n/a,false,65-74,Female,835866.0800000012,609263.3999999996,6116,449
2018,Retail Pharmacy,Prescription drugs (Part D),n/a,false,65-74,Male,956021.3800000085,688960.0899999997,6353,463
2018,Retail Pharmacy,Prescription drugs (Part D),n/a,false,75-84,Female,618333.1500000053,472272.83999999875,3546,161
2018,Retail Pharmacy,Prescription drugs (Part D),n/a,false,75-84,Male,661283.7400000019,498170.69999999955,4340,189
2018,Retail Pharmacy,Prescription drugs (Part D),n/a,false,85+,Female,689556.170000007,528451.199999999,3704,142
2018,Retail Pharmacy,Prescription drugs (Part D),n/a,false,85+,Male,1420897.6200000069,932919.019999997,5277,154
2018,Retail Pharmacy,Prescription drugs (Part D),n/a,false,<65,Female,1238424.9300000065,886813.9599999998,5727,671
2018,Retail Pharmacy,Prescription drugs (Part D),n/a,false,<65,Male,1281457.950000012,858941.789999998,7281,731
2018,Retail Pharmacy,Prescription drugs (Part D),n/a,true,65-74,Female,353776.6999999995,228843.60999999987,2217,153
2018,Retail Pharmacy,Prescription drugs (Part D),n/a,true,65-74,Male,402815.4399999997,313452.2700000002,2720,162
2018,Retail Pharmacy,Prescription drugs (Part D),n/a,true,75-84,Female,244711.9099999998,183190.87000000017,1635,66
2018,Retail Pharmacy,Prescription drugs (Part D),n/a,true,75-84,Male,418955.01,279270.9400000004,2280,86
2018,Retail Pharmacy,Prescription drugs (Part D),n/a,true,85+,Female,250642.23000000027,104299.53999999998,1189,55
2018,Retail Pharmacy,Prescription drugs (Part D),n/a,true,85+,Male,269556.77000000014,166272.53000000012,1135,45
2018,Retail Pharmacy,Prescription drugs (Part D),n/a,true,<65,Female,372552.9400000001,259537.5,1917,235
2018,Retail Pharmacy,Prescription drugs (Part D),n/a,true,<65,Male,443730.55999999976,314226.8900000002,2421,236
2019,Inpatient Hospital,Acute care hospital,n/a,false,65-74,Female,1860344.3200000008,1555335.3100000003,193,128
2019,Inpatient Hospital,Acute care hospital,n/a,false,65-74,Male,1420300.3599999992,1182039.0599999991,217,134
2019,Inpatient Hospital,Acute care hospital,n/a,false,75-84,Female,449346.3099999999,374593.48000000016,84,42
2019,Inpatient Hospital,Acute care hospital,n/a,false,75-84,Male,1185833.19,987715.2100000003,243,79
2019,Inpatient Hospital,Acute care hospital,n/a,false,85+,Female,298982.35,248721.47999999998,105,49
2019,Inpatient Hospital,Acute care hospital,n/a,false,85+,Male,889415.52,749785.1099999988,230,49
2019,Inpatient Hospital,Acute care hospital,n/a,false,<65,Female,2972354.2999999993,2530003.509999999,315,238
2019,Inpatient Hospital,Acute care hospital,n/a,false,<65,Male,2617314.629999996,2225438.4199999995,271,188
2019,Inpatient Hospital,Acute care hospital,n/a,true,65-74,Female,512279.46000000014,470822.10999999987,97,60
2019,Inpatient Hospital,Acute care hospital,n/a,true,65-74,Male,474839.64,439221.3300000001,103,65
2019,Inpatient Hospital,Acute care hospital,n/a,true,75-84,Female,268651.51,257494.03999999992,72,36
2019,Inpatient Hospital,Acute care hospital,n/a,true,75-84,Male,368874.44999999995,333149.9700000001,90,39
2019,Inpatient Hospital,Acute care hospital,n/a,true,85+,Female,79145.76999999999,73725.98,41,17
2019,Inpatient Hospital,Acute care hospital,n/a,true,85+,Male,66927.74000000002,62899.960000000036,73,16
2019,Inpatient Hospital,Acute care hospital,n/a,true,<65,Female,922861.8899999998,870829.2999999998,146,96
2019,Inpatient Hospital,Acute care hospital,n/a,true,<65,Male,949560.9700000001,902420.43,132,102
2019,Long-Term Care,Hospice,n/a,false,65-74,Female,278223.67,278223.67,27,27
2019,Long-Term Care,Hospice,n/a,false,65-74,Male,339235.29000000004,339235.29000000004,22,22
2019,Long-Term Care,Hospice,n/a,false,75-84,Female,242339.87000000002,242339.87000000002,22,22
2019,Long-Term Care,Hospice,n/a,false,75-84,Male,568384.96,568384.96,32,32
2019,Long-Term Care,Hospice,n/a,false,85+,Female,81454.66,81454.66,3,3
2019,Long-Term Care,Hospice,n/a,false,85+,Male,3796.16,3796.16,1,1
2019,Long-Term Care,Hospice,n/a,true,65-74,Female,144289.05000000002,144289.05000000002,10,10
2019,Long-Term Care,Hospice,n/a,true,65-74,Male,68546.58,68546.58,5,5
2019,Long-Term Care,Hospice,n/a,true,75-84,Female,33085.83,33085.83,3,3
2019,Long-Term Care,Hospice,n/a,true,75-84,Male,136247.96,136247.96,10,10
2019,Long-Term Care,Hospice,n/a,true,85+,Female,6535.16,6535.16,1,1
2019,Long-Term Care,Hospice,n/a,true,85+,Male,17373.0,17373.0,1,1
2019,Long-Term Care,Skilled nursing facility,n/a,false,65-74,Female,867829.3599999996,714719.4500000003,36,36
2019,Long-Term Care,Skilled nursing facility,n/a,false,65-74,Male,653548.82,519600.58000000013,36,36
2019,Long-Term Care,Skilled nursing facility,n/a,false,75-84,Female,207630.49,165917.89,15,15
2019,Long-Term Care,Skilled nursing facility,n/a,false,75-84,Male,269597.3,215491.24000000005,16,16
2019,Long-Term Care,Skilled nursing facility,n/a,false,85+,Female,257418.03,205934.23,13,13
2019,Long-Term Care,Skilled nursing facility,n/a,false,85+,Male,82129.53,65703.49,5,5
2019,Long-Term Care,Skilled nursing facility,n/a,false,<65,Female,218373.02000000002,176429.47999999998,12,12
2019,Long-Term Care,Skilled nursing facility,n/a,false,<65,Male,338284.82999999996,277770.51,16,16
2019,Long-Term Care,Skilled nursing facility,n/a,true,65-74,Female,120673.23,112231.25,10,10
2019,Long-Term Care,Skilled nursing facility,n/a,true,65-74,Male,153586.88,146019.05000000002,11,11
2019,Long-Term Care,Skilled nursing facility,n/a,true,75-84,Female,143470.06000000003,126399.69,9,9
2019,Long-Term Care,Skilled nursing facility,n/a,true,75-84,Male,149613.39,130094.1,7,7
2019,Long-Term Care,Skilled nursing facility,n/a,true,85+,Female,14877.48,11715.59,2,2
2019,Long-Term Care,Skilled nursing facility,n/a,true,85+,Male,5774.11,5774.11,1,1
2019,Long-Term Care,Skilled nursing facility,n/a,true,<65,Female,111407.72999999998,96873.72,4,4
2019,Long-Term Care,Skilled nursing facility,n/a,true,<65,Male,107306.93000000002,106631.47,8,8
2019,Other,Durable medical equipment,n/a,false,65-74,Female,2910.2599999999993,2262.1899999999964,805,384
2019,Other,Durable medical equipment,n/a,false,65-74,Male,3441.2200000000003,2677.589999999994,1628,385
2019,Other,Durable medical equipment,n/a,false,75-84,Female,1155.980000000001,883.9899999999991,441,142
2019,Other,Durable medical equipment,n/a,false,75-84,Male,1245.1100000000015,976.7599999999995,937,167
2019,Other,Durable medical equipment,n/a,false,85+,Female,682.48,503.0100000000001,280,88
2019,Other,Durable medical equipment,n/a,false,85+,Male,707.0400000000003,552.66,546,62
2019,Other,Durable medical equipment,n/a,false,<65,Female,4575.8299999999945,3685.389999999994,1418,417
2019,Other,Durable medical equipment,n/a,false,<65,Male,6752.579999999976,5536.850000000011,3146,580
2019,Other,Durable medical equipment,n/a,true,65-74,Female,1195.3700000000013,919.9900000000006,384,132
2019,Other,Durable medical equipment,n/a,true,65-74,Male,974.9400000000009,824.6800000000004,480,119
2019,Other,Durable medical equipment,n/a,true,75-84,Female,477.5299999999999,408.69000000000005,206,55
2019,Other,Durable medical equipment,n/a,true,75-84,Male,503.8399999999999,427.27,215,65
2019,Other,Durable medical equipment,n/a,true,85+,Female,330.93999999999994,261.51,132,27
2019,Other,Durable medical equipment,n/a,true,85+,Male,289.62,230.8,97,19
2019,Other,Durable medical equipment,n/a,true,<65,Female,2004.9,1677.6299999999983,626,173
2019,Other,Durable medical equipment,n/a,true,<65,Male,2204.31,1964.1599999999994,1114,189
2019,Outpatient Hospital,Hospital outpatient,n/a,false,65-74,Female,6818599.809999996,6734093.019999996,4418,565
2019,Outpatient Hospital,Hospital outpatient,n/a,false,65-74,Male,5732642.89999999,5665448.819999991,3762,550
2019,Outpatient Hospital,Hospital outpatient,n/a,false,75-84,Female,2141681.81,2117203.88,1121,227
2019,Outpatient Hospital,Hospital outpatient,n/a,false,75-84,Male,2851971.629999997,2816563.129999998,2410,246
2019,Outpatient Hospital,Hospital outpatient,n/a,false,85+,Female,1268058.4,1250439.5999999996,1301,153
2019,Outpatient Hospital,Hospital outpatient,n/a,false,85+,Male,1608220.14,1586115.6599999997,1715,156
2019,Outpatient Hospital,Hospital outpatient,n/a,false,<65,Female,25452355.489999976,25166560.609999966,10093,936
2019,Outpatient Hospital,Hospital outpatient,n/a,false,<65,Male,11482028.929999992,11258417.359999975,8003,733
2019,Outpatient Hospital,Hospital outpatient,n/a,true,65-74,Female,1702678.9299999992,1683283.059999999,1063,194
2019,Outpatient Hospital,Hospital outpatient,n/a,true,65-74,Male,2234087.250000001,2209848.180000001,1627,194
2019,Outpatient Hospital,Hospital outpatient,n/a,true,75-84,Female,882982.67,872861.11,705,95
2019,Outpatient Hospital,Hospital outpatient,n/a,true,75-84,Male,981370.5099999999,969212.6300000001,863,109
2019,Outpatient Hospital,Hospital outpatient,n/a,true,85+,Female,552007.7300000001,544503.1900000002,590,50
2019,Outpatient Hospital,Hospital outpatient,n/a,true,85+,Male,466707.77999999985,460276.8699999999,478,49
2019,Outpatient Hospital,Hospital outpatient,n/a,true,<65,Female,10725863.089999996,10657374.629999999,4276,328
2019,Outpatient Hospital,Hospital outpatient,n/a,true,<65,Male,4249263.379999998,4196511.439999998,3043,274
2019,Professional,Home health,n/a,false,65-74,Female,73228.58,73228.58,10,10
2019,Professional,Home health,n/a,false,65-74,Male,128042.79000000001,128042.79000000001,16,16
2019,Professional,Home health,n/a,false,75-84,Female,26024.15,26024.15,3,3
2019,Professional,Home health,n/a,false,75-84,Male,25132.38,25132.38,4,4
2019,Professional,Home health,n/a,false,<65,Female,15465.29,15465.29,1,1
2019,Professional,Home health,n/a,true,65-74,Female,19270.14,19270.14,2,2
2019,Professional,Home health,n/a,true,65-74,Male,49189.7,49189.7,6,6
2019,Professional,Home health,n/a,true,75-84,Male,21635.86,21635.86,3,3
2019,Professional,Inpatient/outpatient hospital setting,E&M,false,65-74,Female,1663.53,1330.8200000000002,3,3
2019,Professional,Inpatient/outpatient hospital setting,E&M,false,65-74,Male,370.2,296.16,1,1
2019,Professional,Inpatient/outpatient hospital setting,E&M,false,75-84,Male,600.5,480.4,1,1
2019,Professional,Inpatient/outpatient hospital setting,E&M,false,<65,Male,1836.79,1469.4299999999998,3,3
2019,Professional,Inpatient/outpatient hospital setting,E&M,true,<65,Female,472.9,378.32,1,1
2019,Professional,Inpatient/outpatient hospital setting,Exceptions/unclassified,false,65-74,Female,1596.3,1277.04,3,3
2019,Professional,Inpatient/outpatient hospital setting,Exceptions/unclassified,false,65-74,Male,1294.49,1035.5900000000001,3,3
2019,Professional,Inpatient/outpatient hospital setting,Exceptions/unclassified,false,75-84,Female,1185.25,948.2,2,2
2019,Professional,Inpatient/outpatient hospital setting,Exceptions/unclassified,false,75-84,Male,1206.6,965.28,2,2
2019,Professional,Inpatient/outpatient hospital setting,Exceptions/unclassified,false,<65,Male,2986.6800000000003,2389.34,5,3
2019,Professional,Inpatient/outpatient hospital setting,Exceptions/unclassified,true,75-84,Female,507.0,507.0,1,1
2019,Professional,Inpatient/outpatient hospital setting,Imaging,false,65-74,Female,606.1,484.88,1,1
2019,Professional,Inpatient/outpatient hospital setting,Imaging,false,65-74,Male,1216.35,852.3,2,2
2019,Professional,Inpatient/outpatient hospital setting,Imaging,false,75-84,Female,2688.7,2030.1799999999998,5,5
2019,Professional,Inpatient/outpatient hospital setting,Imaging,false,75-84,Male,485.85,388.68,1,1
2019,Professional,Inpatient/outpatient hospital setting,Imaging,false,85+,Female,514.1,279.49,1,1
2019,Professional,Inpatient/outpatient hospital setting,Imaging,false,85+,Male,1201.0,960.8,2,2
2019,Professional,Inpatient/outpatient hospital setting,Imaging,false,<65,Female,2791.9,2233.52,5,5
2019,Professional,Inpatient/outpatient hospital setting,Imaging,false,<65,Male,2224.99,1394.63,4,4
2019,Professional,Inpatient/outpatient hospital setting,Imaging,true,65-74,Male,740.4,592.32,2,1
2019,Professional,Inpatient/outpatient hospital setting,Imaging,true,<65,Male,620.44,620.44,1,1
2019,Professional,Inpatient/outpatient hospital setting,Unclassified,false,65-74,Female,450051.5199999998,366173.97,290,16
2019,Professional,Inpatient/outpatient hospital setting,Unclassified,false,65-74,Male,407158.12,325288.09999999986,176,14
2019,Professional,Inpatient/outpatient hospital setting,Unclassified,false,75-84,Female,156006.87999999995,124553.4600000001,126,10
2019,Professional,Inpatient/outpatient hospital setting,Unclassified,false,75-84,Male,115687.79999999997,92550.27000000002,117,7
2019,Professional,Inpatient/outpatient hospital setting,Unclassified,false,85+,Female,68.26,0.0,2,1
2019,Professional,Inpatient/outpatient hospital setting,Unclassified,false,85+,Male,24210.21,19368.170000000006,29,2
2019,Professional,Inpatient/outpatient hospital setting,Unclassified,false,<65,Female,72247.72,57553.93,45,8
2019,Professional,Inpatient/outpatient hospital setting,Unclassified,false,<65,Male,767595.9899999998,617076.6,355,21
2019,Professional,Inpatient/outpatient hospital setting,Unclassified,true,65-74,Female,279611.4,247046.05000000002,108,11
2019,Professional,Inpatient/outpatient hospital setting,Unclassified,true,65-74,Male,91804.84,12560.55,72,3
2019,Professional,Inpatient/outpatient hospital setting,Unclassified,true,75-84,Female,27122.31,22079.05,18,2
2019,Professional,Inpatient/outpatient hospital setting,Unclassified,true,75-84,Male,38105.59,38000.59,10,1
2019,Professional,Inpatient/outpatient hospital setting,Unclassified,true,85+,Male,3521.45,2630.75,10,1
2019,Professional,Inpatient/outpatient hospital setting,Unclassified,true,<65,Female,64041.190000000024,45049.30999999999,59,3
2019,Professional,Inpatient/outpatient hospital setting,Unclassified,true,<65,Male,111410.53999999998,111130.53999999998,54,3
2019,Professional,Nursing facility / hospice setting,E&M,false,65-74,Male,620.44,496.35,1,1
2019,Professional,Nursing facility / hospice setting,E&M,false,75-84,Male,620.44,496.35,1,1
2019,Professional,Nursing facility / hospice setting,E&M,false,<65,Female,1861.3200000000002,1489.0500000000002,3,3
2019,Professional,Nursing facility / hospice setting,E&M,false,<65,Male,2853.28,2282.62,5,5
2019,Professional,Nursing facility / hospice setting,E&M,true,<65,Male,507.0,405.6,1,1
2019,Professional,Nursing facility / hospice setting,Exceptions/unclassified,false,65-74,Female,2100.51,1680.41,10,4
2019,Professional,Nursing facility / hospice setting,Exceptions/unclassified,false,65-74,Male,0.0,0.0,14,5
2019,Professional,Nursing facility / hospice setting,Exceptions/unclassified,false,75-84,Female,0.0,0.0,3,1
2019,Professional,Nursing facility / hospice setting,Exceptions/unclassified,false,75-84,Male,2801.59,2241.27,13,4
2019,Professional,Nursing facility / hospice setting,Exceptions/unclassified,false,85+,Female,0.0,0.0,4,1
2019,Professional,Nursing facility / hospice setting,Exceptions/unclassified,false,85+,Male,0.0,0.0,5,2
2019,Professional,Nursing facility / hospice setting,Exceptions/unclassified,false,<65,Female,0.0,0.0,12,5
2019,Professional,Nursing facility / hospice setting,Exceptions/unclassified,false,<65,Male,0.0,0.0,20,8
2019,Professional,Nursing facility / hospice setting,Exceptions/unclassified,true,85+,Female,0.0,0.0,2,1
2019,Professional,Nursing facility / hospice setting,Exceptions/unclassified,true,<65,Male,0.0,0.0,2,1
2019,Professional,Nursing facility / hospice setting,Unclassified,false,65-74,Female,29750.269999999997,23618.129999999994,65,5
2019,Professional,Nursing facility / hospice setting,Unclassified,false,65-74,Male,6968.1,4917.959999999999,64,5
2019,Professional,Nursing facility / hospice setting,Unclassified,false,75-84,Female,1325.52,875.55,13,1
2019,Professional,Nursing facility / hospice setting,Unclassified,false,75-84,Male,12215.830000000005,9403.51,61,5
2019,Professional,Nursing facility / hospice setting,Unclassified,false,85+,Female,1758.7599999999998,1407.01,17,1
2019,Professional,Nursing facility / hospice setting,Unclassified,false,85+,Male,3823.26,3058.61,25,3
2019,Professional,Nursing facility / hospice setting,Unclassified,false,<65,Female,21918.850000000006,17162.16,87,10
2019,Professional,Nursing facility / hospice setting,Unclassified,false,<65,Male,35091.840000000004,27208.3,164,13
2019,Professional,Nursing facility / hospice setting,Unclassified,true,65-74,Female,1494.06,1494.06,13,1
2019,Professional,Nursing facility / hospice setting,Unclassified,true,85+,Female,1365.3400000000001,1365.3400000000001,11,1
2019,Professional,Nursing facility / hospice setting,Unclassified,true,<65,Male,1430.8600000000001,958.29,16,1
2019,Professional,Office (incl. telehealth),E&M,false,65-74,Female,32232.500000000007,25786.00000000001,46,32
2019,Professional,Office (incl. telehealth),E&M,false,65-74,Male,82249.98000000001,66270.67000000001,120,93
2019,Professional,Office (incl. telehealth),E&M,false,75-84,Female,22754.52,18203.62,22,19
2019,Professional,Office (incl. telehealth),E&M,false,75-84,Male,44335.19,35647.5,70,42
2019,Professional,Office (incl. telehealth),E&M,false,85+,Female,19899.340000000004,15919.46,32,18
2019,Professional,Office (incl. telehealth),E&M,false,85+,Male,13668.500000000002,10934.79,26,17
2019,Professional,Office (incl. telehealth),E&M,false,<65,Female,116911.96000000002,91501.63999999998,166,140
2019,Professional,Office (incl. telehealth),E&M,false,<65,Male,234284.64999999997,187861.81000000003,373,320
2019,Professional,Office (incl. telehealth),E&M,true,65-74,Female,16292.82,12361.449999999999,22,15
2019,Professional,Office (incl. telehealth),E&M,true,65-74,Male,25093.17,22397.550000000003,47,29
2019,Professional,Office (incl. telehealth),E&M,true,75-84,Female,10523.22,8979.699999999999,14,6
2019,Professional,Office (incl. telehealth),E&M,true,75-84,Male,9268.290000000003,8148.720000000001,18,12
2019,Professional,Office (incl. telehealth),E&M,true,85+,Female,5127.2300000000005,3794.7799999999997,6,6
2019,Professional,Office (incl. telehealth),E&M,true,85+,Male,9111.73,7738.3099999999995,9,7
2019,Professional,Office (incl. telehealth),E&M,true,<65,Female,30589.690000000002,24890.65,50,48
2019,Professional,Office (incl. telehealth),E&M,true,<65,Male,79505.89,64591.159999999996,114,99
2019,Professional,Office (incl. telehealth),Exceptions/unclassified,false,65-74,Female,16350.029999999999,13910.27,2369,718
2019,Professional,Office (incl. telehealth),Exceptions/unclassified,false,65-74,Male,30766.88,24613.5,2464,713
2019,Professional,Office (incl. telehealth),Exceptions/unclassified,false,75-84,Female,12199.94,9759.96,1057,287
2019,Professional,Office (incl. telehealth),Exceptions/unclassified,false,75-84,Male,7690.700000000001,6152.56,1548,317
2019,Professional,Office (incl. telehealth),Exceptions/unclassified,false,85+,Female,2641.35,0.0,926,196
2019,Professional,Office (incl. telehealth),Exceptions/unclassified,false,85+,Male,0.0,0.0,862,176
2019,Professional,Office (incl. telehealth),Exceptions/unclassified,false,<65,Female,72431.27,58322.66000000001,2179,820
2019,Professional,Office (incl. telehealth),Exceptions/unclassified,false,<65,Male,69399.72,55738.99999999999,2347,909
2019,Professional,Office (incl. telehealth),Exceptions/unclassified,true,65-74,Female,4219.13,3375.31,828,232
2019,Professional,Office (incl. telehealth),Exceptions/unclassified,true,65-74,Male,7119.55,6457.38,777,224
2019,Professional,Office (incl. telehealth),Exceptions/unclassified,true,75-84,Female,2304.26,1843.41,472,104
2019,Professional,Office (incl. telehealth),Exceptions/unclassified,true,75-84,Male,6889.780000000001,5875.74,452,113
2019,Professional,Office (incl. telehealth),Exceptions/unclassified,true,85+,Female,2025.01,1620.01,263,62
2019,Professional,Office (incl. telehealth),Exceptions/unclassified,true,85+,Male,2483.85,2483.85,275,54
2019,Professional,Office (incl. telehealth),Exceptions/unclassified,true,<65,Female,22064.79,15712.12,689,266
2019,Professional,Office (incl. telehealth),Exceptions/unclassified,true,<65,Male,30956.49,24605.59,718,276
2019,Professional,Office (incl. telehealth),Unclassified,false,65-74,Female,1432536.810000002,1082620.439999998,11131,757
2019,Professional,Office (incl. telehealth),Unclassified,false,65-74,Male,1587039.260000002,1201236.4000000001,12136,761
2019,Professional,Office (incl. telehealth),Unclassified,false,75-84,Female,725977.9300000018,557182.2999999993,4771,306
2019,Professional,Office (incl. telehealth),Unclassified,false,75-84,Male,924339.4500000027,721085.2599999998,7653,333
2019,Professional,Office (incl. telehealth),Unclassified,false,85+,Female,567548.1799999995,431677.86000000074,4507,204
2019,Professional,Office (incl. telehealth),Unclassified,false,85+,Male,463511.09999999974,361469.0500000008,4174,189
2019,Professional,Office (incl. telehealth),Unclassified,false,<65,Female,2655632.210000004,2095703.1800000027,13502,1080
2019,Professional,Office (incl. telehealth),Unclassified,false,<65,Male,2615877.5700000036,2032951.2200000035,16176,1183
2019,Professional,Office (incl. telehealth),Unclassified,true,65-74,Female,450946.7600000006,353492.4599999998,3942,242
2019,Professional,Office (incl. telehealth),Unclassified,true,65-74,Male,478983.22000000044,401351.6399999993,4008,238
2019,Professional,Office (incl. telehealth),Unclassified,true,75-84,Female,313423.3799999998,258643.61999999936,2190,107
2019,Professional,Office (incl. telehealth),Unclassified,true,75-84,Male,243242.80999999982,205223.9599999996,2164,122
2019,Professional,Office (incl. telehealth),Unclassified,true,85+,Female,154991.9599999999,104475.64999999997,1256,66
2019,Professional,Office (incl. telehealth),Unclassified,true,85+,Male,162134.83999999994,106598.75000000007,1272,58
2019,Professional,Office (incl. telehealth),Unclassified,true,<65,Female,877107.8600000014,713582.1699999992,4437,356
2019,Professional,Office (incl. telehealth),Unclassified,true,<65,Male,980275.75,752739.2300000002,4757,367
2019,Professional,Services at home,E&M,false,65-74,Male,615.85,492.68,1,1
2019,Professional,Services at home,E&M,false,85+,Female,431.4,345.12,1,1
2019,Professional,Services at home,E&M,false,<65,Female,468.2,374.56,1,1
2019,Professional,Services at home,E&M,false,<65,Male,1845.1,1476.08,4,4
2019,Professional,Services at home,Exceptions/unclassified,false,65-74,Female,0.0,0.0,6,2
2019,Professional,Services at home,Exceptions/unclassified,false,65-74,Male,0.0,0.0,6,2
2019,Professional,Services at home,Exceptions/unclassified,false,75-84,Female,0.0,0.0,3,1
2019,Professional,Services at home,Exceptions/unclassified,false,75-84,Male,0.0,0.0,3,1
2019,Professional,Services at home,Exceptions/unclassified,false,85+,Female,0.0,0.0,7,3
2019,Professional,Services at home,Exceptions/unclassified,false,85+,Male,0.0,0.0,3,1
2019,Professional,Services at home,Exceptions/unclassified,false,<65,Female,0.0,0.0,13,6
2019,Professional,Services at home,Exceptions/unclassified,false,<65,Male,0.0,0.0,12,5
2019,Professional,Services at home,Exceptions/unclassified,true,75-84,Male,0.0,0.0,3,1
2019,Professional,Services at home,Exceptions/unclassified,true,<65,Female,0.0,0.0,2,1
2019,Professional,Services at home,Exceptions/unclassified,true,<65,Male,0.0,0.0,5,2
2019,Professional,Services at home,Unclassified,false,65-74,Female,2492.82,1809.12,22,2
2019,Professional,Services at home,Unclassified,false,65-74,Male,1848.77,1230.79,24,2
2019,Professional,Services at home,Unclassified,false,75-84,Female,1952.7,1375.76,23,2
2019,Professional,Services at home,Unclassified,false,75-84,Male,837.97,485.46000000000004,8,1
2019,Professional,Services at home,Unclassified,false,85+,Female,3119.1400000000003,2495.29,45,3
2019,Professional,Services at home,Unclassified,false,85+,Male,861.31,689.04,8,1
2019,Professional,Services at home,Unclassified,false,<65,Female,10518.45,8594.9,105,9
2019,Professional,Services at home,Unclassified,false,<65,Male,9215.509999999998,7000.969999999999,121,10
2019,Professional,Services at home,Unclassified,true,75-84,Male,1402.76,1402.76,11,1
2019,Professional,Services at home,Unclassified,true,<65,Female,737.4300000000001,589.9399999999999,10,1
2019,Professional,Services at home,Unclassified,true,<65,Male,2585.47,1192.27,24,2
2019,Professional,Urgent care,E&M,false,65-74,Male,13653.45,10922.760000000002,25,8
2019,Professional,Urgent care,E&M,false,75-84,Female,6097.1,4877.68,10,2
2019,Professional,Urgent care,E&M,false,75-84,Male,6759.000000000001,5407.2,11,4
2019,Professional,Urgent care,E&M,false,85+,Female,3241.29,480.4,2,2
2019,Professional,Urgent care,E&M,false,85+,Male,1807.1,1445.6799999999998,3,3
2019,Professional,Urgent care,E&M,false,<65,Female,3927.24,3141.79,3,2
2019,Professional,Urgent care,E&M,false,<65,Male,34840.01000000001,28114.44,50,18
2019,Professional,Urgent care,E&M,true,65-74,Male,3924.0,3611.8999999999996,8,4
2019,Professional,Urgent care,E&M,true,85+,Female,4310.95,3448.7599999999998,7,1
2019,Professional,Urgent care,E&M,true,<65,Female,12836.259999999998,2154.19,6,3
2019,Professional,Urgent care,E&M,true,<65,Male,7130.45,6161.83,13,9
2019,Professional,Urgent care,Exceptions/unclassified,false,65-74,Female,2611.49,2089.19,318,44
2019,Professional,Urgent care,Exceptions/unclassified,false,65-74,Male,0.0,0.0,410,44
2019,Professional,Urgent care,Exceptions/unclassified,false,75-84,Female,0.0,0.0,291,25
2019,Professional,Urgent care,Exceptions/unclassified,false,75-84,Male,0.0,0.0,281,23
2019,Professional,Urgent care,Exceptions/unclassified,false,85+,Female,0.0,0.0,256,18
2019,Professional,Urgent care,Exceptions/unclassified,false,85+,Male,0.0,0.0,368,27
2019,Professional,Urgent care,Exceptions/unclassified,false,<65,Female,4790.78,3832.62,189,35
2019,Professional,Urgent care,Exceptions/unclassified,false,<65,Male,10742.97,8594.380000000001,274,50
2019,Professional,Urgent care,Exceptions/unclassified,true,65-74,Female,0.0,0.0,94,14
2019,Professional,Urgent care,Exceptions/unclassified,true,65-74,Male,0.0,0.0,182,24
2019,Professional,Urgent care,Exceptions/unclassified,true,75-84,Female,0.0,0.0,98,7
2019,Professional,Urgent care,Exceptions/unclassified,true,75-84,Male,0.0,0.0,238,17
2019,Professional,Urgent care,Exceptions/unclassified,true,85+,Female,0.0,0.0,79,4
2019,Professional,Urgent care,Exceptions/unclassified,true,85+,Male,0.0,0.0,90,11
2019,Professional,Urgent care,Exceptions/unclassified,true,<65,Female,0.0,0.0,48,14
2019,Professional,Urgent care,Exceptions/unclassified,true,<65,Male,1987.39,1987.39,67,20
2019,Professional,Urgent care,Unclassified,false,65-74,Female,208983.07000000018,166359.85999999952,1596,49
2019,Professional,Urgent care,Unclassified,false,65-74,Male,265636.90000000055,211487.55999999956,2243,58
2019,Professional,Urgent care,Unclassified,false,75-84,Female,202722.01000000056,157421.90999999965,1593,27
2019,Professional,Urgent care,Unclassified,false,75-84,Male,152919.2500000001,121963.13999999987,1392,27
2019,Professional,Urgent care,Unclassified,false,85+,Female,178134.7600000007,131454.68999999974,1448,18
2019,Professional,Urgent care,Unclassified,false,85+,Male,286828.2099999996,228464.21999999962,1857,28
2019,Professional,Urgent care,Unclassified,false,<65,Female,229722.22999999984,181569.69999999995,1262,46
2019,Professional,Urgent care,Unclassified,false,<65,Male,339659.7100000006,272433.7200000001,1983,63
2019,Professional,Urgent care,Unclassified,true,65-74,Female,57268.65999999999,47891.25000000002,471,18
2019,Professional,Urgent care,Unclassified,true,65-74,Male,118213.95999999982,99298.53999999983,988,24
2019,Professional,Urgent care,Unclassified,true,75-84,Female,61811.969999999965,36716.120000000024,494,7
2019,Professional,Urgent care,Unclassified,true,75-84,Male,162769.9700000004,87605.27999999988,1137,17
2019,Professional,Urgent care,Unclassified,true,85+,Female,43579.94000000001,19120.14000000003,417,4
2019,Professional,Urgent care,Unclassified,true,85+,Male,57929.08999999995,40685.77000000005,443,11
2019,Professional,Urgent care,Unclassified,true,<65,Female,79520.99000000002,19492.38,291,15
2019,Professional,Urgent care,Unclassified,true,<65,Male,65701.55999999995,56409.350000000006,481,25
2019,Retail Pharmacy,Prescription drugs (Part D),n/a,false,65-74,Female,752180.0300000003,535611.0200000007,5947,484
2019,Retail Pharmacy,Prescription drugs (Part D),n/a,false,65-74,Male,1068120.890000007,784472.69,7021,485
2019,Retail Pharmacy,Prescription drugs (Part D),n/a,false,75-84,Female,741061.5700000045,529547.0699999989,3854,191
2019,Retail Pharmacy,Prescription drugs (Part D),n/a,false,75-84,Male,920754.6300000057,700554.1499999983,5449,223
2019,Retail Pharmacy,Prescription drugs (Part D),n/a,false,85+,Female,589279.1000000036,447102.6000000001,3360,149
2019,Retail Pharmacy,Prescription drugs (Part D),n/a,false,85+,Male,1176777.9100000085,784313.3999999986,4640,146
2019,Retail Pharmacy,Prescription drugs (Part D),n/a,false,<65,Female,1243770.4000000039,886044.9600000007,6161,700
2019,Retail Pharmacy,Prescription drugs (Part D),n/a,false,<65,Male,1474299.9600000093,1015685.6699999985,7928,750
2019,Retail Pharmacy,Prescription drugs (Part D),n/a,true,65-74,Female,430141.37999999826,279630.2799999999,2568,158
2019,Retail Pharmacy,Prescription drugs (Part D),n/a,true,65-74,Male,430015.35,319058.7800000006,2952,169
2019,Retail Pharmacy,Prescription drugs (Part D),n/a,true,75-84,Female,251870.13999999987,180924.99000000022,1827,77
2019,Retail Pharmacy,Prescription drugs (Part D),n/a,true,75-84,Male,387343.07000000053,241430.5700000006,2410,101
2019,Retail Pharmacy,Prescription drugs (Part D),n/a,true,85+,Female,316731.63000000064,136910.2700000001,1279,61
2019,Retail Pharmacy,Prescription drugs (Part D),n/a,true,85+,Male,406356.9100000004,180213.98000000013,1417,39
2019,Retail Pharmacy,Prescription drugs (Part D),n/a,true,<65,Female,501970.14000000316,347673.11000000074,2356,238
2019,Retail Pharmacy,Prescription drugs (Part D),n/a,true,<65,Male,483524.21999999956,326664.20999999985,2582,255
2020,Inpatient Hospital,Acute care hospital,n/a,false,65-74,Female,3230031.1999999993,2697102.0100000002,223,142
2020,Inpatient Hospital,Acute care hospital,n/a,false,65-74,Male,3499629.529999999,3008326.48,258,138
2020,Inpatient Hospital,Acute care hospital,n/a,false,75-84,Female,934337.2100000002,777960.4400000003,130,67
2020,Inpatient Hospital,Acute care hospital,n/a,false,75-84,Male,1191965.91,992692.2800000007,200,79
2020,Inpatient Hospital,Acute care hospital,n/a,false,85+,Female,848418.6199999999,706852.9800000002,101,37
2020,Inpatient Hospital,Acute care hospital,n/a,false,85+,Male,780206.1599999999,658621.3399999997,206,42
2020,Inpatient Hospital,Acute care hospital,n/a,false,<65,Female,3649928.799999998,3213334.759999997,339,260
2020,Inpatient Hospital,Acute care hospital,n/a,false,<65,Male,3545304.6799999992,3092356.0700000003,345,222
2020,Inpatient Hospital,Acute care hospital,n/a,true,65-74,Female,457983.3099999998,417861.3499999998,80,53
2020,Inpatient Hospital,Acute care hospital,n/a,true,65-74,Male,1449550.1399999997,1363871.5200000005,152,84
2020,Inpatient Hospital,Acute care hospital,n/a,true,75-84,Female,310913.2,288803.67000000004,56,40
2020,Inpatient Hospital,Acute care hospital,n/a,true,75-84,Male,1562274.52,1327570.0899999996,113,47
2020,Inpatient Hospital,Acute care hospital,n/a,true,85+,Female,389757.67,330493.4200000001,31,19
2020,Inpatient Hospital,Acute care hospital,n/a,true,85+,Male,128557.02000000002,113201.25000000004,64,19
2020,Inpatient Hospital,Acute care hospital,n/a,true,<65,Female,868476.7200000008,816036.9300000004,130,99
2020,Inpatient Hospital,Acute care hospital,n/a,true,<65,Male,818118.7900000003,790506.1899999998,134,81
2020,Long-Term Care,Hospice,n/a,false,65-74,Female,463856.41,463856.41,29,29
2020,Long-Term Care,Hospice,n/a,false,65-74,Male,446363.1099999999,446363.1099999999,24,24
2020,Long-Term Care,Hospice,n/a,false,75-84,Female,249332.2,249332.2,21,21
2020,Long-Term Care,Hospice,n/a,false,75-84,Male,293794.45999999996,293794.45999999996,21,21
2020,Long-Term Care,Hospice,n/a,false,85+,Female,10590.31,10590.31,2,2
2020,Long-Term Care,Hospice,n/a,false,85+,Male,2929.76,2929.76,1,1
2020,Long-Term Care,Hospice,n/a,true,65-74,Female,162038.27999999997,162038.27999999997,13,13
2020,Long-Term Care,Hospice,n/a,true,65-74,Male,83604.65,83604.65,7,7
2020,Long-Term Care,Hospice,n/a,true,75-84,Female,256962.56,256962.56,13,13
2020,Long-Term Care,Hospice,n/a,true,75-84,Male,47610.270000000004,47610.270000000004,4,4
2020,Long-Term Care,Hospice,n/a,true,85+,Female,12320.92,12320.92,1,1
2020,Long-Term Care,Hospice,n/a,true,85+,Male,6934.66,6934.66,1,1
2020,Long-Term Care,Skilled nursing facility,n/a,false,65-74,Female,554054.2799999999,443343.75000000006,34,33
2020,Long-Term Care,Skilled nursing facility,n/a,false,65-74,Male,420880.45,338713.86000000004,25,25
2020,Long-Term Care,Skilled nursing facility,n/a,false,75-84,Female,303441.48,242752.94999999998,18,17
2020,Long-Term Care,Skilled nursing facility,n/a,false,75-84,Male,316804.42000000004,253443.43000000002,14,14
2020,Long-Term Care,Skilled nursing facility,n/a,false,85+,Female,133665.39999999997,106932.23999999999,8,8
2020,Long-Term Care,Skilled nursing facility,n/a,false,85+,Male,61754.98,50504.84,5,5
2020,Long-Term Care,Skilled nursing facility,n/a,false,<65,Female,144756.73,119222.97000000003,12,12
2020,Long-Term Care,Skilled nursing facility,n/a,false,<65,Male,398304.64999999997,324294.52999999997,19,19
2020,Long-Term Care,Skilled nursing facility,n/a,true,65-74,Female,188543.44999999998,178175.08,14,14
2020,Long-Term Care,Skilled nursing facility,n/a,true,65-74,Male,217845.78999999998,201407.54,16,16
2020,Long-Term Care,Skilled nursing facility,n/a,true,75-84,Female,205566.60000000003,188856.77999999997,10,10
2020,Long-Term Care,Skilled nursing facility,n/a,true,75-84,Male,121099.84000000001,109206.19,5,5
2020,Long-Term Care,Skilled nursing facility,n/a,true,85+,Female,119335.7,98054.35,4,4
2020,Long-Term Care,Skilled nursing facility,n/a,true,85+,Male,71557.14,59409.22,5,5
2020,Long-Term Care,Skilled nursing facility,n/a,true,<65,Female,49426.92999999999,46460.27,4,4
2020,Long-Term Care,Skilled nursing facility,n/a,true,<65,Male,194638.41000000003,168427.94,8,8
2020,Other,Durable medical equipment,n/a,false,65-74,Female,3180.5799999999977,2491.1799999999944,864,424
2020,Other,Durable medical equipment,n/a,false,65-74,Male,3372.42,2623.879999999995,1770,406
2020,Other,Durable medical equipment,n/a,false,75-84,Female,1661.9900000000011,1306.3499999999995,546,165
2020,Other,Durable medical equipment,n/a,false,75-84,Male,1525.640000000001,1209.1800000000003,1001,160
2020,Other,Durable medical equipment,n/a,false,85+,Female,625.1299999999998,454.48000000000013,299,78
2020,Other,Durable medical equipment,n/a,false,85+,Male,601.2900000000003,441.4500000000001,562,66
2020,Other,Durable medical equipment,n/a,false,<65,Female,4933.4999999999945,3952.3299999999963,1544,435
2020,Other,Durable medical equipment,n/a,false,<65,Male,7219.30999999997,5919.790000000007,3191,566
2020,Other,Durable medical equipment,n/a,true,65-74,Female,1196.1400000000015,989.0600000000006,408,148
2020,Other,Durable medical equipment,n/a,true,65-74,Male,1561.6200000000008,1330.2200000000007,509,142
2020,Other,Durable medical equipment,n/a,true,75-84,Female,617.2599999999999,466.56000000000006,220,70
2020,Other,Durable medical equipment,n/a,true,75-84,Male,776.8600000000001,664.6700000000003,230,64
2020,Other,Durable medical equipment,n/a,true,85+,Female,168.0,127.09,116,23
2020,Other,Durable medical equipment,n/a,true,85+,Male,217.43999999999997,186.56999999999996,116,25
2020,Other,Durable medical equipment,n/a,true,<65,Female,2179.330000000001,1744.1999999999987,690,163
2020,Other,Durable medical equipment,n/a,true,<65,Male,2436.1400000000003,2109.6200000000003,1243,192
2020,Outpatient Hospital,Hospital outpatient,n/a,false,65-74,Female,7893913.849999989,7785143.70999999,4962,641
2020,Outpatient Hospital,Hospital outpatient,n/a,false,65-74,Male,5873155.109999992,5805771.399999993,4124,598
2020,Outpatient Hospital,Hospital outpatient,n/a,false,75-84,Female,2434324.51,2401617.1799999992,1624,265
2020,Outpatient Hospital,Hospital outpatient,n/a,false,75-84,Male,3141154.27,3101163.3600000003,2526,275
2020,Outpatient Hospital,Hospital outpatient,n/a,false,85+,Female,1431340.8100000005,1410608.1300000006,1378,162
2020,Outpatient Hospital,Hospital outpatient,n/a,false,85+,Male,1578876.220000001,1554964.2000000007,1721,159
2020,Outpatient Hospital,Hospital outpatient,n/a,false,<65,Female,26913453.109999985,26586994.170000006,11459,977
2020,Outpatient Hospital,Hospital outpatient,n/a,false,<65,Male,13261610.559999967,13020814.399999961,9480,807
2020,Outpatient Hospital,Hospital outpatient,n/a,true,65-74,Female,2286444.9700000007,2259703.29,1286,228
2020,Outpatient Hospital,Hospital outpatient,n/a,true,65-74,Male,2526868.42,2498381.5100000007,1718,221
2020,Outpatient Hospital,Hospital outpatient,n/a,true,75-84,Female,721464.2099999997,712793.7799999998,576,113
2020,Outpatient Hospital,Hospital outpatient,n/a,true,75-84,Male,1469051.890000002,1451607.820000002,1330,117
2020,Outpatient Hospital,Hospital outpatient,n/a,true,85+,Female,729678.9699999997,720745.6899999997,802,46
2020,Outpatient Hospital,Hospital outpatient,n/a,true,85+,Male,754267.8700000001,745208.0000000002,750,53
2020,Outpatient Hospital,Hospital outpatient,n/a,true,<65,Female,11231436.51000001,11159736.930000007,4666,331
2020,Outpatient Hospital,Hospital outpatient,n/a,true,<65,Male,4787597.319999999,4728996.179999999,3450,282
2020,Professional,Home health,n/a,false,65-74,Female,169350.9,169350.9,20,17
2020,Professional,Home health,n/a,false,65-74,Male,196821.11,196821.11,22,22
2020,Professional,Home health,n/a,false,75-84,Female,20298.29,20298.29,3,3
2020,Professional,Home health,n/a,false,75-84,Male,71917.03,71917.03,9,8
2020,Professional,Home health,n/a,false,85+,Male,18328.72,18328.72,1,1
2020,Professional,Home health,n/a,true,65-74,Female,15156.23,15156.23,4,3
2020,Professional,Home health,n/a,true,65-74,Male,55073.189999999995,55073.189999999995,7,7
2020,Professional,Home health,n/a,true,75-84,Female,45307.9,45307.9,4,3
2020,Professional,Home health,n/a,true,75-84,Male,13559.310000000001,13559.310000000001,2,2
2020,Professional,Home health,n/a,true,85+,Female,7535.69,7535.69,1,1
2020,Professional,Home health,n/a,true,85+,Male,17412.6,17412.6,1,1
2020,Professional,Inpatient/outpatient hospital setting,E&M,false,65-74,Female,615.85,492.68,1,1
2020,Professional,Inpatient/outpatient hospital setting,E&M,false,65-74,Male,600.5,480.4,1,1
2020,Professional,Inpatient/outpatient hospital setting,E&M,false,75-84,Female,911.5,729.2,2,2
2020,Professional,Inpatient/outpatient hospital setting,E&M,false,<65,Female,1216.35,973.0799999999999,2,2
2020,Professional,Inpatient/outpatient hospital setting,E&M,false,<65,Male,1122.85,898.28,2,2
2020,Professional,Inpatient/outpatient hospital setting,E&M,true,75-84,Female,485.85,485.85,1,1
2020,Professional,Inpatient/outpatient hospital setting,E&M,true,75-84,Male,615.85,492.68,1,1
2020,Professional,Inpatient/outpatient hospital setting,Exceptions/unclassified,false,65-74,Female,1463.95,1171.16,3,3
2020,Professional,Inpatient/outpatient hospital setting,Exceptions/unclassified,false,65-74,Male,836.6500000000001,669.3199999999999,2,2
2020,Professional,Inpatient/outpatient hospital setting,Exceptions/unclassified,false,75-84,Female,615.85,492.68,1,1
2020,Professional,Inpatient/outpatient hospital setting,Exceptions/unclassified,false,75-84,Male,485.85,388.68,1,1
2020,Professional,Inpatient/outpatient hospital setting,Exceptions/unclassified,false,<65,Female,1713.95,1371.16,3,3
2020,Professional,Inpatient/outpatient hospital setting,Exceptions/unclassified,false,<65,Male,615.85,492.68,1,1
2020,Professional,Inpatient/outpatient hospital setting,Exceptions/unclassified,true,65-74,Female,1240.88,1240.88,2,1
2020,Professional,Inpatient/outpatient hospital setting,Exceptions/unclassified,true,65-74,Male,1017.84,938.3600000000001,2,2
2020,Professional,Inpatient/outpatient hospital setting,Exceptions/unclassified,true,75-84,Male,600.5,480.4,1,1
2020,Professional,Inpatient/outpatient hospital setting,Exceptions/unclassified,true,<65,Male,620.44,620.44,1,1
2020,Professional,Inpatient/outpatient hospital setting,Imaging,false,65-74,Female,3033.64,2551.0,5,4
2020,Professional,Inpatient/outpatient hospital setting,Imaging,false,65-74,Male,884.0,707.2,2,2
2020,Professional,Inpatient/outpatient hospital setting,Imaging,false,75-84,Female,600.5,480.4,1,1
2020,Professional,Inpatient/outpatient hospital setting,Imaging,false,75-84,Male,1750.39,1400.31,3,3
2020,Professional,Inpatient/outpatient hospital setting,Imaging,false,85+,Male,600.5,480.4,1,1
2020,Professional,Inpatient/outpatient hospital setting,Imaging,false,<65,Female,1519.3899999999999,1215.51,3,3
2020,Professional,Inpatient/outpatient hospital setting,Imaging,false,<65,Male,2732.08,2282.0,5,5
2020,Professional,Inpatient/outpatient hospital setting,Imaging,true,65-74,Male,381.7,381.7,1,1
2020,Professional,Inpatient/outpatient hospital setting,Imaging,true,75-84,Male,485.85,485.85,1,1
2020,Professional,Inpatient/outpatient hospital setting,Imaging,true,85+,Female,615.85,492.68,1,1
2020,Professional,Inpatient/outpatient hospital setting,Imaging,true,<65,Male,620.44,620.44,1,1
2020,Professional,Inpatient/outpatient hospital setting,Unclassified,false,65-74,Female,400137.16,331207.98999999993,256,19
2020,Professional,Inpatient/outpatient hospital setting,Unclassified,false,65-74,Male,385403.39,308322.7799999999,204,17
2020,Professional,Inpatient/outpatient hospital setting,Unclassified,false,75-84,Female,248646.79000000004,198917.47999999998,187,9
2020,Professional,Inpatient/outpatient hospital setting,Unclassified,false,75-84,Male,196582.10000000006,157265.67999999996,103,8
2020,Professional,Inpatient/outpatient hospital setting,Unclassified,false,85+,Male,23507.37,18805.890000000007,28,1
2020,Professional,Inpatient/outpatient hospital setting,Unclassified,false,<65,Female,349540.6300000001,283963.10999999975,257,14
2020,Professional,Inpatient/outpatient hospital setting,Unclassified,false,<65,Male,443735.42999999993,364993.8899999998,280,19
2020,Professional,Inpatient/outpatient hospital setting,Unclassified,true,65-74,Female,106868.33999999998,98219.53,61,4
2020,Professional,Inpatient/outpatient hospital setting,Unclassified,true,65-74,Male,87822.45000000003,79214.79000000002,66,5
2020,Professional,Inpatient/outpatient hospital setting,Unclassified,true,75-84,Female,106868.86999999994,97272.15999999995,88,5
2020,Professional,Inpatient/outpatient hospital setting,Unclassified,true,75-84,Male,158320.27,131699.54999999993,100,5
2020,Professional,Inpatient/outpatient hospital setting,Unclassified,true,85+,Female,28250.069999999985,22600.050000000007,27,1
2020,Professional,Inpatient/outpatient hospital setting,Unclassified,true,85+,Male,2900.03,2133.61,10,1
2020,Professional,Inpatient/outpatient hospital setting,Unclassified,true,<65,Female,116066.31000000001,115806.31000000001,52,2
2020,Professional,Inpatient/outpatient hospital setting,Unclassified,true,<65,Male,163243.85,162392.97999999998,98,5
2020,Professional,Nursing facility / hospice setting,E&M,false,65-74,Female,620.44,496.35,1,1
2020,Professional,Nursing facility / hospice setting,E&M,false,75-84,Male,4002.31,3201.8399999999997,3,3
2020,Professional,Nursing facility / hospice setting,E&M,false,<65,Female,3444.2200000000003,2755.37,2,2
2020,Professional,Nursing facility / hospice setting,E&M,false,<65,Male,2179.62,1743.69,4,4
2020,Professional,Nursing facility / hospice setting,Exceptions/unclassified,false,65-74,Female,2141.73,1713.38,22,7
2020,Professional,Nursing facility / hospice setting,Exceptions/unclassified,false,65-74,Male,0.0,0.0,20,6
2020,Professional,Nursing facility / hospice setting,Exceptions/unclassified,false,75-84,Female,0.0,0.0,3,1
2020,Professional,Nursing facility / hospice setting,Exceptions/unclassified,false,75-84,Male,0.0,0.0,21,6
2020,Professional,Nursing facility / hospice setting,Exceptions/unclassified,false,85+,Female,0.0,0.0,3,1
2020,Professional,Nursing facility / hospice setting,Exceptions/unclassified,false,85+,Male,0.0,0.0,8,3
2020,Professional,Nursing facility / hospice setting,Exceptions/unclassified,false,<65,Female,0.0,0.0,18,8
2020,Professional,Nursing facility / hospice setting,Exceptions/unclassified,false,<65,Male,984.89,787.91,13,6
2020,Professional,Nursing facility / hospice setting,Exceptions/unclassified,true,65-74,Female,0.0,0.0,4,1
2020,Professional,Nursing facility / hospice setting,Exceptions/unclassified,true,85+,Female,0.0,0.0,2,1
2020,Professional,Nursing facility / hospice setting,Exceptions/unclassified,true,<65,Male,0.0,0.0,2,1
2020,Professional,Nursing facility / hospice setting,Unclassified,false,65-74,Female,22971.83,18466.59,104,8
2020,Professional,Nursing facility / hospice setting,Unclassified,false,65-74,Male,15240.619999999999,10701.57,78,7
2020,Professional,Nursing facility / hospice setting,Unclassified,false,75-84,Female,842.59,489.12,17,1
2020,Professional,Nursing facility / hospice setting,Unclassified,false,75-84,Male,20144.830000000005,15929.370000000003,96,6
2020,Professional,Nursing facility / hospice setting,Unclassified,false,85+,Female,1563.94,1251.15,11,1
2020,Professional,Nursing facility / hospice setting,Unclassified,false,85+,Male,4258.4800000000005,3406.7700000000004,38,3
2020,Professional,Nursing facility / hospice setting,Unclassified,false,<65,Female,26568.220000000005,20948.09,114,11
2020,Professional,Nursing facility / hospice setting,Unclassified,false,<65,Male,27436.760000000002,21583.32,125,11
2020,Professional,Nursing facility / hospice setting,Unclassified,true,65-74,Female,1365.6399999999999,1365.6399999999999,15,1
2020,Professional,Nursing facility / hospice setting,Unclassified,true,85+,Female,1365.3400000000001,1365.3400000000001,15,1
2020,Professional,Nursing facility / hospice setting,Unclassified,true,<65,Male,837.97,483.98,16,1
2020,Professional,Office (incl. telehealth),E&M,false,65-74,Female,30169.44,24345.289999999997,41,39
2020,Professional,Office (incl. telehealth),E&M,false,65-74,Male,83223.03,66800.45999999999,136,102
2020,Professional,Office (incl. telehealth),E&M,false,75-84,Female,22574.82,17987.32,29,21
2020,Professional,Office (incl. telehealth),E&M,false,75-84,Male,58589.28,46972.80000000002,82,52
2020,Professional,Office (incl. telehealth),E&M,false,85+,Female,20220.340000000004,16176.27,29,20
2020,Professional,Office (incl. telehealth),E&M,false,85+,Male,14331.32,11360.070000000002,29,17
2020,Professional,Office (incl. telehealth),E&M,false,<65,Female,121800.83999999997,98312.81999999998,181,144
2020,Professional,Office (incl. telehealth),E&M,false,<65,Male,219192.05999999994,176048.80999999997,359,306
2020,Professional,Office (incl. telehealth),E&M,true,65-74,Female,16335.35,11911.949999999999,23,15
2020,Professional,Office (incl. telehealth),E&M,true,65-74,Male,26456.550000000003,23160.08,41,26
2020,Professional,Office (incl. telehealth),E&M,true,75-84,Female,7665.91,6457.14,12,7
2020,Professional,Office (incl. telehealth),E&M,true,75-84,Male,14612.530000000004,12970.850000000002,25,14
2020,Professional,Office (incl. telehealth),E&M,true,85+,Female,4835.45,3635.3999999999996,7,6
2020,Professional,Office (incl. telehealth),E&M,true,85+,Male,15004.52,13542.380000000001,14,8
2020,Professional,Office (incl. telehealth),E&M,true,<65,Female,35657.71000000001,27052.120000000003,50,48
2020,Professional,Office (incl. telehealth),E&M,true,<65,Male,57107.23999999999,44572.66,97,86
2020,Professional,Office (incl. telehealth),Exceptions/unclassified,false,65-74,Female,16109.74,12887.79,2540,795
2020,Professional,Office (incl. telehealth),Exceptions/unclassified,false,65-74,Male,32555.050000000003,26044.059999999998,2828,768
2020,Professional,Office (incl. telehealth),Exceptions/unclassified,false,75-84,Female,13063.38,10450.699999999999,1241,335
2020,Professional,Office (incl. telehealth),Exceptions/unclassified,false,75-84,Male,13848.79,11079.03,1680,344
2020,Professional,Office (incl. telehealth),Exceptions/unclassified,false,85+,Female,2566.98,0.0,866,197
2020,Professional,Office (incl. telehealth),Exceptions/unclassified,false,85+,Male,4908.38,3926.7,925,183
2020,Professional,Office (incl. telehealth),Exceptions/unclassified,false,<65,Female,71809.51,55906.07,2173,819
2020,Professional,Office (incl. telehealth),Exceptions/unclassified,false,<65,Male,83426.87,67565.47,2356,918
2020,Professional,Office (incl. telehealth),Exceptions/unclassified,true,65-74,Female,10328.24,8636.24,852,241
2020,Professional,Office (incl. telehealth),Exceptions/unclassified,true,65-74,Male,9337.83,8752.57,896,244
2020,Professional,Office (incl. telehealth),Exceptions/unclassified,true,75-84,Female,3946.71,3946.71,522,121
2020,Professional,Office (incl. telehealth),Exceptions/unclassified,true,75-84,Male,1320.42,1320.42,519,127
2020,Professional,Office (incl. telehealth),Exceptions/unclassified,true,85+,Female,2591.5,2073.2,285,67
2020,Professional,Office (incl. telehealth),Exceptions/unclassified,true,85+,Male,0.0,0.0,264,53
2020,Professional,Office (incl. telehealth),Exceptions/unclassified,true,<65,Female,10625.98,7633.73,708,278
2020,Professional,Office (incl. telehealth),Exceptions/unclassified,true,<65,Male,44869.850000000006,38307.130000000005,742,286
2020,Professional,Office (incl. telehealth),Unclassified,false,65-74,Female,1456298.170000001,1103752.3499999961,12006,849
2020,Professional,Office (incl. telehealth),Unclassified,false,65-74,Male,1748358.5000000065,1319372.410000002,14080,816
2020,Professional,Office (incl. telehealth),Unclassified,false,75-84,Female,764482.2900000014,587239.9199999985,5834,352
2020,Professional,Office (incl. telehealth),Unclassified,false,75-84,Male,1068315.4100000039,834248.0300000013,8322,365
2020,Professional,Office (incl. telehealth),Unclassified,false,85+,Female,627744.3199999996,481403.81999999954,4157,207
2020,Professional,Office (incl. telehealth),Unclassified,false,85+,Male,484114.95999999956,376620.7700000004,4525,197
2020,Professional,Office (incl. telehealth),Unclassified,false,<65,Female,2704076.9500000062,2123367.5100000044,14166,1110
2020,Professional,Office (incl. telehealth),Unclassified,false,<65,Male,2624419.660000007,2022672.340000006,15966,1196
2020,Professional,Office (incl. telehealth),Unclassified,true,65-74,Female,565180.2699999998,439131.6800000003,4047,252
2020,Professional,Office (incl. telehealth),Unclassified,true,65-74,Male,576969.5300000005,466500.7099999995,4389,266
2020,Professional,Office (incl. telehealth),Unclassified,true,75-84,Female,319326.6099999997,279825.19999999955,2358,129
2020,Professional,Office (incl. telehealth),Unclassified,true,75-84,Male,264833.6700000003,206495.35999999975,2391,136
2020,Professional,Office (incl. telehealth),Unclassified,true,85+,Female,155505.57,106678.1099999999,1326,70
2020,Professional,Office (incl. telehealth),Unclassified,true,85+,Male,158206.08999999997,112761.02000000008,1267,61
2020,Professional,Office (incl. telehealth),Unclassified,true,<65,Female,825465.9600000014,653969.569999999,4419,359
2020,Professional,Office (incl. telehealth),Unclassified,true,<65,Male,976210.7900000009,751976.7300000001,4922,366
2020,Professional,Services at home,E&M,false,65-74,Male,615.85,492.68,1,1
2020,Professional,Services at home,E&M,false,85+,Female,431.4,345.12,1,1
2020,Professional,Services at home,E&M,false,<65,Male,1881.9,1505.52,4,4
2020,Professional,Services at home,Exceptions/unclassified,false,65-74,Female,0.0,0.0,5,2
2020,Professional,Services at home,Exceptions/unclassified,false,65-74,Male,0.0,0.0,3,2
2020,Professional,Services at home,Exceptions/unclassified,false,75-84,Female,0.0,0.0,4,2
2020,Professional,Services at home,Exceptions/unclassified,false,75-84,Male,0.0,0.0,3,1
2020,Professional,Services at home,Exceptions/unclassified,false,85+,Female,0.0,0.0,8,3
2020,Professional,Services at home,Exceptions/unclassified,false,85+,Male,0.0,0.0,3,1
2020,Professional,Services at home,Exceptions/unclassified,false,<65,Female,472.9,378.32,23,9
2020,Professional,Services at home,Exceptions/unclassified,false,<65,Male,0.0,0.0,12,7
2020,Professional,Services at home,Exceptions/unclassified,true,65-74,Male,0.0,0.0,1,1
2020,Professional,Services at home,Exceptions/unclassified,true,75-84,Male,0.0,0.0,2,1
2020,Professional,Services at home,Exceptions/unclassified,true,<65,Male,0.0,0.0,2,1
2020,Professional,Services at home,Unclassified,false,65-74,Female,1912.36,1344.99,28,2
2020,Professional,Services at home,Unclassified,false,65-74,Male,2717.96,1940.98,31,2
2020,Professional,Services at home,Unclassified,false,75-84,Female,8913.79,7131.030000000001,23,2
2020,Professional,Services at home,Unclassified,false,75-84,Male,1539.07,1046.3400000000001,16,1
2020,Professional,Services at home,Unclassified,false,85+,Female,3230.3500000000004,2584.27,38,3
2020,Professional,Services at home,Unclassified,false,85+,Male,776.98,621.5799999999999,12,1
2020,Professional,Services at home,Unclassified,false,<65,Female,11500.239999999998,9326.59,115,10
2020,Professional,Services at home,Unclassified,false,<65,Male,8867.539999999999,6909.0,110,8
2020,Professional,Services at home,Unclassified,true,65-74,Male,1603.35,1603.35,17,1
2020,Professional,Services at home,Unclassified,true,75-84,Male,808.07,808.07,10,1
2020,Professional,Services at home,Unclassified,true,<65,Female,1208.1999999999998,966.56,9,1
2020,Professional,Services at home,Unclassified,true,<65,Male,962.47,962.47,8,1
2020,Professional,Urgent care,E&M,false,65-74,Female,14795.560000000001,11836.439999999999,8,4
2020,Professional,Urgent care,E&M,false,65-74,Male,27431.38000000001,20334.690000000002,44,11
2020,Professional,Urgent care,E&M,false,75-84,Female,16360.590000000004,13088.470000000005,15,4
2020,Professional,Urgent care,E&M,false,75-84,Male,12129.350000000004,9703.480000000001,20,4
2020,Professional,Urgent care,E&M,false,85+,Male,4214.7,3371.76,7,3
2020,Professional,Urgent care,E&M,false,<65,Female,17781.07,14224.849999999999,15,7
2020,Professional,Urgent care,E&M,false,<65,Male,31109.010000000002,25269.489999999998,51,16
2020,Professional,Urgent care,E&M,true,65-74,Male,3308.8999999999996,3308.8999999999996,7,1
2020,Professional,Urgent care,E&M,true,75-84,Male,615.85,492.68,1,1
2020,Professional,Urgent care,E&M,true,85+,Female,3695.1,2956.08,6,1
2020,Professional,Urgent care,E&M,true,<65,Female,8127.98,6786.0,12,4
2020,Professional,Urgent care,E&M,true,<65,Male,12439.61,9169.180000000002,19,9
2020,Professional,Urgent care,Exceptions/unclassified,false,65-74,Female,9889.31,7911.45,346,43
2020,Professional,Urgent care,Exceptions/unclassified,false,65-74,Male,6655.63,5324.5,498,49
2020,Professional,Urgent care,Exceptions/unclassified,false,75-84,Female,5041.61,4033.29,348,28
2020,Professional,Urgent care,Exceptions/unclassified,false,75-84,Male,0.0,0.0,390,31
2020,Professional,Urgent care,Exceptions/unclassified,false,85+,Female,0.0,0.0,246,21
2020,Professional,Urgent care,Exceptions/unclassified,false,85+,Male,0.0,0.0,296,24
2020,Professional,Urgent care,Exceptions/unclassified,false,<65,Female,2969.27,2375.42,230,36
2020,Professional,Urgent care,Exceptions/unclassified,false,<65,Male,768.31,768.31,271,46
2020,Professional,Urgent care,Exceptions/unclassified,true,65-74,Female,1915.0,1532.0,99,17
2020,Professional,Urgent care,Exceptions/unclassified,true,65-74,Male,1402.21,1121.77,246,23
2020,Professional,Urgent care,Exceptions/unclassified,true,75-84,Female,0.0,0.0,109,10
2020,Professional,Urgent care,Exceptions/unclassified,true,75-84,Male,0.0,0.0,272,19
2020,Professional,Urgent care,Exceptions/unclassified,true,85+,Female,0.0,0.0,92,5
2020,Professional,Urgent care,Exceptions/unclassified,true,85+,Male,0.0,0.0,73,10
2020,Professional,Urgent care,Exceptions/unclassified,true,<65,Female,0.0,0.0,60,17
2020,Professional,Urgent care,Exceptions/unclassified,true,<65,Male,0.0,0.0,116,23
2020,Professional,Urgent care,Unclassified,false,65-74,Female,335033.17999999865,267283.0699999998,1819,54
2020,Professional,Urgent care,Unclassified,false,65-74,Male,358285.52000000014,280034.6199999991,2683,62
2020,Professional,Urgent care,Unclassified,false,75-84,Female,304882.30000000016,235358.16999999984,1892,32
2020,Professional,Urgent care,Unclassified,false,75-84,Male,225771.0299999994,180275.0899999998,1966,34
2020,Professional,Urgent care,Unclassified,false,85+,Female,145242.2000000006,116008.0,1232,22
2020,Professional,Urgent care,Unclassified,false,85+,Male,201168.19000000018,155678.95000000016,1550,24
2020,Professional,Urgent care,Unclassified,false,<65,Female,249168.8200000001,202685.63000000018,1425,43
2020,Professional,Urgent care,Unclassified,false,<65,Male,315041.3100000001,245977.60999999964,2062,60
2020,Professional,Urgent care,Unclassified,true,65-74,Female,83471.00999999995,64929.11000000003,472,18
2020,Professional,Urgent care,Unclassified,true,65-74,Male,175706.76,147318.70999999964,1258,24
2020,Professional,Urgent care,Unclassified,true,75-84,Female,66903.08999999998,47290.10000000001,536,13
2020,Professional,Urgent care,Unclassified,true,75-84,Male,182548.25999999983,86052.36999999978,1324,23
2020,Professional,Urgent care,Unclassified,true,85+,Female,50039.43999999999,21430.96000000003,441,6
2020,Professional,Urgent care,Unclassified,true,85+,Male,49580.85000000005,39691.34000000004,378,11
2020,Professional,Urgent care,Unclassified,true,<65,Female,74174.12999999998,44715.77999999999,417,18
2020,Professional,Urgent care,Unclassified,true,<65,Male,113225.19999999994,81560.57999999997,773,28
2020,Retail Pharmacy,Prescription drugs (Part D),n/a,false,65-74,Female,925917.3800000015,663586.8800000015,6900,530
2020,Retail Pharmacy,Prescription drugs (Part D),n/a,false,65-74,Male,1168022.620000006,866235.0399999978,7758,499
2020,Retail Pharmacy,Prescription drugs (Part D),n/a,false,75-84,Female,794059.730000008,555076.0099999974,4480,223
2020,Retail Pharmacy,Prescription drugs (Part D),n/a,false,75-84,Male,1013083.8600000045,773970.5999999973,5831,247
2020,Retail Pharmacy,Prescription drugs (Part D),n/a,false,85+,Female,618308.9600000037,469157.0099999998,3422,149
2020,Retail Pharmacy,Prescription drugs (Part D),n/a,false,85+,Male,1048509.9900000078,674746.309999997,4378,148
2020,Retail Pharmacy,Prescription drugs (Part D),n/a,false,<65,Female,1331354.760000008,948463.239999999,6423,723
2020,Retail Pharmacy,Prescription drugs (Part D),n/a,false,<65,Male,1686374.9500000137,1132737.749999997,8448,751
2020,Retail Pharmacy,Prescription drugs (Part D),n/a,true,65-74,Female,369903.19999999966,268418.4000000005,2525,159
2020,Retail Pharmacy,Prescription drugs (Part D),n/a,true,65-74,Male,477016.59999999934,348863.70999999996,3264,190
2020,Retail Pharmacy,Prescription drugs (Part D),n/a,true,75-84,Female,334871.6099999995,260525.90000000008,2227,95
2020,Retail Pharmacy,Prescription drugs (Part D),n/a,true,75-84,Male,405930.6400000007,232818.72000000038,2470,103
2020,Retail Pharmacy,Prescription drugs (Part D),n/a,true,85+,Female,251741.0400000002,126851.40999999997,1249,60
2020,Retail Pharmacy,Prescription drugs (Part D),n/a,true,85+,Male,373786.45999999985,191566.96000000005,1279,39
2020,Retail Pharmacy,Prescription drugs (Part D),n/a,true,<65,Female,580551.960000002,403312.35000000056,2622,247
2020,Retail Pharmacy,Prescription drugs (Part D),n/a,true,<65,Male,521812.08999999997,363446.9699999999,2842,246
2021,Inpatient Hospital,Acute care hospital,n/a,false,65-74,Female,2947955.6799999974,2501265.210000001,279,161
2021,Inpatient Hospital,Acute care hospital,n/a,false,65-74,Male,5713933.889999998,4763169.169999998,288,146
2021,Inpatient Hospital,Acute care hospital,n/a,false,75-84,Female,1140528.5999999999,949958.6799999997,155,85
2021,Inpatient Hospital,Acute care hospital,n/a,false,75-84,Male,2043299.4600000016,1703235.1100000022,259,95
2021,Inpatient Hospital,Acute care hospital,n/a,false,85+,Female,350520.48,291781.4499999999,159,47
2021,Inpatient Hospital,Acute care hospital,n/a,false,85+,Male,575147.5600000002,486461.08000000013,252,57
2021,Inpatient Hospital,Acute care hospital,n/a,false,<65,Female,3664980.53,3242678.6599999988,343,254
2021,Inpatient Hospital,Acute care hospital,n/a,false,<65,Male,3676929.0500000017,3233387.970000002,326,209
2021,Inpatient Hospital,Acute care hospital,n/a,true,65-74,Female,939731.7700000004,856199.3799999999,132,81
2021,Inpatient Hospital,Acute care hospital,n/a,true,65-74,Male,788369.5799999998,709659.7,129,80
2021,Inpatient Hospital,Acute care hospital,n/a,true,75-84,Female,403716.12999999983,366147.06,58,38
2021,Inpatient Hospital,Acute care hospital,n/a,true,75-84,Male,1775398.6099999996,1551475.8499999994,127,50
2021,Inpatient Hospital,Acute care hospital,n/a,true,85+,Female,115846.7,108248.53,22,16
2021,Inpatient Hospital,Acute care hospital,n/a,true,85+,Male,65238.31000000001,56165.770000000026,50,14
2021,Inpatient Hospital,Acute care hospital,n/a,true,<65,Female,819579.6899999998,780105.4499999996,157,110
2021,Inpatient Hospital,Acute care hospital,n/a,true,<65,Male,885549.7799999999,770121.1800000002,131,91
2021,Long-Term Care,Hospice,n/a,false,65-74,Female,435312.87000000005,435312.87000000005,25,25
2021,Long-Term Care,Hospice,n/a,false,65-74,Male,308996.30000000005,308996.30000000005,20,20
2021,Long-Term Care,Hospice,n/a,false,75-84,Female,440435.86,440435.86,25,25
2021,Long-Term Care,Hospice,n/a,false,75-84,Male,482887.81999999995,482887.81999999995,31,31
2021,Long-Term Care,Hospice,n/a,false,85+,Female,60024.92,60024.92,6,6
2021,Long-Term Care,Hospice,n/a,false,85+,Male,87250.85000000002,87250.85000000002,10,10
2021,Long-Term Care,Hospice,n/a,false,<65,Male,17847.38,17847.38,2,2
2021,Long-Term Care,Hospice,n/a,true,65-74,Female,123807.84999999999,123807.84999999999,9,9
2021,Long-Term Care,Hospice,n/a,true,65-74,Male,207911.06999999998,207911.06999999998,9,9
2021,Long-Term Care,Hospice,n/a,true,75-84,Female,62796.030000000006,62796.030000000006,6,6
2021,Long-Term Care,Hospice,n/a,true,75-84,Male,72617.2,72617.2,7,7
2021,Long-Term Care,Hospice,n/a,true,85+,Female,32813.950000000004,32813.950000000004,2,2
2021,Long-Term Care,Hospice,n/a,true,<65,Female,20126.15,20126.15,1,1
2021,Long-Term Care,Skilled nursing facility,n/a,false,65-74,Female,651084.0399999998,538755.67,38,38
2021,Long-Term Care,Skilled nursing facility,n/a,false,65-74,Male,851076.9599999998,680004.75,38,38
2021,Long-Term Care,Skilled nursing facility,n/a,false,75-84,Female,408317.84,326094.94000000006,28,28
2021,Long-Term Care,Skilled nursing facility,n/a,false,75-84,Male,333700.0,266959.85,19,18
2021,Long-Term Care,Skilled nursing facility,n/a,false,85+,Female,184442.6,147482.42,10,10
2021,Long-Term Care,Skilled nursing facility,n/a,false,85+,Male,95175.78,76140.62,6,6
2021,Long-Term Care,Skilled nursing facility,n/a,false,<65,Female,125254.43000000001,100203.56,11,11
2021,Long-Term Care,Skilled nursing facility,n/a,false,<65,Male,230986.21,186863.47999999998,15,15
2021,Long-Term Care,Skilled nursing facility,n/a,true,65-74,Female,223805.63,207779.36,14,14
2021,Long-Term Care,Skilled nursing facility,n/a,true,65-74,Male,188013.09,164617.01,12,12
2021,Long-Term Care,Skilled nursing facility,n/a,true,75-84,Female,134564.79,124059.21,6,6
2021,Long-Term Care,Skilled nursing facility,n/a,true,75-84,Male,80872.06,70299.06999999999,7,7
2021,Long-Term Care,Skilled nursing facility,n/a,true,85+,Female,132171.91999999998,126335.26,7,7
2021,Long-Term Care,Skilled nursing facility,n/a,true,85+,Male,45363.78,45363.78,2,2
2021,Long-Term Care,Skilled nursing facility,n/a,true,<65,Female,61687.649999999994,59492.2,6,6
2021,Long-Term Care,Skilled nursing facility,n/a,true,<65,Male,111176.89,101105.42,6,6
2021,Other,Durable medical equipment,n/a,false,65-74,Female,3048.989999999997,2413.079999999995,838,425
2021,Other,Durable medical equipment,n/a,false,65-74,Male,4123.039999999999,3276.1399999999935,1908,442
2021,Other,Durable medical equipment,n/a,false,75-84,Female,1598.440000000001,1249.2999999999995,580,198
2021,Other,Durable medical equipment,n/a,false,75-84,Male,1677.400000000001,1325.5600000000002,1192,192
2021,Other,Durable medical equipment,n/a,false,85+,Female,784.0500000000003,594.5600000000002,360,86
2021,Other,Durable medical equipment,n/a,false,85+,Male,736.1100000000008,577.3599999999998,658,80
2021,Other,Durable medical equipment,n/a,false,<65,Female,6024.33999999998,4908.870000000001,1652,463
2021,Other,Durable medical equipment,n/a,false,<65,Male,6409.919999999991,5201.049999999998,3258,585
2021,Other,Durable medical equipment,n/a,true,65-74,Female,1339.440000000001,1105.0600000000013,429,148
2021,Other,Durable medical equipment,n/a,true,65-74,Male,1125.7200000000014,950.0200000000007,603,136
2021,Other,Durable medical equipment,n/a,true,75-84,Female,520.8999999999997,471.3599999999999,205,62
2021,Other,Durable medical equipment,n/a,true,75-84,Male,740.1800000000003,627.6500000000004,330,72
2021,Other,Durable medical equipment,n/a,true,85+,Female,331.89,273.5,135,27
2021,Other,Durable medical equipment,n/a,true,85+,Male,202.1,166.89000000000001,89,19
2021,Other,Durable medical equipment,n/a,true,<65,Female,1571.9900000000016,1261.1800000000003,637,150
2021,Other,Durable medical equipment,n/a,true,<65,Male,2358.5299999999984,1929.7999999999986,1234,189
2021,Outpatient Hospital,Hospital outpatient,n/a,false,65-74,Female,8061417.259999986,7884108.989999987,6865,908
2021,Outpatient Hospital,Hospital outpatient,n/a,false,65-74,Male,7016259.769999972,6865062.91999997,6268,871
2021,Outpatient Hospital,Hospital outpatient,n/a,false,75-84,Female,3210120.309999993,3137657.219999993,2902,407
2021,Outpatient Hospital,Hospital outpatient,n/a,false,75-84,Male,3682954.629999993,3599904.3099999917,3681,421
2021,Outpatient Hospital,Hospital outpatient,n/a,false,85+,Female,1698344.2000000002,1658041.98,1839,212
2021,Outpatient Hospital,Hospital outpatient,n/a,false,85+,Male,1924968.32,1881269.4700000002,2385,209
2021,Outpatient Hospital,Hospital outpatient,n/a,false,<65,Female,28979791.110000033,28565808.55000004,13686,1210
2021,Outpatient Hospital,Hospital outpatient,n/a,false,<65,Male,16080677.059999887,15685703.299999882,12403,1232
2021,Outpatient Hospital,Hospital outpatient,n/a,true,65-74,Female,2985219.359999997,2941505.799999997,2063,311
2021,Outpatient Hospital,Hospital outpatient,n/a,true,65-74,Male,2679603.160000002,2639277.420000002,2089,298
2021,Outpatient Hospital,Hospital outpatient,n/a,true,75-84,Female,762606.1099999993,746942.1499999994,828,148
2021,Outpatient Hospital,Hospital outpatient,n/a,true,75-84,Male,1507320.5400000012,1481076.140000001,1703,169
2021,Outpatient Hospital,Hospital outpatient,n/a,true,85+,Female,778566.4100000004,765456.5000000005,932,79
2021,Outpatient Hospital,Hospital outpatient,n/a,true,85+,Male,850539.0999999996,837552.9999999998,963,64
2021,Outpatient Hospital,Hospital outpatient,n/a,true,<65,Female,11840192.499999989,11756492.11999999,5039,393
2021,Outpatient Hospital,Hospital outpatient,n/a,true,<65,Male,5231299.309999991,5158553.92999999,4094,421
2021,Professional,Home health,n/a,false,65-74,Female,128578.89,128578.89,18,17
2021,Professional,Home health,n/a,false,65-74,Male,154605.10999999996,154605.10999999996,20,20
2021,Professional,Home health,n/a,false,75-84,Female,86995.94000000002,86995.94000000002,13,10
2021,Professional,Home health,n/a,false,75-84,Male,52934.05,52934.05,8,7
2021,Professional,Home health,n/a,false,85+,Male,8982.23,8982.23,1,1
2021,Professional,Home health,n/a,false,<65,Male,10716.14,10716.14,2,1
2021,Professional,Home health,n/a,true,65-74,Female,58533.05999999999,58533.05999999999,6,6
2021,Professional,Home health,n/a,true,65-74,Male,91605.08,91605.08,11,10
2021,Professional,Home health,n/a,true,75-84,Female,15683.28,15683.28,1,1
2021,Professional,Home health,n/a,true,75-84,Male,3853.6,3853.6,1,1
2021,Professional,Home health,n/a,true,85+,Female,10347.77,10347.77,2,1
2021,Professional,Inpatient/outpatient hospital setting,E&M,false,65-74,Female,1206.6,965.28,2,2
2021,Professional,Inpatient/outpatient hospital setting,E&M,false,65-74,Male,1599.1499999999999,1279.32,3,3
2021,Professional,Inpatient/outpatient hospital setting,E&M,false,75-84,Female,600.5,480.4,1,1
2021,Professional,Inpatient/outpatient hospital setting,E&M,false,<65,Female,615.85,492.68,1,1
2021,Professional,Inpatient/outpatient hospital setting,E&M,false,<65,Male,584.0,467.2,1,1
2021,Professional,Inpatient/outpatient hospital setting,E&M,true,65-74,Female,600.5,480.4,1,1
2021,Professional,Inpatient/outpatient hospital setting,E&M,true,65-74,Male,620.44,620.44,1,1
2021,Professional,Inpatient/outpatient hospital setting,Exceptions/unclassified,false,65-74,Female,3608.6,2886.88,6,4
2021,Professional,Inpatient/outpatient hospital setting,Exceptions/unclassified,false,65-74,Male,884.3,707.44,2,2
2021,Professional,Inpatient/outpatient hospital setting,Exceptions/unclassified,false,75-84,Female,600.5,480.4,1,1
2021,Professional,Inpatient/outpatient hospital setting,Exceptions/unclassified,false,<65,Female,615.85,492.68,1,1
2021,Professional,Inpatient/outpatient hospital setting,Exceptions/unclassified,false,<65,Male,370.2,296.16,1,1
2021,Professional,Inpatient/outpatient hospital setting,Exceptions/unclassified,true,65-74,Female,620.44,0.0,1,1
2021,Professional,Inpatient/outpatient hospital setting,Exceptions/unclassified,true,65-74,Male,2366.2400000000002,1031.72,4,4
2021,Professional,Inpatient/outpatient hospital setting,Exceptions/unclassified,true,75-84,Male,1127.44,1127.44,2,2
2021,Professional,Inpatient/outpatient hospital setting,Exceptions/unclassified,true,<65,Male,615.85,492.68,1,1
2021,Professional,Inpatient/outpatient hospital setting,Imaging,false,65-74,Female,476.3,381.04,1,1
2021,Professional,Inpatient/outpatient hospital setting,Imaging,false,65-74,Male,2723.2999999999997,2178.64,5,5
2021,Professional,Inpatient/outpatient hospital setting,Imaging,false,75-84,Male,1129.95,903.96,2,2
2021,Professional,Inpatient/outpatient hospital setting,Imaging,false,85+,Male,527.59,422.07,1,1
2021,Professional,Inpatient/outpatient hospital setting,Imaging,false,<65,Female,3730.23,2984.18,7,6
2021,Professional,Inpatient/outpatient hospital setting,Imaging,false,<65,Male,2612.3500000000004,1954.74,5,5
2021,Professional,Inpatient/outpatient hospital setting,Imaging,true,75-84,Female,436.75,436.75,1,1
2021,Professional,Inpatient/outpatient hospital setting,Imaging,true,<65,Male,1577.1299999999999,1577.1299999999999,3,3
2021,Professional,Inpatient/outpatient hospital setting,Unclassified,false,65-74,Female,641367.4300000004,513094.0500000002,404,23
2021,Professional,Inpatient/outpatient hospital setting,Unclassified,false,65-74,Male,543514.3900000004,434811.47999999986,286,18
2021,Professional,Inpatient/outpatient hospital setting,Unclassified,false,75-84,Female,196882.16999999995,157505.74999999994,107,6
2021,Professional,Inpatient/outpatient hospital setting,Unclassified,false,75-84,Male,70996.53000000003,56797.25000000003,109,7
2021,Professional,Inpatient/outpatient hospital setting,Unclassified,false,85+,Female,3388.0200000000004,2710.3999999999996,10,1
2021,Professional,Inpatient/outpatient hospital setting,Unclassified,false,85+,Male,18922.000000000004,15137.549999999997,27,1
2021,Professional,Inpatient/outpatient hospital setting,Unclassified,false,<65,Female,150269.23999999996,120018.48999999999,137,10
2021,Professional,Inpatient/outpatient hospital setting,Unclassified,false,<65,Male,338207.63,283914.3899999999,173,18
2021,Professional,Inpatient/outpatient hospital setting,Unclassified,true,65-74,Female,228038.43,177903.43,116,9
2021,Professional,Inpatient/outpatient hospital setting,Unclassified,true,65-74,Male,331017.3999999999,241163.82000000004,187,10
2021,Professional,Inpatient/outpatient hospital setting,Unclassified,true,75-84,Female,37159.9,30216.059999999998,22,3
2021,Professional,Inpatient/outpatient hospital setting,Unclassified,true,75-84,Male,24494.559999999998,24284.559999999998,34,2
2021,Professional,Inpatient/outpatient hospital setting,Unclassified,true,85+,Male,3870.9800000000005,3096.78,10,1
2021,Professional,Inpatient/outpatient hospital setting,Unclassified,true,<65,Female,43953.310000000005,35162.64,10,1
2021,Professional,Inpatient/outpatient hospital setting,Unclassified,true,<65,Male,73069.70999999999,62481.31999999999,50,5
2021,Professional,Nursing facility / hospice setting,E&M,false,65-74,Female,620.44,496.35,1,1
2021,Professional,Nursing facility / hospice setting,E&M,false,75-84,Male,620.44,496.35,1,1
2021,Professional,Nursing facility / hospice setting,E&M,false,<65,Female,620.44,496.35,1,1
2021,Professional,Nursing facility / hospice setting,E&M,false,<65,Male,1570.03,1256.02,3,3
2021,Professional,Nursing facility / hospice setting,E&M,true,<65,Male,507.0,405.6,1,1
2021,Professional,Nursing facility / hospice setting,Exceptions/unclassified,false,65-74,Female,2074.44,1659.55,21,9
2021,Professional,Nursing facility / hospice setting,Exceptions/unclassified,false,65-74,Male,0.0,0.0,22,8
2021,Professional,Nursing facility / hospice setting,Exceptions/unclassified,false,75-84,Female,0.0,0.0,3,1
2021,Professional,Nursing facility / hospice setting,Exceptions/unclassified,false,75-84,Male,2974.03,2379.22,15,5
2021,Professional,Nursing facility / hospice setting,Exceptions/unclassified,false,85+,Female,0.0,0.0,3,1
2021,Professional,Nursing facility / hospice setting,Exceptions/unclassified,false,85+,Male,0.0,0.0,6,2
2021,Professional,Nursing facility / hospice setting,Exceptions/unclassified,false,<65,Female,3171.02,2536.81,18,7
2021,Professional,Nursing facility / hospice setting,Exceptions/unclassified,false,<65,Male,0.0,0.0,22,9
2021,Professional,Nursing facility / hospice setting,Exceptions/unclassified,true,65-74,Female,0.0,0.0,1,1
2021,Professional,Nursing facility / hospice setting,Exceptions/unclassified,true,<65,Male,0.0,0.0,2,1
2021,Professional,Nursing facility / hospice setting,Unclassified,false,65-74,Female,24391.45,19212.54,102,9
2021,Professional,Nursing facility / hospice setting,Unclassified,false,65-74,Male,13506.63,10541.779999999999,109,8
2021,Professional,Nursing facility / hospice setting,Unclassified,false,75-84,Female,756.3399999999999,420.04999999999995,14,1
2021,Professional,Nursing facility / hospice setting,Unclassified,false,75-84,Male,13987.610000000006,10821.52,72,6
2021,Professional,Nursing facility / hospice setting,Unclassified,false,85+,Female,1458.19,1166.5500000000002,14,1
2021,Professional,Nursing facility / hospice setting,Unclassified,false,85+,Male,4368.9800000000005,3495.16,26,3
2021,Professional,Nursing facility / hospice setting,Unclassified,false,<65,Female,19999.409999999996,15813.02,98,10
2021,Professional,Nursing facility / hospice setting,Unclassified,false,<65,Male,26586.52,20714.77,136,12
2021,Professional,Nursing facility / hospice setting,Unclassified,true,65-74,Female,1229.6399999999999,1229.6399999999999,11,1
2021,Professional,Nursing facility / hospice setting,Unclassified,true,85+,Female,458.34000000000003,458.34000000000003,3,1
2021,Professional,Nursing facility / hospice setting,Unclassified,true,<65,Male,1581.76,1079.0100000000002,15,1
2021,Professional,Office (incl. telehealth),E&M,false,65-74,Female,46749.81,37827.22,54,48
2021,Professional,Office (incl. telehealth),E&M,false,65-74,Male,91824.5,70756.89,144,104
2021,Professional,Office (incl. telehealth),E&M,false,75-84,Female,27316.08,21852.870000000003,24,21
2021,Professional,Office (incl. telehealth),E&M,false,75-84,Male,48613.08,38888.97,73,47
2021,Professional,Office (incl. telehealth),E&M,false,85+,Female,19912.520000000004,15548.96,31,15
2021,Professional,Office (incl. telehealth),E&M,false,85+,Male,21531.900000000005,17225.5,43,24
2021,Professional,Office (incl. telehealth),E&M,false,<65,Female,144769.07999999996,116473.93999999997,201,155
2021,Professional,Office (incl. telehealth),E&M,false,<65,Male,235073.1300000001,188086.74000000005,358,318
2021,Professional,Office (incl. telehealth),E&M,true,65-74,Female,24123.6,21342.22,26,15
2021,Professional,Office (incl. telehealth),E&M,true,65-74,Male,29583.57,26531.279999999995,49,28
2021,Professional,Office (incl. telehealth),E&M,true,75-84,Female,11326.65,9706.78,15,8
2021,Professional,Office (incl. telehealth),E&M,true,75-84,Male,18638.590000000004,13890.81,33,19
2021,Professional,Office (incl. telehealth),E&M,true,85+,Female,2485.44,2062.3900000000003,5,5
2021,Professional,Office (incl. telehealth),E&M,true,85+,Male,3874.05,3053.9800000000005,8,5
2021,Professional,Office (incl. telehealth),E&M,true,<65,Female,37928.47,30611.420000000002,59,52
2021,Professional,Office (incl. telehealth),E&M,true,<65,Male,94407.02,77912.83,133,97
2021,Professional,Office (incl. telehealth),Exceptions/unclassified,false,65-74,Female,20147.81,16118.25,2656,850
2021,Professional,Office (incl. telehealth),Exceptions/unclassified,false,65-74,Male,45809.899999999994,36647.95,2851,803
2021,Professional,Office (incl. telehealth),Exceptions/unclassified,false,75-84,Female,13069.73,10455.79,1394,381
2021,Professional,Office (incl. telehealth),Exceptions/unclassified,false,75-84,Male,19185.059999999998,15348.05,1924,400
2021,Professional,Office (incl. telehealth),Exceptions/unclassified,false,85+,Female,8113.450000000001,6965.5,968,201
2021,Professional,Office (incl. telehealth),Exceptions/unclassified,false,85+,Male,0.0,0.0,1009,197
2021,Professional,Office (incl. telehealth),Exceptions/unclassified,false,<65,Female,60572.469999999994,48660.34,2317,860
2021,Professional,Office (incl. telehealth),Exceptions/unclassified,false,<65,Male,68387.44,53610.920000000006,2389,943
2021,Professional,Office (incl. telehealth),Exceptions/unclassified,true,65-74,Female,23609.37,18886.35,950,263
2021,Professional,Office (incl. telehealth),Exceptions/unclassified,true,65-74,Male,12824.01,10639.7,985,256
2021,Professional,Office (incl. telehealth),Exceptions/unclassified,true,75-84,Female,2077.03,2077.03,587,132
2021,Professional,Office (incl. telehealth),Exceptions/unclassified,true,75-84,Male,3061.56,2449.25,604,145
2021,Professional,Office (incl. telehealth),Exceptions/unclassified,true,85+,Female,5198.85,4159.08,311,66
2021,Professional,Office (incl. telehealth),Exceptions/unclassified,true,85+,Male,6887.6900000000005,6394.63,236,54
2021,Professional,Office (incl. telehealth),Exceptions/unclassified,true,<65,Female,11712.210000000001,10642.56,674,257
2021,Professional,Office (incl. telehealth),Exceptions/unclassified,true,<65,Male,40613.70999999999,24766.87,718,285
2021,Professional,Office (incl. telehealth),Unclassified,false,65-74,Female,1618694.3299999996,1255973.4699999958,12510,889
2021,Professional,Office (incl. telehealth),Unclassified,false,65-74,Male,1812513.4300000044,1399933.3499999936,14144,845
2021,Professional,Office (incl. telehealth),Unclassified,false,75-84,Female,946174.0900000029,737398.7199999993,6568,400
2021,Professional,Office (incl. telehealth),Unclassified,false,75-84,Male,1231772.670000008,970427.6200000006,9510,422
2021,Professional,Office (incl. telehealth),Unclassified,false,85+,Female,729591.4599999997,580006.2200000001,4776,213
2021,Professional,Office (incl. telehealth),Unclassified,false,85+,Male,636348.5600000012,502088.7499999999,5141,214
2021,Professional,Office (incl. telehealth),Unclassified,false,<65,Female,2799530.9500000025,2229886.470000003,14944,1138
2021,Professional,Office (incl. telehealth),Unclassified,false,<65,Male,2700950.110000003,2119436.7300000037,16688,1236
2021,Professional,Office (incl. telehealth),Unclassified,true,65-74,Female,619993.3200000005,502011.47000000026,4516,278
2021,Professional,Office (incl. telehealth),Unclassified,true,65-74,Male,589409.4100000005,482040.29999999923,4756,269
2021,Professional,Office (incl. telehealth),Unclassified,true,75-84,Female,341984.0499999996,290853.22999999975,2600,138
2021,Professional,Office (incl. telehealth),Unclassified,true,75-84,Male,334158.9500000003,253600.7799999998,2903,152
2021,Professional,Office (incl. telehealth),Unclassified,true,85+,Female,187087.81000000003,138131.16999999984,1401,72
2021,Professional,Office (incl. telehealth),Unclassified,true,85+,Male,152110.5899999999,104122.81000000001,1145,60
2021,Professional,Office (incl. telehealth),Unclassified,true,<65,Female,818993.4000000018,685278.3999999999,4314,346
2021,Professional,Office (incl. telehealth),Unclassified,true,<65,Male,954304.5900000017,746437.7000000003,4839,372
2021,Professional,Services at home,E&M,false,65-74,Male,615.85,492.68,1,1
2021,Professional,Services at home,E&M,false,<65,Female,468.2,374.56,1,1
2021,Professional,Services at home,E&M,false,<65,Male,1845.1,1476.08,4,4
2021,Professional,Services at home,Exceptions/unclassified,false,65-74,Female,0.0,0.0,5,2
2021,Professional,Services at home,Exceptions/unclassified,false,65-74,Male,0.0,0.0,6,2
2021,Professional,Services at home,Exceptions/unclassified,false,75-84,Female,0.0,0.0,5,2
2021,Professional,Services at home,Exceptions/unclassified,false,75-84,Male,0.0,0.0,3,1
2021,Professional,Services at home,Exceptions/unclassified,false,85+,Female,0.0,0.0,10,3
2021,Professional,Services at home,Exceptions/unclassified,false,85+,Male,0.0,0.0,1,1
2021,Professional,Services at home,Exceptions/unclassified,false,<65,Female,0.0,0.0,15,7
2021,Professional,Services at home,Exceptions/unclassified,false,<65,Male,0.0,0.0,16,7
2021,Professional,Services at home,Exceptions/unclassified,true,65-74,Male,0.0,0.0,2,1
2021,Professional,Services at home,Exceptions/unclassified,true,75-84,Male,0.0,0.0,3,1
2021,Professional,Services at home,Exceptions/unclassified,true,<65,Female,0.0,0.0,3,1
2021,Professional,Services at home,Unclassified,false,65-74,Female,1975.25,1395.37,26,2
2021,Professional,Services at home,Unclassified,false,65-74,Male,2728.7599999999998,1998.67,35,2
2021,Professional,Services at home,Unclassified,false,75-84,Female,2693.12,2050.4700000000003,26,2
2021,Professional,Services at home,Unclassified,false,75-84,Male,1384.02,922.3000000000001,15,1
2021,Professional,Services at home,Unclassified,false,85+,Female,3559.63,2847.7,36,3
2021,Professional,Services at home,Unclassified,false,85+,Male,776.98,621.5799999999999,6,1
2021,Professional,Services at home,Unclassified,false,<65,Female,10397.979999999998,8844.3,107,10
2021,Professional,Services at home,Unclassified,false,<65,Male,11661.45,8456.02,144,11
2021,Professional,Services at home,Unclassified,true,65-74,Male,1142.63,1142.63,10,1
2021,Professional,Services at home,Unclassified,true,75-84,Male,1115.78,1115.78,7,1
2021,Professional,Services at home,Unclassified,true,<65,Female,1160.3400000000001,1160.3400000000001,12,1
2021,Professional,Services at home,Unclassified,true,<65,Male,904.8700000000001,0.0,8,1
2021,Professional,Urgent care,E&M,false,65-74,Female,600.5,480.4,1,1
2021,Professional,Urgent care,E&M,false,65-74,Male,19803.780000000002,15843.02,34,7
2021,Professional,Urgent care,E&M,false,75-84,Female,5542.650000000001,4434.12,9,1
2021,Professional,Urgent care,E&M,false,75-84,Male,16612.600000000006,11319.360000000002,27,5
2021,Professional,Urgent care,E&M,false,85+,Female,615.85,492.68,1,1
2021,Professional,Urgent care,E&M,false,85+,Male,5431.05,4344.84,9,5
2021,Professional,Urgent care,E&M,false,<65,Female,7074.75,6037.96,13,6
2021,Professional,Urgent care,E&M,false,<65,Male,33084.35999999999,26467.479999999996,57,14
2021,Professional,Urgent care,E&M,true,65-74,Female,472.9,378.32,1,1
2021,Professional,Urgent care,E&M,true,65-74,Male,9023.48,8189.739999999999,14,5
2021,Professional,Urgent care,E&M,true,75-84,Male,600.5,600.5,1,1
2021,Professional,Urgent care,E&M,true,85+,Female,3079.25,2463.4,5,1
2021,Professional,Urgent care,E&M,true,85+,Male,600.5,600.5,1,1
2021,Professional,Urgent care,E&M,true,<65,Female,3173.2000000000003,2160.24,6,4
2021,Professional,Urgent care,E&M,true,<65,Male,3413.5,3091.1,7,4
2021,Professional,Urgent care,Exceptions/unclassified,false,65-74,Female,0.0,0.0,433,63
2021,Professional,Urgent care,Exceptions/unclassified,false,65-74,Male,9616.12,7692.900000000001,476,52
2021,Professional,Urgent care,Exceptions/unclassified,false,75-84,Female,2660.67,2128.54,347,30
2021,Professional,Urgent care,Exceptions/unclassified,false,75-84,Male,0.0,0.0,489,40
2021,Professional,Urgent care,Exceptions/unclassified,false,85+,Female,0.0,0.0,305,22
2021,Professional,Urgent care,Exceptions/unclassified,false,85+,Male,0.0,0.0,408,31
2021,Professional,Urgent care,Exceptions/unclassified,false,<65,Female,434.05,347.24,235,39
2021,Professional,Urgent care,Exceptions/unclassified,false,<65,Male,481.7,385.36,270,46
2021,Professional,Urgent care,Exceptions/unclassified,true,65-74,Female,0.0,0.0,85,13
2021,Professional,Urgent care,Exceptions/unclassified,true,65-74,Male,0.0,0.0,203,25
2021,Professional,Urgent care,Exceptions/unclassified,true,75-84,Female,0.0,0.0,127,13
2021,Professional,Urgent care,Exceptions/unclassified,true,75-84,Male,0.0,0.0,262,24
2021,Professional,Urgent care,Exceptions/unclassified,true,85+,Female,0.0,0.0,81,5
2021,Professional,Urgent care,Exceptions/unclassified,true,85+,Male,0.0,0.0,66,10
2021,Professional,Urgent care,Exceptions/unclassified,true,<65,Female,1206.6,1206.6,62,19
2021,Professional,Urgent care,Exceptions/unclassified,true,<65,Male,0.0,0.0,45,13
2021,Professional,Urgent care,Unclassified,false,65-74,Female,281108.18,222448.1199999995,2249,69
2021,Professional,Urgent care,Unclassified,false,65-74,Male,334931.2599999998,266891.66999999876,2586,63
2021,Professional,Urgent care,Unclassified,false,75-84,Female,260791.5500000004,204096.2399999999,1848,35
2021,Professional,Urgent care,Unclassified,false,75-84,Male,324984.8999999994,255046.3299999993,2721,45
2021,Professional,Urgent care,Unclassified,false,85+,Female,180121.58000000095,143916.33999999939,1538,23
2021,Professional,Urgent care,Unclassified,false,85+,Male,277120.50999999937,207682.89000000036,2119,32
2021,Professional,Urgent care,Unclassified,false,<65,Female,183007.61999999997,149629.42000000004,1358,53
2021,Professional,Urgent care,Unclassified,false,<65,Male,287036.0300000002,227372.00999999943,2021,55
2021,Professional,Urgent care,Unclassified,true,65-74,Female,65493.98999999997,52135.93000000003,389,15
2021,Professional,Urgent care,Unclassified,true,65-74,Male,154612.80999999997,130312.20999999969,1213,29
2021,Professional,Urgent care,Unclassified,true,75-84,Female,75103.49999999996,55389.59999999996,577,13
2021,Professional,Urgent care,Unclassified,true,75-84,Male,165233.3900000001,82056.43999999984,1197,25
2021,Professional,Urgent care,Unclassified,true,85+,Female,45181.04999999998,21141.67000000002,425,5
2021,Professional,Urgent care,Unclassified,true,85+,Male,38432.05000000002,29998.68000000003,314,10
2021,Professional,Urgent care,Unclassified,true,<65,Female,63483.09000000001,41466.96999999999,416,22
2021,Professional,Urgent care,Unclassified,true,<65,Male,56475.36999999995,42180.69000000002,370,21
2021,Retail Pharmacy,Prescription drugs (Part D),n/a,false,65-74,Female,970786.8200000029,722574.199999999,7469,561
2021,Retail Pharmacy,Prescription drugs (Part D),n/a,false,65-74,Male,1137523.5300000068,860463.599999996,7629,551
2021,Retail Pharmacy,Prescription drugs (Part D),n/a,false,75-84,Female,732205.9100000074,513270.5199999983,4762,263
2021,Retail Pharmacy,Prescription drugs (Part D),n/a,false,75-84,Male,1173042.9700000058,909323.1999999997,6846,287
2021,Retail Pharmacy,Prescription drugs (Part D),n/a,false,85+,Female,630611.650000003,487090.84000000055,3432,154
2021,Retail Pharmacy,Prescription drugs (Part D),n/a,false,85+,Male,1433138.800000008,992539.9899999995,5714,163
2021,Retail Pharmacy,Prescription drugs (Part D),n/a,false,<65,Female,1393714.1900000027,1034216.9300000002,6971,739
2021,Retail Pharmacy,Prescription drugs (Part D),n/a,false,<65,Male,1541468.5800000117,1101894.219999995,8211,792
2021,Retail Pharmacy,Prescription drugs (Part D),n/a,true,65-74,Female,397635.4499999989,289751.82000000076,2955,185
2021,Retail Pharmacy,Prescription drugs (Part D),n/a,true,65-74,Male,569405.5199999987,438918.15000000026,3469,194
2021,Retail Pharmacy,Prescription drugs (Part D),n/a,true,75-84,Female,300698.1099999997,239098.5399999998,2024,97
2021,Retail Pharmacy,Prescription drugs (Part D),n/a,true,75-84,Male,368065.4400000005,228724.37000000046,2457,113
2021,Retail Pharmacy,Prescription drugs (Part D),n/a,true,85+,Female,228385.45000000036,124083.16999999997,1209,65
2021,Retail Pharmacy,Prescription drugs (Part D),n/a,true,85+,Male,349376.35000000003,155153.1300000001,1239,41
2021,Retail Pharmacy,Prescription drugs (Part D),n/a,true,<65,Female,555014.9400000036,378630.09000000125,2585,232
2021,Retail Pharmacy,Prescription drugs (Part D),n/a,true,<65,Male,440574.06999999966,301610.74999999994,2580,253
2022,Inpatient Hospital,Acute care hospital,n/a,false,65-74,Female,3436834.2200000007,2873021.5799999963,317,172
2022,Inpatient Hospital,Acute care hospital,n/a,false,65-74,Male,7562113.339999995,6565081.429999996,315,164
2022,Inpatient Hospital,Acute care hospital,n/a,false,75-84,Female,834146.1199999999,694465.9199999996,163,94
2022,Inpatient Hospital,Acute care hospital,n/a,false,75-84,Male,2108568.000000001,1756752.530000002,279,100
2022,Inpatient Hospital,Acute care hospital,n/a,false,85+,Female,297114.5600000002,248750.76000000004,243,39
2022,Inpatient Hospital,Acute care hospital,n/a,false,85+,Male,401577.15,341988.4800000001,262,60
2022,Inpatient Hospital,Acute care hospital,n/a,false,<65,Female,4540260.439999996,4103080.340000001,380,281
2022,Inpatient Hospital,Acute care hospital,n/a,false,<65,Male,6782778.09,6093115.470000001,343,198
2022,Inpatient Hospital,Acute care hospital,n/a,true,65-74,Female,884068.0400000004,821262.8699999999,117,76
2022,Inpatient Hospital,Acute care hospital,n/a,true,65-74,Male,2692583.570000002,2287711.03,197,78
2022,Inpatient Hospital,Acute care hospital,n/a,true,75-84,Female,430712.54999999993,402597.9499999999,73,42
2022,Inpatient Hospital,Acute care hospital,n/a,true,75-84,Male,1561686.9500000007,1330304.4200000004,175,51
2022,Inpatient Hospital,Acute care hospital,n/a,true,85+,Female,96271.34000000003,86406.48999999999,39,17
2022,Inpatient Hospital,Acute care hospital,n/a,true,85+,Male,129623.82999999997,118250.80000000002,73,25
2022,Inpatient Hospital,Acute care hospital,n/a,true,<65,Female,538039.4700000001,511212.0299999998,132,100
2022,Inpatient Hospital,Acute care hospital,n/a,true,<65,Male,1203456.4300000004,1132245.1699999992,140,91
2022,Long-Term Care,Hospice,n/a,false,65-74,Female,261743.88,261743.88,19,19
2022,Long-Term Care,Hospice,n/a,false,65-74,Male,610847.48,610847.48,33,33
2022,Long-Term Care,Hospice,n/a,false,75-84,Female,299482.89999999997,299482.89999999997,20,20
2022,Long-Term Care,Hospice,n/a,false,75-84,Male,311077.95000000007,311077.95000000007,25,25
2022,Long-Term Care,Hospice,n/a,false,85+,Female,49348.61,49348.61,4,4
2022,Long-Term Care,Hospice,n/a,false,85+,Male,11716.55,11716.55,2,2
2022,Long-Term Care,Hospice,n/a,false,<65,Female,18576.22,18576.22,1,1
2022,Long-Term Care,Hospice,n/a,false,<65,Male,32302.71,32302.71,2,2
2022,Long-Term Care,Hospice,n/a,true,65-74,Female,155559.81,155559.81,10,10
2022,Long-Term Care,Hospice,n/a,true,65-74,Male,92569.37,92569.37,6,6
2022,Long-Term Care,Hospice,n/a,true,75-84,Female,136208.35,136208.35,9,9
2022,Long-Term Care,Hospice,n/a,true,75-84,Male,165693.65999999995,165693.65999999995,11,11
2022,Long-Term Care,Hospice,n/a,true,85+,Female,26358.62,26358.62,1,1
2022,Long-Term Care,Hospice,n/a,true,85+,Male,16886.35,16886.35,2,2
2022,Long-Term Care,Skilled nursing facility,n/a,false,65-74,Female,617117.12,507056.44,33,33
2022,Long-Term Care,Skilled nursing facility,n/a,false,65-74,Male,522577.45999999996,415293.82000000007,35,35
2022,Long-Term Care,Skilled nursing facility,n/a,false,75-84,Female,436462.94999999995,349170.03,25,25
2022,Long-Term Care,Skilled nursing facility,n/a,false,75-84,Male,388457.41000000003,310579.19,22,22
2022,Long-Term Care,Skilled nursing facility,n/a,false,85+,Female,130225.62000000002,104180.4,8,8
2022,Long-Term Care,Skilled nursing facility,n/a,false,85+,Male,220512.74,176223.79,6,6
2022,Long-Term Care,Skilled nursing facility,n/a,false,<65,Female,237309.67000000004,191439.71999999997,13,13
2022,Long-Term Care,Skilled nursing facility,n/a,false,<65,Male,249924.90000000002,206939.94999999998,15,15
2022,Long-Term Care,Skilled nursing facility,n/a,true,65-74,Female,402572.56999999995,381591.14,20,20
2022,Long-Term Care,Skilled nursing facility,n/a,true,65-74,Male,214080.31999999998,183224.27999999997,12,12
2022,Long-Term Care,Skilled nursing facility,n/a,true,75-84,Female,155867.46,134089.12999999998,9,9
2022,Long-Term Care,Skilled nursing facility,n/a,true,75-84,Male,122042.66,108361.63,7,7
2022,Long-Term Care,Skilled nursing facility,n/a,true,85+,Female,34797.42,31608.969999999998,5,5
2022,Long-Term Care,Skilled nursing facility,n/a,true,85+,Male,26683.82,24431.760000000002,2,2
2022,Long-Term Care,Skilled nursing facility,n/a,true,<65,Female,51449.119999999995,49850.89,5,5
2022,Long-Term Care,Skilled nursing facility,n/a,true,<65,Male,64928.89,59994.009999999995,5,5
2022,Other,Durable medical equipment,n/a,false,65-74,Female,3733.6300000000015,2888.1099999999897,951,456
2022,Other,Durable medical equipment,n/a,false,65-74,Male,3807.689999999995,2851.369999999992,1884,452
2022,Other,Durable medical equipment,n/a,false,75-84,Female,1871.3800000000003,1464.6700000000005,596,228
2022,Other,Durable medical equipment,n/a,false,75-84,Male,2385.480000000001,1850.779999999997,1484,222
2022,Other,Durable medical equipment,n/a,false,85+,Female,902.5600000000007,670.3200000000003,336,88
2022,Other,Durable medical equipment,n/a,false,85+,Male,838.2900000000001,640.2600000000001,586,70
2022,Other,Durable medical equipment,n/a,false,<65,Female,6053.939999999975,4863.320000000011,1634,471
2022,Other,Durable medical equipment,n/a,false,<65,Male,6741.059999999966,5299.160000000012,3137,605
2022,Other,Durable medical equipment,n/a,true,65-74,Female,1398.130000000001,1148.2800000000004,512,160
2022,Other,Durable medical equipment,n/a,true,65-74,Male,1682.9599999999996,1449.5899999999992,634,149
2022,Other,Durable medical equipment,n/a,true,75-84,Female,865.3800000000002,723.8499999999999,271,78
2022,Other,Durable medical equipment,n/a,true,75-84,Male,712.2400000000005,608.5800000000004,326,79
2022,Other,Durable medical equipment,n/a,true,85+,Female,352.00000000000006,298.34,156,29
2022,Other,Durable medical equipment,n/a,true,85+,Male,111.63000000000001,97.91999999999999,87,19
2022,Other,Durable medical equipment,n/a,true,<65,Female,1647.0400000000013,1199.1899999999998,731,166
2022,Other,Durable medical equipment,n/a,true,<65,Male,2001.0899999999997,1710.5699999999993,1256,187
2022,Outpatient Hospital,Hospital outpatient,n/a,false,65-74,Female,13544400.169999959,13436605.709999956,5673,707
2022,Outpatient Hospital,Hospital outpatient,n/a,false,65-74,Male,8671446.179999992,8572973.289999988,6203,660
2022,Outpatient Hospital,Hospital outpatient,n/a,false,75-84,Female,3450880.7699999986,3410776.389999998,2429,350
2022,Outpatient Hospital,Hospital outpatient,n/a,false,75-84,Male,4079594.259999989,4029774.7199999895,3506,356
2022,Outpatient Hospital,Hospital outpatient,n/a,false,85+,Female,1667335.4,1643485.8900000004,1534,182
2022,Outpatient Hospital,Hospital outpatient,n/a,false,85+,Male,2362046.4200000013,2329683.3900000025,2570,180
2022,Outpatient Hospital,Hospital outpatient,n/a,false,<65,Female,33607131.79999999,33256010.249999978,13856,1018
2022,Outpatient Hospital,Hospital outpatient,n/a,false,<65,Male,17404324.55999995,17120384.56999994,12259,805
2022,Outpatient Hospital,Hospital outpatient,n/a,true,65-74,Female,2613326.759999999,2590124.259999999,1578,252
2022,Outpatient Hospital,Hospital outpatient,n/a,true,65-74,Male,2300103.440000002,2276841.1700000027,1663,209
2022,Outpatient Hospital,Hospital outpatient,n/a,true,75-84,Female,1153842.7600000002,1142068.82,850,129
2022,Outpatient Hospital,Hospital outpatient,n/a,true,75-84,Male,1640212.5100000016,1622866.0700000012,1402,145
2022,Outpatient Hospital,Hospital outpatient,n/a,true,85+,Female,681029.2700000003,672268.4,762,64
2022,Outpatient Hospital,Hospital outpatient,n/a,true,85+,Male,688377.0800000001,680560.98,740,52
2022,Outpatient Hospital,Hospital outpatient,n/a,true,<65,Female,10643107.629999999,10580028.470000003,3919,328
2022,Outpatient Hospital,Hospital outpatient,n/a,true,<65,Male,5476445.639999995,5422587.049999997,3635,284
2022,Professional,Home health,n/a,false,65-74,Female,224217.95999999996,224217.95999999996,27,24
2022,Professional,Home health,n/a,false,65-74,Male,106790.64,106790.64,11,11
2022,Professional,Home health,n/a,false,75-84,Female,56487.939999999995,56487.939999999995,5,5
2022,Professional,Home health,n/a,false,75-84,Male,21172.600000000002,21172.600000000002,4,4
2022,Professional,Home health,n/a,false,85+,Female,14981.91,14981.91,1,1
2022,Professional,Home health,n/a,false,85+,Male,12955.25,12955.25,1,1
2022,Professional,Home health,n/a,true,65-74,Female,35181.92,35181.92,5,5
2022,Professional,Home health,n/a,true,65-74,Male,30559.56,30559.56,3,3
2022,Professional,Home health,n/a,true,75-84,Female,2620.62,2620.62,1,1
2022,Professional,Home health,n/a,true,75-84,Male,22990.45,22990.45,3,3
2022,Professional,Home health,n/a,true,85+,Male,3673.8,3673.8,1,1
2022,Professional,Inpatient/outpatient hospital setting,E&M,false,65-74,Male,584.0,467.2,1,1
2022,Professional,Inpatient/outpatient hospital setting,E&M,false,<65,Female,995.8,796.64,2,2
2022,Professional,Inpatient/outpatient hospital setting,E&M,true,65-74,Female,600.5,0.0,1,1
2022,Professional,Inpatient/outpatient hospital setting,E&M,true,65-74,Male,615.85,492.68,1,1
2022,Professional,Inpatient/outpatient hospital setting,E&M,true,75-84,Male,472.9,378.32,1,1
2022,Professional,Inpatient/outpatient hospital setting,E&M,true,<65,Female,485.85,388.68,1,1
2022,Professional,Inpatient/outpatient hospital setting,Exceptions/unclassified,false,65-74,Female,1704.55,1363.6399999999999,3,3
2022,Professional,Inpatient/outpatient hospital setting,Exceptions/unclassified,false,75-84,Female,615.85,492.68,1,1
2022,Professional,Inpatient/outpatient hospital setting,Exceptions/unclassified,false,<65,Female,481.7,385.36,1,1
2022,Professional,Inpatient/outpatient hospital setting,Exceptions/unclassified,false,<65,Male,1216.35,973.0799999999999,2,2
2022,Professional,Inpatient/outpatient hospital setting,Exceptions/unclassified,true,65-74,Male,901.2,720.96,2,2
2022,Professional,Inpatient/outpatient hospital setting,Exceptions/unclassified,true,75-84,Male,1093.3400000000001,998.76,2,2
2022,Professional,Inpatient/outpatient hospital setting,Exceptions/unclassified,true,<65,Female,922.6,825.4300000000001,2,2
2022,Professional,Inpatient/outpatient hospital setting,Imaging,false,65-74,Female,2921.7,2337.36,5,5
2022,Professional,Inpatient/outpatient hospital setting,Imaging,false,65-74,Male,1441.24,1152.99,3,3
2022,Professional,Inpatient/outpatient hospital setting,Imaging,false,75-84,Female,615.85,492.68,1,1
2022,Professional,Inpatient/outpatient hospital setting,Imaging,false,75-84,Male,2514.25,2011.4,5,5
2022,Professional,Inpatient/outpatient hospital setting,Imaging,false,85+,Female,476.3,381.04,1,1
2022,Professional,Inpatient/outpatient hospital setting,Imaging,false,85+,Male,481.7,385.36,1,1
2022,Professional,Inpatient/outpatient hospital setting,Imaging,false,<65,Female,1129.95,903.96,2,2
2022,Professional,Inpatient/outpatient hospital setting,Imaging,false,<65,Male,2779.83,2347.0299999999997,5,5
2022,Professional,Inpatient/outpatient hospital setting,Unclassified,false,65-74,Female,301125.73,242062.15,219,24
2022,Professional,Inpatient/outpatient hospital setting,Unclassified,false,65-74,Male,262086.59000000003,209669.23999999993,208,13
2022,Professional,Inpatient/outpatient hospital setting,Unclassified,false,75-84,Female,244043.91000000003,195235.45999999996,199,7
2022,Professional,Inpatient/outpatient hospital setting,Unclassified,false,75-84,Male,134761.88000000012,107623.07999999994,143,9
2022,Professional,Inpatient/outpatient hospital setting,Unclassified,false,85+,Female,3581.7700000000004,2865.3899999999994,12,2
2022,Professional,Inpatient/outpatient hospital setting,Unclassified,false,85+,Male,9389.95,7511.9800000000005,23,3
2022,Professional,Inpatient/outpatient hospital setting,Unclassified,false,<65,Female,182003.53999999998,150562.99000000002,149,11
2022,Professional,Inpatient/outpatient hospital setting,Unclassified,false,<65,Male,205441.12999999992,175927.86,160,18
2022,Professional,Inpatient/outpatient hospital setting,Unclassified,true,65-74,Female,77416.03,42586.310000000005,101,5
2022,Professional,Inpatient/outpatient hospital setting,Unclassified,true,65-74,Male,122233.26000000008,107388.52999999994,81,6
2022,Professional,Inpatient/outpatient hospital setting,Unclassified,true,75-84,Female,130920.66,129170.66,94,2
2022,Professional,Inpatient/outpatient hospital setting,Unclassified,true,75-84,Male,218775.90999999995,189825.04999999993,108,5
2022,Professional,Inpatient/outpatient hospital setting,Unclassified,true,85+,Male,3562.73,2850.17,10,1
2022,Professional,Inpatient/outpatient hospital setting,Unclassified,true,<65,Female,101171.26000000001,84326.65,51,2
2022,Professional,Nursing facility / hospice setting,E&M,false,65-74,Female,620.44,496.35,1,1
2022,Professional,Nursing facility / hospice setting,E&M,false,65-74,Male,2165.2599999999998,1732.21,2,2
2022,Professional,Nursing facility / hospice setting,E&M,false,75-84,Male,620.44,496.35,1,1
2022,Professional,Nursing facility / hospice setting,E&M,false,<65,Female,3093.12,2474.4900000000002,2,2
2022,Professional,Nursing facility / hospice setting,E&M,false,<65,Male,2799.7200000000003,2239.77,5,5
2022,Professional,Nursing facility / hospice setting,Exceptions/unclassified,false,65-74,Female,2337.83,1870.26,27,10
2022,Professional,Nursing facility / hospice setting,Exceptions/unclassified,false,65-74,Male,0.0,0.0,15,6
2022,Professional,Nursing facility / hospice setting,Exceptions/unclassified,false,75-84,Female,0.0,0.0,4,1
2022,Professional,Nursing facility / hospice setting,Exceptions/unclassified,false,75-84,Male,2685.73,2148.58,22,7
2022,Professional,Nursing facility / hospice setting,Exceptions/unclassified,false,85+,Female,0.0,0.0,3,1
2022,Professional,Nursing facility / hospice setting,Exceptions/unclassified,false,85+,Male,0.0,0.0,9,3
2022,Professional,Nursing facility / hospice setting,Exceptions/unclassified,false,<65,Female,0.0,0.0,14,7
2022,Professional,Nursing facility / hospice setting,Exceptions/unclassified,false,<65,Male,0.0,0.0,32,7
2022,Professional,Nursing facility / hospice setting,Exceptions/unclassified,true,65-74,Female,0.0,0.0,5,2
2022,Professional,Nursing facility / hospice setting,Exceptions/unclassified,true,65-74,Male,0.0,0.0,3,1
2022,Professional,Nursing facility / hospice setting,Exceptions/unclassified,true,85+,Female,0.0,0.0,1,1
2022,Professional,Nursing facility / hospice setting,Exceptions/unclassified,true,<65,Male,0.0,0.0,3,1
2022,Professional,Nursing facility / hospice setting,Unclassified,false,65-74,Female,21025.210000000003,16085.95,114,10
2022,Professional,Nursing facility / hospice setting,Unclassified,false,65-74,Male,15138.130000000001,11795.86,83,6
2022,Professional,Nursing facility / hospice setting,Unclassified,false,75-84,Female,756.3399999999999,420.4,16,1
2022,Professional,Nursing facility / hospice setting,Unclassified,false,75-84,Male,24009.72999999999,18837.020000000004,94,8
2022,Professional,Nursing facility / hospice setting,Unclassified,false,85+,Female,1497.6100000000001,1198.0900000000001,15,1
2022,Professional,Nursing facility / hospice setting,Unclassified,false,85+,Male,3585.7800000000007,2868.6100000000006,38,3
2022,Professional,Nursing facility / hospice setting,Unclassified,false,<65,Female,26538.08000000001,21222.7,112,11
2022,Professional,Nursing facility / hospice setting,Unclassified,false,<65,Male,41303.06999999998,32432.109999999997,236,12
2022,Professional,Nursing facility / hospice setting,Unclassified,true,65-74,Female,2276.58,2276.58,23,2
2022,Professional,Nursing facility / hospice setting,Unclassified,true,65-74,Male,1139.19,0.0,11,1
2022,Professional,Nursing facility / hospice setting,Unclassified,true,85+,Female,2243.08,2243.08,9,1
2022,Professional,Nursing facility / hospice setting,Unclassified,true,<65,Male,1322.3899999999999,1057.91,17,1
2022,Professional,Office (incl. telehealth),E&M,false,65-74,Female,38117.81,30613.92,47,41
2022,Professional,Office (incl. telehealth),E&M,false,65-74,Male,95157.30000000002,71543.01000000002,155,109
2022,Professional,Office (incl. telehealth),E&M,false,75-84,Female,17464.36,13969.84,20,17
2022,Professional,Office (incl. telehealth),E&M,false,75-84,Male,76329.46999999999,60113.82000000001,117,71
2022,Professional,Office (incl. telehealth),E&M,false,85+,Female,20330.5,16264.39,22,12
2022,Professional,Office (incl. telehealth),E&M,false,85+,Male,19257.010000000002,15300.619999999997,38,23
2022,Professional,Office (incl. telehealth),E&M,false,<65,Female,160578.95999999996,128600.49999999997,210,164
2022,Professional,Office (incl. telehealth),E&M,false,<65,Male,216765.68000000002,173349.24999999997,345,314
2022,Professional,Office (incl. telehealth),E&M,true,65-74,Female,25421.960000000003,20746.49,32,18
2022,Professional,Office (incl. telehealth),E&M,true,65-74,Male,39561.740000000005,33946.26000000001,57,37
2022,Professional,Office (incl. telehealth),E&M,true,75-84,Female,9463.98,8070.1900000000005,15,7
2022,Professional,Office (incl. telehealth),E&M,true,75-84,Male,16908.750000000004,14955.67,30,19
2022,Professional,Office (incl. telehealth),E&M,true,85+,Female,5544.38,4128.5,7,7
2022,Professional,Office (incl. telehealth),E&M,true,85+,Male,15755.73,14234.440000000002,17,9
2022,Professional,Office (incl. telehealth),E&M,true,<65,Female,34440.44,24779.03,59,54
2022,Professional,Office (incl. telehealth),E&M,true,<65,Male,77788.54000000001,62137.58000000001,114,91
2022,Professional,Office (incl. telehealth),Exceptions/unclassified,false,65-74,Female,34673.37,27738.699999999997,3003,906
2022,Professional,Office (incl. telehealth),Exceptions/unclassified,false,65-74,Male,48373.61,38234.2,3130,862
2022,Professional,Office (incl. telehealth),Exceptions/unclassified,false,75-84,Female,17263.059999999998,13810.45,1618,433
2022,Professional,Office (incl. telehealth),Exceptions/unclassified,false,75-84,Male,28895.609999999997,23116.5,2286,443
2022,Professional,Office (incl. telehealth),Exceptions/unclassified,false,85+,Female,8787.93,7030.35,1006,210
2022,Professional,Office (incl. telehealth),Exceptions/unclassified,false,85+,Male,0.0,0.0,1136,209
2022,Professional,Office (incl. telehealth),Exceptions/unclassified,false,<65,Female,67062.45,53770.05,2354,886
2022,Professional,Office (incl. telehealth),Exceptions/unclassified,false,<65,Male,92070.45999999999,73983.94,2467,982
2022,Professional,Office (incl. telehealth),Exceptions/unclassified,true,65-74,Female,18045.75,14180.68,1043,284
2022,Professional,Office (incl. telehealth),Exceptions/unclassified,true,65-74,Male,11076.9,9636.5,1119,270
2022,Professional,Office (incl. telehealth),Exceptions/unclassified,true,75-84,Female,8266.98,7330.51,660,141
2022,Professional,Office (incl. telehealth),Exceptions/unclassified,true,75-84,Male,980.99,980.99,641,156
2022,Professional,Office (incl. telehealth),Exceptions/unclassified,true,85+,Female,2274.19,1819.35,308,72
2022,Professional,Office (incl. telehealth),Exceptions/unclassified,true,85+,Male,5712.0,5712.0,274,62
2022,Professional,Office (incl. telehealth),Exceptions/unclassified,true,<65,Female,20160.16,17567.66,683,275
2022,Professional,Office (incl. telehealth),Exceptions/unclassified,true,<65,Male,38559.77,31290.129999999997,773,301
2022,Professional,Office (incl. telehealth),Unclassified,false,65-74,Female,1784079.3300000052,1356243.4999999967,14130,947
2022,Professional,Office (incl. telehealth),Unclassified,false,65-74,Male,1861163.5500000117,1401353.7500000037,15418,908
2022,Professional,Office (incl. telehealth),Unclassified,false,75-84,Female,927582.3800000018,708650.5799999986,7375,456
2022,Professional,Office (incl. telehealth),Unclassified,false,75-84,Male,1498871.6800000076,1170823.0599999959,11225,472
2022,Professional,Office (incl. telehealth),Unclassified,false,85+,Female,661713.2599999986,519260.64000000124,4877,222
2022,Professional,Office (incl. telehealth),Unclassified,false,85+,Male,609879.0700000013,473761.29999999993,5360,224
2022,Professional,Office (incl. telehealth),Unclassified,false,<65,Female,3155360.1700000158,2501121.030000009,15503,1184
2022,Professional,Office (incl. telehealth),Unclassified,false,<65,Male,2757699.030000004,2134524.320000004,16622,1268
2022,Professional,Office (incl. telehealth),Unclassified,true,65-74,Female,670479.1000000009,551020.1500000001,4876,297
2022,Professional,Office (incl. telehealth),Unclassified,true,65-74,Male,731734.1800000006,589082.3799999997,5477,283
2022,Professional,Office (incl. telehealth),Unclassified,true,75-84,Female,415064.44999999955,346568.13999999955,3094,152
2022,Professional,Office (incl. telehealth),Unclassified,true,75-84,Male,343116.6200000004,266584.6899999997,3057,169
2022,Professional,Office (incl. telehealth),Unclassified,true,85+,Female,175033.19999999998,138314.8799999999,1393,76
2022,Professional,Office (incl. telehealth),Unclassified,true,85+,Male,197161.43999999992,153745.49,1207,64
2022,Professional,Office (incl. telehealth),Unclassified,true,<65,Female,837389.7300000021,668381.7399999996,4604,369
2022,Professional,Office (incl. telehealth),Unclassified,true,<65,Male,944802.2400000026,731012.4900000003,4922,378
2022,Professional,Services at home,E&M,false,65-74,Male,615.85,492.68,1,1
2022,Professional,Services at home,E&M,false,<65,Female,468.2,374.56,1,1
2022,Professional,Services at home,E&M,false,<65,Male,2230.6,1784.48,5,5
2022,Professional,Services at home,Exceptions/unclassified,false,65-74,Female,0.0,0.0,8,2
2022,Professional,Services at home,Exceptions/unclassified,false,65-74,Male,0.0,0.0,5,2
2022,Professional,Services at home,Exceptions/unclassified,false,75-84,Female,0.0,0.0,3,1
2022,Professional,Services at home,Exceptions/unclassified,false,75-84,Male,0.0,0.0,3,1
2022,Professional,Services at home,Exceptions/unclassified,false,85+,Female,0.0,0.0,11,4
2022,Professional,Services at home,Exceptions/unclassified,false,85+,Male,0.0,0.0,2,1
2022,Professional,Services at home,Exceptions/unclassified,false,<65,Female,0.0,0.0,31,12
2022,Professional,Services at home,Exceptions/unclassified,false,<65,Male,0.0,0.0,21,9
2022,Professional,Services at home,Exceptions/unclassified,true,65-74,Male,0.0,0.0,3,1
2022,Professional,Services at home,Exceptions/unclassified,true,75-84,Male,0.0,0.0,3,1
2022,Professional,Services at home,Exceptions/unclassified,true,<65,Male,0.0,0.0,3,1
2022,Professional,Services at home,Unclassified,false,65-74,Female,2402.3999999999996,1736.8099999999997,26,2
2022,Professional,Services at home,Unclassified,false,65-74,Male,1907.2999999999997,1297.3999999999999,25,2
2022,Professional,Services at home,Unclassified,false,75-84,Female,770.1999999999999,441.31000000000006,11,1
2022,Professional,Services at home,Unclassified,false,75-84,Male,1377.18,916.8299999999999,14,1
2022,Professional,Services at home,Unclassified,false,85+,Female,4092.92,3274.3199999999997,49,4
2022,Professional,Services at home,Unclassified,false,85+,Male,861.31,689.04,9,1
2022,Professional,Services at home,Unclassified,false,<65,Female,16007.629999999997,13452.890000000001,166,13
2022,Professional,Services at home,Unclassified,false,<65,Male,12979.09,10035.31,140,10
2022,Professional,Services at home,Unclassified,true,65-74,Male,922.3,922.3,12,1
2022,Professional,Services at home,Unclassified,true,75-84,Male,711.27,711.27,9,1
2022,Professional,Services at home,Unclassified,true,<65,Female,1164.1799999999998,931.3399999999999,8,1
2022,Professional,Services at home,Unclassified,true,<65,Male,2160.83,2160.83,21,2
2022,Professional,Urgent care,E&M,false,65-74,Female,9808.029999999999,7846.43,7,3
2022,Professional,Urgent care,E&M,false,65-74,Male,17085.65,13668.520000000002,31,8
2022,Professional,Urgent care,E&M,false,75-84,Female,12624.030000000002,10099.220000000001,10,3
2022,Professional,Urgent care,E&M,false,75-84,Male,9840.400000000003,7379.640000000001,16,5
2022,Professional,Urgent care,E&M,false,85+,Female,1231.7,985.36,2,1
2022,Professional,Urgent care,E&M,false,85+,Male,3619.8,2895.8399999999997,6,3
2022,Professional,Urgent care,E&M,false,<65,Female,1694.65,1355.39,3,3
2022,Professional,Urgent care,E&M,false,<65,Male,29878.020000000004,24025.59,49,20
2022,Professional,Urgent care,E&M,true,65-74,Female,3846.16,1134.48,4,2
2022,Professional,Urgent care,E&M,true,65-74,Male,9338.85,8321.939999999999,18,4
2022,Professional,Urgent care,E&M,true,85+,Female,5542.650000000001,4434.12,9,1
2022,Professional,Urgent care,E&M,true,<65,Female,12158.47,9354.19,13,8
2022,Professional,Urgent care,E&M,true,<65,Male,12290.43,6299.860000000001,18,8
2022,Professional,Urgent care,Exceptions/unclassified,false,65-74,Female,5435.51,4348.41,496,59
2022,Professional,Urgent care,Exceptions/unclassified,false,65-74,Male,0.0,0.0,456,54
2022,Professional,Urgent care,Exceptions/unclassified,false,75-84,Female,2843.19,2274.55,417,35
2022,Professional,Urgent care,Exceptions/unclassified,false,75-84,Male,516.31,413.05,528,47
2022,Professional,Urgent care,Exceptions/unclassified,false,85+,Female,0.0,0.0,312,25
2022,Professional,Urgent care,Exceptions/unclassified,false,85+,Male,0.0,0.0,408,34
2022,Professional,Urgent care,Exceptions/unclassified,false,<65,Female,3346.88,2677.5,202,39
2022,Professional,Urgent care,Exceptions/unclassified,false,<65,Male,2499.08,1999.26,337,71
2022,Professional,Urgent care,Exceptions/unclassified,true,65-74,Female,2640.96,0.0,72,12
2022,Professional,Urgent care,Exceptions/unclassified,true,65-74,Male,0.0,0.0,252,28
2022,Professional,Urgent care,Exceptions/unclassified,true,75-84,Female,0.0,0.0,158,13
2022,Professional,Urgent care,Exceptions/unclassified,true,75-84,Male,1496.76,1197.41,256,24
2022,Professional,Urgent care,Exceptions/unclassified,true,85+,Female,0.0,0.0,115,10
2022,Professional,Urgent care,Exceptions/unclassified,true,85+,Male,2421.25,0.0,165,11
2022,Professional,Urgent care,Exceptions/unclassified,true,<65,Female,6231.91,4985.530000000001,66,18
2022,Professional,Urgent care,Exceptions/unclassified,true,<65,Male,8184.9,0.0,114,21
2022,Professional,Urgent care,Unclassified,false,65-74,Female,385561.5199999999,307865.8899999992,2639,74
2022,Professional,Urgent care,Unclassified,false,65-74,Male,305921.9499999995,241443.6499999992,2580,60
2022,Professional,Urgent care,Unclassified,false,75-84,Female,343443.3000000003,265777.0299999992,2242,37
2022,Professional,Urgent care,Unclassified,false,75-84,Male,329038.5599999981,261080.96999999997,2828,48
2022,Professional,Urgent care,Unclassified,false,85+,Female,203198.06000000058,161871.42999999982,1643,26
2022,Professional,Urgent care,Unclassified,false,85+,Male,266805.9399999996,203268.78000000038,2029,35
2022,Professional,Urgent care,Unclassified,false,<65,Female,199540.20999999996,164929.23999999993,1312,49
2022,Professional,Urgent care,Unclassified,false,<65,Male,370212.2500000003,300966.2499999997,2491,85
2022,Professional,Urgent care,Unclassified,true,65-74,Female,57069.859999999935,28588.01999999998,332,14
2022,Professional,Urgent care,Unclassified,true,65-74,Male,157514.70999999973,126077.84999999974,1394,29
2022,Professional,Urgent care,Unclassified,true,75-84,Female,91755.41999999987,57993.43999999998,766,16
2022,Professional,Urgent care,Unclassified,true,75-84,Male,165925.16000000003,101602.0099999998,1218,28
2022,Professional,Urgent care,Unclassified,true,85+,Female,68152.87000000002,41880.21,591,10
2022,Professional,Urgent care,Unclassified,true,85+,Male,108918.84999999986,57469.64,757,11
2022,Professional,Urgent care,Unclassified,true,<65,Female,146559.46000000008,110083.55000000002,439,25
2022,Professional,Urgent care,Unclassified,true,<65,Male,287916.5899999997,127140.77,810,26
2022,Retail Pharmacy,Prescription drugs (Part D),n/a,false,65-74,Female,1218285.010000004,897474.4000000029,8913,586
2022,Retail Pharmacy,Prescription drugs (Part D),n/a,false,65-74,Male,1218111.4000000074,888896.839999997,8033,584
2022,Retail Pharmacy,Prescription drugs (Part D),n/a,false,75-84,Female,933882.3300000104,667930.8499999968,5826,310
2022,Retail Pharmacy,Prescription drugs (Part D),n/a,false,75-84,Male,1350292.3900000108,1032860.8199999977,7970,331
2022,Retail Pharmacy,Prescription drugs (Part D),n/a,false,85+,Female,729724.110000002,559733.6999999988,4183,153
2022,Retail Pharmacy,Prescription drugs (Part D),n/a,false,85+,Male,1547193.5499999975,1068547.4000000064,6035,173
2022,Retail Pharmacy,Prescription drugs (Part D),n/a,false,<65,Female,1438745.120000008,1053980.730000001,7125,762
2022,Retail Pharmacy,Prescription drugs (Part D),n/a,false,<65,Male,1671304.110000012,1158412.8099999982,8599,815
2022,Retail Pharmacy,Prescription drugs (Part D),n/a,true,65-74,Female,308712.4099999999,232367.0300000005,2535,191
2022,Retail Pharmacy,Prescription drugs (Part D),n/a,true,65-74,Male,581098.2599999997,378709.0999999994,3726,205
2022,Retail Pharmacy,Prescription drugs (Part D),n/a,true,75-84,Female,432895.94,328261.6699999997,2853,113
2022,Retail Pharmacy,Prescription drugs (Part D),n/a,true,75-84,Male,571459.3900000018,400698.8100000003,3346,139
2022,Retail Pharmacy,Prescription drugs (Part D),n/a,true,85+,Female,277807.26999999996,165653.04000000007,1425,61
2022,Retail Pharmacy,Prescription drugs (Part D),n/a,true,85+,Male,371024.2799999996,139767.97,1414,44
2022,Retail Pharmacy,Prescription drugs (Part D),n/a,true,<65,Female,537703.2600000032,354280.8500000005,2511,244
2022,Retail Pharmacy,Prescription drugs (Part D),n/a,true,<65,Male,552881.1800000005,329445.9699999998,2965,250
