row_type,yr,service_category,subcategory,type_of_service,service_group,dual_status,age_band,sex,allowed,pc_allowed,ab_mm,pd_mm
member_months,2016,,,,,Dual,85+,Male,,,648,510
member_months,2016,,,,,Dual,<65,Male,,,4980,3476
member_months,2016,,,,,Non-dual,75-84,Male,,,2436,1828
member_months,2016,,,,,Non-dual,75-84,Female,,,2484,1583
member_months,2016,,,,,Non-dual,85+,Female,,,2172,1548
member_months,2016,,,,,Non-dual,85+,Male,,,2124,1609
member_months,2016,,,,,Dual,<65,Female,,,4500,3110
member_months,2016,,,,,Non-dual,65-74,Female,,,7856,5229
member_months,2016,,,,,Non-dual,65-74,Male,,,8022,5342
member_months,2016,,,,,Non-dual,<65,Male,,,14652,10220
member_months,2016,,,,,Dual,65-74,Male,,,2718,1934
member_months,2016,,,,,Dual,75-84,Female,,,1008,717
member_months,2016,,,,,Non-dual,<65,Female,,,13440,9174
member_months,2016,,,,,Dual,65-74,Female,,,2380,1645
member_months,2016,,,,,Dual,85+,Female,,,768,552
member_months,2016,,,,,Dual,75-84,Male,,,972,717
member_months,2017,,,,,Non-dual,85+,Female,,,2268,1641
member_months,2017,,,,,Non-dual,<65,Female,,,13800,9676
member_months,2017,,,,,Non-dual,85+,Male,,,2232,1632
member_months,2017,,,,,Dual,75-84,Male,,,1116,804
member_months,2017,,,,,Dual,75-84,Female,,,1092,778
member_months,2017,,,,,Non-dual,<65,Male,,,15048,10645
member_months,2017,,,,,Dual,<65,Female,,,4704,3312
member_months,2017,,,,,Non-dual,65-74,Male,,,8533,5780
member_months,2017,,,,,Non-dual,65-74,Female,,,8657,5713
member_months,2017,,,,,Dual,<65,Male,,,4992,3481
member_months,2017,,,,,Dual,85+,Male,,,684,507
member_months,2017,,,,,Dual,85+,Female,,,792,599
member_months,2017,,,,,Non-dual,75-84,Female,,,2688,1807
member_months,2017,,,,,Dual,65-74,Female,,,2647,1831
member_months,2017,,,,,Dual,65-74,Male,,,2807,1919
member_months,2017,,,,,Non-dual,75-84,Male,,,2784,1965
member_months,2018,,,,,Non-dual,85+,Male,,,2292,1810
member_months,2018,,,,,Dual,65-74,Female,,,2855,2020
member_months,2018,,,,,Non-dual,65-74,Female,,,9325,6027
member_months,2018,,,,,Dual,75-84,Female,,,1224,855
member_months,2018,,,,,Non-dual,<65,Male,,,15228,10841
member_months,2018,,,,,Non-dual,<65,Female,,,14136,9843
member_months,2018,,,,,Dual,85+,Female,,,864,671
member_months,2018,,,,,Dual,85+,Male,,,744,525
member_months,2018,,,,,Non-dual,65-74,Male,,,9307,5994
member_months,2018,,,,,Non-dual,75-84,Male,,,3384,2385
member_months,2018,,,,,Dual,65-74,Male,,,2909,2108
member_months,2018,,,,,Non-dual,75-84,Female,,,3072,2136
member_months,2018,,,,,Dual,75-84,Male,,,1428,1086
member_months,2018,,,,,Dual,<65,Male,,,5232,3552
member_months,2018,,,,,Dual,<65,Female,,,4776,3248
member_months,2018,,,,,Non-dual,85+,Female,,,2412,1780
member_months,2019,,,,,Non-dual,<65,Male,,,15780,11220
member_months,2019,,,,,Non-dual,85+,Male,,,2328,1819
member_months,2019,,,,,Non-dual,65-74,Female,,,9964,6430
member_months,2019,,,,,Non-dual,65-74,Male,,,9897,6386
member_months,2019,,,,,Non-dual,85+,Female,,,2520,1804
member_months,2019,,,,,Non-dual,<65,Female,,,14712,10214
member_months,2019,,,,,Dual,75-84,Male,,,1644,1216
member_months,2019,,,,,Dual,75-84,Female,,,1392,967
member_months,2019,,,,,Dual,<65,Female,,,4944,3350
member_months,2019,,,,,Non-dual,75-84,Male,,,4116,2899
member_months,2019,,,,,Dual,<65,Male,,,5292,3652
member_months,2019,,,,,Dual,65-74,Male,,,3075,2149
member_months,2019,,,,,Dual,85+,Female,,,900,745
member_months,2019,,,,,Dual,85+,Male,,,768,519
member_months,2019,,,,,Non-dual,75-84,Female,,,3708,2533
member_months,2019,,,,,Dual,65-74,Female,,,3152,2165
member_months,2020,,,,,Dual,75-84,Male,,,1836,1288
member_months,2020,,,,,Non-dual,<65,Female,,,15096,10445
member_months,2020,,,,,Dual,75-84,Female,,,1656,1218
member_months,2020,,,,,Dual,<65,Male,,,5292,3721
member_months,2020,,,,,Dual,<65,Female,,,5028,3482
member_months,2020,,,,,Dual,85+,Male,,,804,519
member_months,2020,,,,,Non-dual,85+,Male,,,2424,1806
member_months,2020,,,,,Dual,85+,Female,,,936,756
member_months,2020,,,,,Dual,65-74,Female,,,3380,2195
member_months,2020,,,,,Dual,65-74,Male,,,3354,2467
member_months,2020,,,,,Non-dual,85+,Female,,,2544,1825
member_months,2020,,,,,Non-dual,75-84,Female,,,4296,2936
member_months,2020,,,,,Non-dual,65-74,Female,,,10888,7048
member_months,2020,,,,,Non-dual,65-74,Male,,,10518,6821
member_months,2020,,,,,Non-dual,75-84,Male,,,4500,3160
member_months,2020,,,,,Non-dual,<65,Male,,,16080,11184
member_months,2021,,,,,Non-dual,65-74,Male,,,10907,7162
member_months,2021,,,,,Dual,75-84,Male,,,2064,1348
member_months,2021,,,,,Dual,85+,Female,,,960,761
member_months,2021,,,,,Dual,85+,Male,,,804,552
member_months,2021,,,,,Dual,<65,Female,,,5076,3393
member_months,2021,,,,,Non-dual,75-84,Female,,,4968,3354
member_months,2021,,,,,Non-dual,65-74,Female,,,11461,7312
member_months,2021,,,,,Non-dual,75-84,Male,,,5208,3706
member_months,2021,,,,,Dual,75-84,Female,,,1776,1280
member_months,2021,,,,,Non-dual,<65,Male,,,16584,11595
member_months,2021,,,,,Dual,<65,Male,,,5412,3769
member_months,2021,,,,,Non-dual,<65,Female,,,15564,10556
member_months,2021,,,,,Non-dual,85+,Male,,,2604,1963
member_months,2021,,,,,Dual,65-74,Female,,,3707,2582
member_months,2021,,,,,Dual,65-74,Male,,,3529,2552
member_months,2021,,,,,Non-dual,85+,Female,,,2640,1823
member_months,2022,,,,,Dual,65-74,Female,,,3904,2695
member_months,2022,,,,,Non-dual,65-74,Female,,,12128,7661
member_months,2022,,,,,Dual,75-84,Female,,,1980,1473
member_months,2022,,,,,Dual,<65,Female,,,5184,3469
member_months,2022,,,,,Dual,<65,Male,,,5544,3790
member_months,2022,,,,,Non-dual,85+,Male,,,2712,2061
member_months,2022,,,,,Dual,85+,Male,,,828,578
member_months,2022,,,,,Dual,85+,Female,,,996,744
member_months,2022,,,,,Dual,75-84,Male,,,2304,1633
member_months,2022,,,,,Non-dual,65-74,Male,,,11687,7481
member_months,2022,,,,,Non-dual,<65,Male,,,17004,11886
member_months,2022,,,,,Dual,65-74,Male,,,3637,2639
member_months,2022,,,,,Non-dual,85+,Female,,,2760,1867
member_months,2022,,,,,Non-dual,<65,Female,,,16068,10978
member_months,2022,,,,,Non-dual,75-84,Male,,,5784,4099
member_months,2022,,,,,Non-dual,75-84,Female,,,5580,3908
primary_care,2016,,,,Care management,Non-dual,65-74,Male,,201512.77,,
primary_care,2016,,,,Care management,Non-dual,85+,Male,,110615.96,,
primary_care,2016,,,,Care management,Dual,65-74,Male,,73282.38,,
primary_care,2016,,,,Care management,Dual,<65,Female,,111297.45,,
primary_care,2016,,,,Care management,Dual,75-84,Male,,47257.2,,
primary_care,2016,,,,Screening / counseling,Non-dual,85+,Female,,0.0,,
primary_care,2016,,,,Care management,Non-dual,65-74,Female,,192402.73,,
primary_care,2016,,,,Screening / counseling,Non-dual,<65,Male,,15374.76,,
primary_care,2016,,,,Screening / counseling,Dual,75-84,Female,,0.0,,
primary_care,2016,,,,Care management,Dual,85+,Male,,26231.84,,
primary_care,2016,,,,Care management,Dual,65-74,Female,,68218.3,,
primary_care,2016,,,,Screening / counseling,Non-dual,65-74,Female,,0.0,,
primary_care,2016,,,,Screening / counseling,Dual,<65,Female,,1672.25,,
primary_care,2016,,,,Care management,Non-dual,75-84,Male,,118617.78,,
primary_care,2016,,,,Screening / counseling,Dual,75-84,Male,,0.0,,
primary_care,2016,,,,Care management,Non-dual,85+,Female,,96952.48,,
primary_care,2016,,,,Screening / counseling,Non-dual,<65,Female,,8801.22,,
primary_care,2016,,,,Screening / counseling,Non-dual,65-74,Male,,6365.48,,
primary_care,2016,,,,Advance care planning,Dual,75-84,Female,,808.7,,
primary_care,2016,,,,Screening / counseling,Dual,<65,Male,,3561.49,,
primary_care,2016,,,,Screening / counseling,Dual,65-74,Female,,0.0,,
primary_care,2016,,,,Care management,Non-dual,<65,Female,,314982.42,,
primary_care,2016,,,,Screening / counseling,Dual,85+,Male,,0.0,,
primary_care,2016,,,,Care management,Dual,75-84,Female,,45447.79,,
primary_care,2016,,,,Screening / counseling,Dual,85+,Female,,0.0,,
primary_care,2016,,,,Screening / counseling,Non-dual,75-84,Female,,0.0,,
primary_care,2016,,,,Care management,Dual,85+,Female,,31503.15,,
primary_care,2016,,,,Screening / counseling,Dual,65-74,Male,,5018.19,,
primary_care,2016,,,,Advance care planning,Non-dual,65-74,Male,,600.5,,
primary_care,2016,,,,Care management,Non-dual,75-84,Female,,64377.36,,
primary_care,2016,,,,Screening / counseling,Non-dual,75-84,Male,,4615.73,,
primary_care,2016,,,,Care management,Dual,<65,Male,,122726.33,,
primary_care,2016,,,,Care management,Non-dual,<65,Male,,367304.33,,
primary_care,2016,,,,Screening / counseling,Non-dual,85+,Male,,0.0,,
primary_care,2017,,,,Care management,Non-dual,75-84,Female,,78641.53,,
primary_care,2017,,,,Screening / counseling,Non-dual,65-74,Female,,0.0,,
primary_care,2017,,,,Screening / counseling,Dual,<65,Male,,2955.97,,
primary_care,2017,,,,Care management,Dual,65-74,Male,,69455.58,,
primary_care,2017,,,,Screening / counseling,Non-dual,75-84,Male,,0.0,,
primary_care,2017,,,,Care management,Dual,75-84,Male,,51538.23,,
primary_care,2017,,,,Care management,Non-dual,65-74,Female,,223304.56,,
primary_care,2017,,,,Advance care planning,Non-dual,85+,Female,,507.0,,
primary_care,2017,,,,Care management,Dual,65-74,Female,,85576.82,,
primary_care,2017,,,,Care management,Dual,<65,Male,,128852.36,,
primary_care,2017,,,,Screening / counseling,Non-dual,85+,Male,,0.0,,
primary_care,2017,,,,Screening / counseling,Non-dual,<65,Male,,15495.55,,
primary_care,2017,,,,Screening / counseling,Dual,75-84,Female,,0.0,,
primary_care,2017,,,,Care management,Non-dual,85+,Female,,98679.97,,
primary_care,2017,,,,Screening / counseling,Non-dual,85+,Female,,0.0,,
primary_care,2017,,,,Screening / counseling,Dual,75-84,Male,,2683.86,,
primary_care,2017,,,,Screening / counseling,Dual,<65,Female,,4143.1,,
primary_care,2017,,,,Screening / counseling,Non-dual,75-84,Female,,0.0,,
primary_care,2017,,,,Care management,Non-dual,75-84,Male,,130505.62,,
primary_care,2017,,,,Care management,Non-dual,85+,Male,,111134.47,,
primary_care,2017,,,,Care management,Dual,75-84,Female,,33865.81,,
primary_care,2017,,,,Screening / counseling,Dual,85+,Male,,0.0,,
primary_care,2017,,,,Care management,Dual,<65,Female,,102515.29,,
primary_care,2017,,,,Care management,Non-dual,65-74,Male,,232143.06,,
primary_care,2017,,,,Screening / counseling,Non-dual,65-74,Male,,6008.2,,
primary_care,2017,,,,Screening / counseling,Dual,65-74,Male,,1056.98,,
primary_care,2017,,,,Screening / counseling,Non-dual,<65,Female,,8163.13,,
primary_care,2017,,,,Screening / counseling,Dual,65-74,Female,,0.0,,
primary_care,2017,,,,Care management,Non-dual,<65,Female,,341054.91,,
primary_care,2017,,,,Screening / counseling,Dual,85+,Female,,0.0,,
primary_care,2017,,,,Care management,Dual,85+,Female,,36172.77,,
primary_care,2017,,,,Care management,Non-dual,<65,Male,,348145.16,,
primary_care,2017,,,,Care management,Dual,85+,Male,,26389.94,,
primary_care,2018,,,,Care management,Non-dual,75-84,Female,,93834.17,,
primary_care,2018,,,,Screening / counseling,Non-dual,<65,Male,,14448.59,,
primary_care,2018,,,,Screening / counseling,Non-dual,75-84,Male,,3776.89,,
primary_care,2018,,,,Care management,Non-dual,65-74,Male,,242736.02,,
primary_care,2018,,,,Screening / counseling,Non-dual,<65,Female,,8547.15,,
primary_care,2018,,,,Screening / counseling,Non-dual,75-84,Female,,0.0,,
primary_care,2018,,,,Care management,Dual,85+,Female,,32325.43,,
primary_care,2018,,,,Screening / counseling,Non-dual,65-74,Female,,0.0,,
primary_care,2018,,,,Care management,Dual,85+,Male,,18429.33,,
primary_care,2018,,,,Advance care planning,Non-dual,75-84,Male,,615.85,,
primary_care,2018,,,,Care management,Dual,75-84,Male,,51871.36,,
primary_care,2018,,,,Care management,Dual,<65,Female,,97443.65,,
primary_care,2018,,,,Screening / counseling,Dual,65-74,Female,,0.0,,
primary_care,2018,,,,Screening / counseling,Dual,85+,Male,,0.0,,
primary_care,2018,,,,Screening / counseling,Non-dual,85+,Female,,0.0,,
primary_care,2018,,,,Care management,Dual,65-74,Female,,76190.28,,
primary_care,2018,,,,Screening / counseling,Dual,85+,Female,,0.0,,
primary_care,2018,,,,Advance care planning,Non-dual,65-74,Male,,1093.34,,
primary_care,2018,,,,Care management,Dual,<65,Male,,119147.82,,
primary_care,2018,,,,Care management,Non-dual,85+,Female,,119655.01,,
primary_care,2018,,,,Care management,Non-dual,85+,Male,,145025.12,,
primary_care,2018,,,,Care management,Dual,65-74,Male,,88650.28,,
primary_care,2018,,,,Care management,Non-dual,<65,Female,,351881.03,,
primary_care,2018,,,,Screening / counseling,Dual,75-84,Male,,1693.89,,
primary_care,2018,,,,Care management,Non-dual,<65,Male,,375115.44,,
primary_care,2018,,,,Screening / counseling,Dual,65-74,Male,,2363.02,,
primary_care,2018,,,,Screening / counseling,Non-dual,65-74,Male,,7396.79,,
primary_care,2018,,,,Screening / counseling,Non-dual,85+,Male,,359.77,,
primary_care,2018,,,,Care management,Non-dual,75-84,Male,,141982.64,,
primary_care,2018,,,,Screening / counseling,Dual,75-84,Female,,0.0,,
primary_care,2018,,,,Screening / counseling,Dual,<65,Female,,3537.3,,
primary_care,2018,,,,Care management,Dual,75-84,Female,,47720.94,,
primary_care,2018,,,,Screening / counseling,Dual,<65,Male,,2875.39,,
primary_care,2018,,,,Care management,Non-dual,65-74,Female,,231457.4,,
primary_care,2019,,,,Care management,Dual,65-74,Male,,93114.96,,
primary_care,2019,,,,Care management,Dual,<65,Female,,119526.17,,
primary_care,2019,,,,Screening / counseling,Dual,65-74,Male,,1335.7,,
primary_care,2019,,,,Screening / counseling,Dual,85+,Male,,0.0,,
primary_care,2019,,,,Screening / counseling,Dual,65-74,Female,,0.0,,
primary_care,2019,,,,Advance care planning,Non-dual,75-84,Male,,485.85,,
primary_care,2019,,,,Screening / counseling,Dual,<65,Male,,7466.02,,
primary_care,2019,,,,Care management,Dual,75-84,Female,,51133.27,,
primary_care,2019,,,,Screening / counseling,Dual,85+,Female,,0.0,,
primary_care,2019,,,,Advance care planning,Dual,65-74,Male,,370.2,,
primary_care,2019,,,,Care management,Dual,75-84,Male,,57566.69,,
primary_care,2019,,,,Screening / counseling,Non-dual,65-74,Female,,0.0,,
primary_care,2019,,,,Care management,Dual,85+,Male,,32261.15,,
primary_care,2019,,,,Care management,Dual,65-74,Female,,92094.29,,
primary_care,2019,,,,Screening / counseling,Non-dual,85+,Female,,0.0,,
primary_care,2019,,,,Screening / counseling,Non-dual,<65,Male,,15808.69,,
primary_care,2019,,,,Screening / counseling,Dual,<65,Female,,3239.45,,
primary_care,2019,,,,Care management,Dual,85+,Female,,29684.1,,
primary_care,2019,,,,Care management,Non-dual,75-84,Female,,122845.56,,
primary_care,2019,,,,Advance care planning,Non-dual,75-84,Female,,1200.6,,
primary_care,2019,,,,Advance care planning,Non-dual,65-74,Male,,615.85,,
primary_care,2019,,,,Screening / counseling,Dual,75-84,Male,,2112.6,,
primary_care,2019,,,,Advance care planning,Non-dual,85+,Male,,600.5,,
primary_care,2019,,,,Screening / counseling,Non-dual,<65,Female,,7985.34,,
primary_care,2019,,,,Screening / counseling,Non-dual,65-74,Male,,9643.48,,
primary_care,2019,,,,Screening / counseling,Non-dual,75-84,Female,,0.0,,
primary_care,2019,,,,Care management,Non-dual,75-84,Male,,177333.66,,
primary_care,2019,,,,Care management,Non-dual,85+,Female,,110951.14,,
primary_care,2019,,,,Screening / counseling,Non-dual,75-84,Male,,1555.88,,
primary_care,2019,,,,Care management,Non-dual,65-74,Male,,269483.93,,
primary_care,2019,,,,Care management,Non-dual,85+,Male,,111210.2,,
primary_care,2019,,,,Care management,Dual,<65,Male,,130132.31,,
primary_care,2019,,,,Care management,Non-dual,<65,Male,,394807.15,,
primary_care,2019,,,,Screening / counseling,Non-dual,85+,Male,,0.0,,
primary_care,2019,,,,Advance care planning,Non-dual,<65,Female,,600.5,,
primary_care,2019,,,,Care management,Non-dual,65-74,Female,,253934.17,,
primary_care,2019,,,,Care management,Non-dual,<65,Female,,363557.16,,
primary_care,2019,,,,Screening / counseling,Dual,75-84,Female,,0.0,,
primary_care,2020,,,,Care management,Non-dual,85+,Female,,104055.64,,
primary_care,2020,,,,Screening / counseling,Dual,85+,Male,,0.0,,
primary_care,2020,,,,Care management,Non-dual,65-74,Female,,268293.61,,
primary_care,2020,,,,Care management,Non-dual,<65,Male,,397875.38,,
primary_care,2020,,,,Screening / counseling,Dual,65-74,Female,,0.0,,
primary_care,2020,,,,Care management,Non-dual,65-74,Male,,310707.12,,
primary_care,2020,,,,Care management,Dual,75-84,Male,,63076.23,,
primary_care,2020,,,,Screening / counseling,Dual,65-74,Male,,1163.24,,
primary_care,2020,,,,Advance care planning,Non-dual,75-84,Male,,615.85,,
primary_care,2020,,,,Advance care planning,Non-dual,85+,Male,,600.5,,
primary_care,2020,,,,Advance care planning,Non-dual,65-74,Female,,620.44,,
primary_care,2020,,,,Screening / counseling,Non-dual,85+,Male,,4908.38,,
primary_care,2020,,,,Advance care planning,Non-dual,75-84,Female,,600.5,,
primary_care,2020,,,,Care management,Non-dual,<65,Female,,373552.11,,
primary_care,2020,,,,Advance care planning,Dual,85+,Female,,615.85,,
primary_care,2020,,,,Advance care planning,Non-dual,<65,Male,,481.7,,
primary_care,2020,,,,Care management,Dual,75-84,Female,,54145.46,,
primary_care,2020,,,,Advance care planning,Non-dual,<65,Female,,476.3,,
primary_care,2020,,,,Screening / counseling,Dual,75-84,Male,,1320.42,,
primary_care,2020,,,,Care management,Non-dual,75-84,Male,,204197.03,,
primary_care,2020,,,,Screening / counseling,Non-dual,75-84,Male,,1511.79,,
primary_care,2020,,,,Care management,Dual,<65,Female,,114804.78,,
primary_care,2020,,,,Care management,Non-dual,75-84,Female,,129485.54,,
primary_care,2020,,,,Care management,Dual,65-74,Male,,107266.74,,
primary_care,2020,,,,Screening / counseling,Non-dual,75-84,Female,,0.0,,
primary_care,2020,,,,Screening / counseling,Dual,75-84,Female,,0.0,,
primary_care,2020,,,,Screening / counseling,Non-dual,85+,Female,,0.0,,
primary_care,2020,,,,Screening / counseling,Dual,<65,Female,,5165.4,,
primary_care,2020,,,,Screening / counseling,Non-dual,65-74,Female,,0.0,,
primary_care,2020,,,,Care management,Dual,<65,Male,,118589.21,,
primary_care,2020,,,,Care management,Dual,65-74,Female,,88264.46,,
primary_care,2020,,,,Screening / counseling,Non-dual,65-74,Male,,6455.93,,
primary_care,2020,,,,Care management,Non-dual,85+,Male,,118411.56,,
primary_care,2020,,,,Care management,Dual,85+,Female,,27734.8,,
primary_care,2020,,,,Screening / counseling,Dual,85+,Female,,0.0,,
primary_care,2020,,,,Screening / counseling,Dual,<65,Male,,4087.72,,
primary_care,2020,,,,Screening / counseling,Non-dual,<65,Male,,19584.3,,
primary_care,2020,,,,Care management,Dual,85+,Male,,30396.05,,
primary_care,2020,,,,Screening / counseling,Non-dual,<65,Female,,10366.29,,
primary_care,2021,,,,Screening / counseling,Non-dual,65-74,Male,,5088.84,,
primary_care,2021,,,,Screening / counseling,Dual,65-74,Female,,0.0,,
primary_care,2021,,,,Screening / counseling,Non-dual,85+,Male,,0.0,,
primary_care,2021,,,,Advance care planning,Non-dual,75-84,Male,,1129.95,,
primary_care,2021,,,,Advance care planning,Non-dual,65-74,Male,,1506.95,,
primary_care,2021,,,,Advance care planning,Non-dual,85+,Male,,527.59,,
primary_care,2021,,,,Advance care planning,Non-dual,65-74,Female,,476.3,,
primary_care,2021,,,,Screening / counseling,Non-dual,75-84,Female,,0.0,,
primary_care,2021,,,,Care management,Dual,<65,Female,,103624.43,,
primary_care,2021,,,,Care management,Non-dual,75-84,Male,,231378.26,,
primary_care,2021,,,,Care management,Dual,<65,Male,,118366.43,,
primary_care,2021,,,,Screening / counseling,Dual,75-84,Female,,0.0,,
primary_care,2021,,,,Care management,Non-dual,<65,Female,,388623.8,,
primary_care,2021,,,,Screening / counseling,Non-dual,85+,Female,,0.0,,
primary_care,2021,,,,Care management,Dual,75-84,Male,,68771.33,,
primary_care,2021,,,,Care management,Non-dual,75-84,Female,,135158.93,,
primary_care,2021,,,,Screening / counseling,Non-dual,75-84,Male,,1126.71,,
primary_care,2021,,,,Screening / counseling,Dual,75-84,Male,,3061.56,,
primary_care,2021,,,,Care management,Dual,65-74,Female,,105048.49,,
primary_care,2021,,,,Advance care planning,Non-dual,<65,Female,,514.1,,
primary_care,2021,,,,Care management,Dual,75-84,Female,,74788.57,,
primary_care,2021,,,,Care management,Non-dual,85+,Male,,134426.78,,
primary_care,2021,,,,Care management,Dual,85+,Female,,33982.49,,
primary_care,2021,,,,Care management,Dual,85+,Male,,25661.01,,
primary_care,2021,,,,Screening / counseling,Dual,85+,Male,,0.0,,
primary_care,2021,,,,Screening / counseling,Dual,<65,Male,,5289.56,,
primary_care,2021,,,,Screening / counseling,Dual,<65,Female,,5314.85,,
primary_care,2021,,,,Care management,Dual,65-74,Male,,112720.01,,
primary_care,2021,,,,Screening / counseling,Dual,85+,Female,,0.0,,
primary_care,2021,,,,Advance care planning,Dual,<65,Male,,442.59,,
primary_care,2021,,,,Care management,Non-dual,85+,Female,,134949.76,,
primary_care,2021,,,,Care management,Non-dual,65-74,Male,,292564.51,,
primary_care,2021,,,,Screening / counseling,Non-dual,<65,Male,,19495.98,,
primary_care,2021,,,,Screening / counseling,Non-dual,65-74,Female,,0.0,,
primary_care,2021,,,,Care management,Non-dual,<65,Male,,417353.39,,
primary_care,2021,,,,Screening / counseling,Dual,65-74,Male,,3537.58,,
primary_care,2021,,,,Screening / counseling,Non-dual,<65,Female,,9670.2,,
primary_care,2021,,,,Care management,Non-dual,65-74,Female,,282968.64,,
primary_care,2022,,,,Care management,Dual,75-84,Male,,73867.62,,
primary_care,2022,,,,Advance care planning,Non-dual,65-74,Female,,1114.6,,
primary_care,2022,,,,Screening / counseling,Non-dual,<65,Female,,12063.24,,
primary_care,2022,,,,Screening / counseling,Dual,75-84,Female,,0.0,,
primary_care,2022,,,,Care management,Non-dual,75-84,Male,,270069.61,,
primary_care,2022,,,,Advance care planning,Non-dual,75-84,Male,,1425.5,,
primary_care,2022,,,,Care management,Non-dual,<65,Female,,411951.93,,
primary_care,2022,,,,Screening / counseling,Non-dual,65-74,Female,,0.0,,
primary_care,2022,,,,Care management,Dual,<65,Female,,111856.36,,
primary_care,2022,,,,Screening / counseling,Dual,65-74,Male,,7228.03,,
primary_care,2022,,,,Screening / counseling,Dual,75-84,Male,,980.99,,
primary_care,2022,,,,Care management,Non-dual,<65,Male,,436001.97,,
primary_care,2022,,,,Care management,Dual,<65,Male,,125221.95,,
primary_care,2022,,,,Care management,Non-dual,75-84,Female,,178787.35,,
primary_care,2022,,,,Advance care planning,Non-dual,<65,Female,,514.1,,
primary_care,2022,,,,Screening / counseling,Dual,<65,Female,,4978.99,,
primary_care,2022,,,,Screening / counseling,Dual,<65,Male,,6008.33,,
primary_care,2022,,,,Screening / counseling,Dual,85+,Female,,0.0,,
primary_care,2022,,,,Screening / counseling,Non-dual,85+,Female,,0.0,,
primary_care,2022,,,,Screening / counseling,Dual,85+,Male,,0.0,,
primary_care,2022,,,,Screening / counseling,Non-dual,85+,Male,,0.0,,
primary_care,2022,,,,Care management,Dual,65-74,Female,,108341.25,,
primary_care,2022,,,,Care management,Non-dual,85+,Female,,133664.44,,
primary_care,2022,,,,Care management,Non-dual,85+,Male,,157023.63,,
primary_care,2022,,,,Care management,Non-dual,65-74,Female,,319795.3,,
primary_care,2022,,,,Advance care planning,Non-dual,75-84,Female,,615.85,,
primary_care,2022,,,,Screening / counseling,Non-dual,75-84,Female,,0.0,,
primary_care,2022,,,,Screening / counseling,Non-dual,65-74,Male,,10056.81,,
primary_care,2022,,,,Screening / counseling,Non-dual,<65,Male,,21525.89,,
primary_care,2022,,,,Care management,Dual,85+,Female,,33851.83,,
primary_care,2022,,,,Care management,Dual,65-74,Male,,132510.75,,
primary_care,2022,,,,Care management,Non-dual,65-74,Male,,351542.58,,
primary_care,2022,,,,Care management,Dual,85+,Male,,38315.79,,
primary_care,2022,,,,Screening / counseling,Non-dual,75-84,Male,,3663.33,,
primary_care,2022,,,,Care management,Dual,75-84,Female,,72304.04,,
primary_care,2022,,,,Advance care planning,Non-dual,65-74,Male,,840.74,,
primary_care,2022,,,,Screening / counseling,Dual,65-74,Female,,0.0,,
spend,2016,Professional,Urgent care,Exceptions/unclassified,,Dual,<65,Female,0.0,,,
spend,2016,Professional,Nursing facility / hospice setting,Unclassified,,Non-dual,65-74,Male,18140.76,,,
spend,2016,Professional,Inpatient/outpatient hospital setting,E&M,,Non-dual,65-74,Male,1638.28,,,
spend,2016,Professional,Urgent care,Unclassified,,Dual,75-84,Male,90355.05,,,
spend,2016,Professional,Office (incl. telehealth),Unclassified,,Non-dual,<65,Male,2378408.13,,,
spend,2016,Professional,Office (incl. telehealth),Unclassified,,Dual,75-84,Female,214277.34,,,
spend,2016,Retail Pharmacy,Prescription drugs (Part D),n/a,,Dual,75-84,Male,243911.06,,,
spend,2016,Professional,Urgent care,Unclassified,,Non-dual,85+,Male,215509.49,,,
spend,2016,Long-Term Care,Hospice,n/a,,Non-dual,85+,Female,64677.25,,,
spend,2016,Professional,Home health,n/a,,Non-dual,75-84,Female,30583.67,,,
spend,2016,Professional,Home health,n/a,,Non-dual,85+,Male,24820.92,,,
spend,2016,Professional,Office (incl. telehealth),Unclassified,,Non-dual,75-84,Male,539992.79,,,
spend,2016,Professional,Home health,n/a,,Non-dual,65-74,Female,43880.87,,,
spend,2016,Professional,Home health,n/a,,Non-dual,65-74,Male,66450.23,,,
spend,2016,Professional,Inpatient/outpatient hospital setting,Unclassified,,Non-dual,65-74,Male,399634.49,,,
spend,2016,Professional,Office (incl. telehealth),Exceptions/unclassified,,Dual,65-74,Female,6376.33,,,
spend,2016,Professional,Home health,n/a,,Dual,65-74,Male,65553.84,,,
spend,2016,Professional,Office (incl. telehealth),Exceptions/unclassified,,Non-dual,85+,Female,6320.77,,,
spend,2016,Inpatient Hospital,Acute care hospital,n/a,,Dual,75-84,Female,391825.21,,,
spend,2016,Inpatient Hospital,Acute care hospital,n/a,,Dual,75-84,Male,264234.49,,,
spend,2016,Long-Term Care,Hospice,n/a,,Dual,75-84,Female,97531.0,,,
spend,2016,Long-Term Care,Skilled nursing facility,n/a,,Dual,75-84,Male,99421.14,,,
spend,2016,Professional,Office (incl. telehealth),Exceptions/unclassified,,Non-dual,85+,Male,0.0,,,
spend,2016,Long-Term Care,Skilled nursing facility,n/a,,Dual,75-84,Female,44606.76,,,
spend,2016,Long-Term Care,Hospice,n/a,,Dual,65-74,Male,105517.6,,,
spend,2016,Professional,Office (incl. telehealth),Unclassified,,Non-dual,<65,Female,2382662.74,,,
spend,2016,Long-Term Care,Hospice,n/a,,Dual,65-74,Female,60119.02,,,
spend,2016,Professional,Office (incl. telehealth),E&M,,Dual,75-84,Male,5808.85,,,
spend,2016,Long-Term Care,Hospice,n/a,,Dual,75-84,Male,168641.01,,,
spend,2016,Professional,Office (incl. telehealth),Unclassified,,Non-dual,75-84,Female,399680.52,,,
spend,2016,Professional,Inpatient/outpatient hospital setting,Unclassified,,Dual,65-74,Male,150724.33,,,
spend,2016,Professional,Office (incl. telehealth),Exceptions/unclassified,,Dual,65-74,Male,8823.07,,,
spend,2016,Long-Term Care,Hospice,n/a,,Non-dual,85+,Male,97762.74,,,
spend,2016,Professional,Nursing facility / hospice setting,Exceptions/unclassified,,Non-dual,<65,Male,0.0,,,
spend,2016,Professional,Nursing facility / hospice setting,Exceptions/unclassified,,Non-dual,<65,Female,0.0,,,
spend,2016,Long-Term Care,Skilled nursing facility,n/a,,Non-dual,<65,Male,169925.12,,,
spend,2016,Outpatient Hospital,Hospital outpatient,n/a,,Non-dual,75-84,Female,1374796.37,,,
spend,2016,Outpatient Hospital,Hospital outpatient,n/a,,Dual,85+,Male,294242.64,,,
spend,2016,Outpatient Hospital,Hospital outpatient,n/a,,Dual,85+,Female,390007.85,,,
spend,2016,Professional,Nursing facility / hospice setting,Unclassified,,Non-dual,85+,Male,2221.32,,,
spend,2016,Outpatient Hospital,Hospital outpatient,n/a,,Non-dual,75-84,Male,1679441.48,,,
spend,2016,Professional,Inpatient/outpatient hospital setting,Exceptions/unclassified,,Dual,65-74,Male,620.44,,,
spend,2016,Professional,Office (incl. telehealth),E&M,,Non-dual,85+,Female,10851.73,,,
spend,2016,Other,Durable medical equipment,n/a,,Non-dual,75-84,Male,785.12,,,
spend,2016,Professional,Urgent care,Exceptions/unclassified,,Non-dual,65-74,Female,0.0,,,
spend,2016,Professional,Urgent care,Unclassified,,Dual,65-74,Female,51455.48,,,
spend,2016,Professional,Services at home,E&M,,Non-dual,<65,Female,468.2,,,
spend,2016,Outpatient Hospital,Hospital outpatient,n/a,,Dual,65-74,Male,1834381.64,,,
spend,2016,Other,Durable medical equipment,n/a,,Non-dual,75-84,Female,737.76,,,
spend,2016,Professional,Urgent care,E&M,,Non-dual,<65,Male,17399.0,,,
spend,2016,Long-Term Care,Skilled nursing facility,n/a,,Non-dual,<65,Female,156829.09,,,
spend,2016,Professional,Inpatient/outpatient hospital setting,Exceptions/unclassified,,Non-dual,75-84,Female,615.85,,,
spend,2016,Professional,Urgent care,Exceptions/unclassified,,Non-dual,65-74,Male,1744.75,,,
spend,2016,Professional,Urgent care,Exceptions/unclassified,,Dual,<65,Male,0.0,,,
spend,2016,Other,Durable medical equipment,n/a,,Non-dual,65-74,Male,2957.08,,,
spend,2016,Professional,Urgent care,E&M,,Non-dual,<65,Female,3321.29,,,
spend,2016,Professional,Office (incl. telehealth),Exceptions/unclassified,,Non-dual,<65,Female,51957.37,,,
spend,2016,Other,Durable medical equipment,n/a,,Dual,75-84,Female,390.37,,,
spend,2016,Professional,Inpatient/outpatient hospital setting,Unclassified,,Non-dual,<65,Female,79190.64,,,
spend,2016,Professional,Nursing facility / hospice setting,Unclassified,,Dual,<65,Male,828.65,,,
spend,2016,Other,Durable medical equipment,n/a,,Non-dual,65-74,Female,2343.7,,,
spend,2016,Other,Durable medical equipment,n/a,,Dual,<65,Male,2282.07,,,
spend,2016,Outpatient Hospital,Hospital outpatient,n/a,,Dual,65-74,Female,1502922.73,,,
spend,2016,Professional,Services at home,Unclassified,,Dual,<65,Male,2776.49,,,
spend,2016,Professional,Services at home,E&M,,Non-dual,<65,Male,1881.9,,,
spend,2016,Professional,Services at home,Unclassified,,Non-dual,<65,Male,9884.75,,,
spend,2016,Professional,Home health,n/a,,Non-dual,75-84,Male,23013.92,,,
spend,2016,Outpatient Hospital,Hospital outpatient,n/a,,Non-dual,65-74,Male,4799033.72,,,
spend,2016,Professional,Home health,n/a,,Dual,65-74,Female,41528.4,,,
spend,2016,Retail Pharmacy,Prescription drugs (Part D),n/a,,Non-dual,65-74,Female,650968.47,,,
spend,2016,Other,Durable medical equipment,n/a,,Dual,<65,Female,1511.03,,,
spend,2016,Professional,Services at home,Unclassified,,Non-dual,65-74,Male,2107.18,,,
spend,2016,Professional,Urgent care,Exceptions/unclassified,,Dual,85+,Female,0.0,,,
spend,2016,Professional,Urgent care,E&M,,Non-dual,65-74,Male,9428.45,,,
spend,2016,Professional,Urgent care,Unclassified,,Dual,<65,Female,52405.97,,,
spend,2016,Professional,Office (incl. telehealth),Exceptions/unclassified,,Non-dual,<65,Male,60857.23,,,
spend,2016,Other,Durable medical equipment,n/a,,Non-dual,85+,Male,622.23,,,
spend,2016,Retail Pharmacy,Prescription drugs (Part D),n/a,,Dual,65-74,Female,290853.34,,,
spend,2016,Inpatient Hospital,Acute care hospital,n/a,,Non-dual,85+,Female,280088.68,,,
spend,2016,Retail Pharmacy,Prescription drugs (Part D),n/a,,Dual,65-74,Male,343206.58,,,
spend,2016,Professional,Nursing facility / hospice setting,Exceptions/unclassified,,Non-dual,75-84,Female,0.0,,,
spend,2016,Professional,Services at home,Unclassified,,Dual,<65,Female,925.57,,,
spend,2016,Professional,Services at home,Unclassified,,Non-dual,<65,Female,9462.76,,,
spend,2016,Professional,Services at home,Unclassified,,Non-dual,65-74,Female,1659.01,,,
spend,2016,Professional,Inpatient/outpatient hospital setting,Unclassified,,Dual,75-84,Female,22472.78,,,
spend,2016,Retail Pharmacy,Prescription drugs (Part D),n/a,,Non-dual,65-74,Male,764456.02,,,
spend,2016,Professional,Urgent care,Unclassified,,Dual,75-84,Female,27675.88,,,
spend,2016,Professional,Inpatient/outpatient hospital setting,Unclassified,,Dual,75-84,Male,70848.4,,,
spend,2016,Other,Durable medical equipment,n/a,,Dual,75-84,Male,272.73,,,
spend,2016,Professional,Urgent care,Exceptions/unclassified,,Dual,85+,Male,639.91,,,
spend,2016,Professional,Office (incl. telehealth),E&M,,Non-dual,<65,Male,200195.34,,,
spend,2016,Professional,Inpatient/outpatient hospital setting,E&M,,Non-dual,75-84,Male,600.5,,,
spend,2016,Professional,Services at home,Unclassified,,Non-dual,85+,Female,2447.36,,,
spend,2016,Professional,Office (incl. telehealth),E&M,,Non-dual,85+,Male,13170.05,,,
spend,2016,Professional,Urgent care,Exceptions/unclassified,,Non-dual,85+,Male,0.0,,,
spend,2016,Inpatient Hospital,Acute care hospital,n/a,,Non-dual,85+,Male,245486.48,,,
spend,2016,Professional,Inpatient/outpatient hospital setting,Unclassified,,Dual,65-74,Female,96111.31,,,
spend,2016,Professional,Urgent care,Unclassified,,Non-dual,85+,Female,158961.65,,,
spend,2016,Professional,Urgent care,Exceptions/unclassified,,Dual,75-84,Male,0.0,,,
spend,2016,Professional,Urgent care,Exceptions/unclassified,,Dual,75-84,Female,0.0,,,
spend,2016,Inpatient Hospital,Acute care hospital,n/a,,Dual,65-74,Male,441095.32,,,
spend,2016,Professional,Inpatient/outpatient hospital setting,Unclassified,,Non-dual,65-74,Female,203435.95,,,
spend,2016,Professional,Urgent care,E&M,,Non-dual,85+,Male,3636.6,,,
spend,2016,Professional,Office (incl. telehealth),E&M,,Dual,65-74,Male,16640.19,,,
spend,2016,Professional,Nursing facility / hospice setting,Unclassified,,Dual,85+,Female,1144.8,,,
spend,2016,Professional,Office (incl. telehealth),E&M,,Non-dual,<65,Female,113909.36,,,
spend,2016,Inpatient Hospital,Acute care hospital,n/a,,Non-dual,65-74,Male,2170664.12,,,
spend,2016,Professional,Urgent care,Exceptions/unclassified,,Non-dual,75-84,Female,0.0,,,
spend,2016,Inpatient Hospital,Acute care hospital,n/a,,Non-dual,65-74,Female,1117753.33,,,
spend,2016,Long-Term Care,Hospice,n/a,,Dual,85+,Male,11810.87,,,
spend,2016,Professional,Office (incl. telehealth),Exceptions/unclassified,,Non-dual,75-84,Male,6490.74,,,
spend,2016,Professional,Urgent care,Unclassified,,Dual,65-74,Male,79649.36,,,
spend,2016,Long-Term Care,Hospice,n/a,,Dual,85+,Female,41676.95,,,
spend,2016,Professional,Urgent care,Unclassified,,Dual,85+,Male,70412.1,,,
spend,2016,Professional,Urgent care,E&M,,Dual,65-74,Male,2146.4,,,
spend,2016,Other,Durable medical equipment,n/a,,Dual,85+,Male,77.48,,,
spend,2016,Professional,Urgent care,Unclassified,,Non-dual,75-84,Female,145723.07,,,
spend,2016,Other,Durable medical equipment,n/a,,Dual,85+,Female,131.56,,,
spend,2016,Professional,Urgent care,E&M,,Non-dual,65-74,Female,4220.3,,,
spend,2016,Professional,Services at home,Exceptions/unclassified,,Non-dual,65-74,Female,0.0,,,
spend,2016,Retail Pharmacy,Prescription drugs (Part D),n/a,,Dual,85+,Male,336429.56,,,
spend,2016,Professional,Nursing facility / hospice setting,Exceptions/unclassified,,Non-dual,65-74,Male,2648.35,,,
spend,2016,Other,Durable medical equipment,n/a,,Non-dual,<65,Female,5280.05,,,
spend,2016,Professional,Office (incl. telehealth),Exceptions/unclassified,,Non-dual,75-84,Female,8446.35,,,
spend,2016,Retail Pharmacy,Prescription drugs (Part D),n/a,,Non-dual,85+,Male,918259.69,,,
spend,2016,Retail Pharmacy,Prescription drugs (Part D),n/a,,Non-dual,85+,Female,667644.01,,,
spend,2016,Other,Durable medical equipment,n/a,,Dual,65-74,Female,1022.1,,,
spend,2016,Other,Durable medical equipment,n/a,,Dual,65-74,Male,1075.06,,,
spend,2016,Professional,Urgent care,Unclassified,,Non-dual,75-84,Male,76418.06,,,
spend,2016,Professional,Urgent care,Exceptions/unclassified,,Non-dual,85+,Female,0.0,,,
spend,2016,Professional,Inpatient/outpatient hospital setting,Imaging,,Non-dual,<65,Male,1722.58,,,
spend,2016,Professional,Office (incl. telehealth),E&M,,Dual,65-74,Female,10349.61,,,
spend,2016,Other,Durable medical equipment,n/a,,Non-dual,85+,Female,692.0,,,
spend,2016,Professional,Nursing facility / hospice setting,Exceptions/unclassified,,Non-dual,65-74,Female,0.0,,,
spend,2016,Professional,Urgent care,E&M,,Non-dual,75-84,Male,7099.5,,,
spend,2016,Inpatient Hospital,Acute care hospital,n/a,,Dual,<65,Female,821201.29,,,
spend,2016,Retail Pharmacy,Prescription drugs (Part D),n/a,,Dual,85+,Female,243967.49,,,
spend,2016,Retail Pharmacy,Prescription drugs (Part D),n/a,,Non-dual,75-84,Female,348712.8,,,
spend,2016,Professional,Urgent care,Unclassified,,Dual,85+,Female,49175.69,,,
spend,2016,Retail Pharmacy,Prescription drugs (Part D),n/a,,Dual,<65,Male,508084.57,,,
spend,2016,Other,Durable medical equipment,n/a,,Non-dual,<65,Male,6181.84,,,
spend,2016,Inpatient Hospital,Acute care hospital,n/a,,Non-dual,<65,Female,2314142.28,,,
spend,2016,Retail Pharmacy,Prescription drugs (Part D),n/a,,Non-dual,75-84,Male,472424.9,,,
spend,2016,Professional,Services at home,Exceptions/unclassified,,Non-dual,85+,Female,0.0,,,
spend,2016,Professional,Inpatient/outpatient hospital setting,E&M,,Dual,65-74,Male,620.44,,,
spend,2016,Professional,Urgent care,Exceptions/unclassified,,Non-dual,75-84,Male,0.0,,,
spend,2016,Professional,Services at home,E&M,,Non-dual,65-74,Male,615.85,,,
spend,2016,Retail Pharmacy,Prescription drugs (Part D),n/a,,Dual,<65,Female,417597.18,,,
spend,2016,Professional,Services at home,Exceptions/unclassified,,Non-dual,65-74,Male,0.0,,,
spend,2016,Professional,Nursing facility / hospice setting,Exceptions/unclassified,,Non-dual,85+,Female,0.0,,,
spend,2016,Inpatient Hospital,Acute care hospital,n/a,,Non-dual,<65,Male,1057989.65,,,
spend,2016,Professional,Office (incl. telehealth),Unclassified,,Dual,85+,Male,178818.38,,,
spend,2016,Professional,Inpatient/outpatient hospital setting,Unclassified,,Dual,<65,Male,57207.61,,,
spend,2016,Professional,Home health,n/a,,Dual,75-84,Female,10433.25,,,
spend,2016,Professional,Home health,n/a,,Dual,75-84,Male,30283.66,,,
spend,2016,Professional,Nursing facility / hospice setting,Unclassified,,Non-dual,75-84,Female,1346.77,,,
spend,2016,Professional,Urgent care,Exceptions/unclassified,,Non-dual,<65,Female,2770.43,,,
spend,2016,Professional,Urgent care,Unclassified,,Non-dual,65-74,Female,157514.68,,,
spend,2016,Professional,Urgent care,Unclassified,,Non-dual,<65,Female,185595.52,,,
spend,2016,Professional,Nursing facility / hospice setting,E&M,,Non-dual,65-74,Female,2121.63,,,
spend,2016,Long-Term Care,Hospice,n/a,,Non-dual,65-74,Male,257483.92,,,
spend,2016,Professional,Services at home,Exceptions/unclassified,,Dual,<65,Male,0.0,,,
spend,2016,Professional,Services at home,Exceptions/unclassified,,Dual,65-74,Male,0.0,,,
spend,2016,Professional,Urgent care,Unclassified,,Dual,<65,Male,44103.72,,,
spend,2016,Professional,Services at home,Unclassified,,Non-dual,75-84,Male,1189.79,,,
spend,2016,Professional,Services at home,Exceptions/unclassified,,Non-dual,75-84,Male,0.0,,,
spend,2016,Inpatient Hospital,Acute care hospital,n/a,,Dual,<65,Male,406012.97,,,
spend,2016,Long-Term Care,Hospice,n/a,,Non-dual,65-74,Female,267465.33,,,
spend,2016,Inpatient Hospital,Acute care hospital,n/a,,Dual,65-74,Female,540379.93,,,
spend,2016,Professional,Urgent care,Unclassified,,Non-dual,65-74,Male,234025.8,,,
spend,2016,Professional,Urgent care,E&M,,Dual,<65,Male,5682.0,,,
spend,2016,Professional,Nursing facility / hospice setting,Exceptions/unclassified,,Dual,<65,Male,0.0,,,
spend,2016,Professional,Inpatient/outpatient hospital setting,Imaging,,Non-dual,<65,Female,2829.7,,,
spend,2016,Professional,Services at home,Unclassified,,Non-dual,75-84,Female,4268.87,,,
spend,2016,Professional,Urgent care,Exceptions/unclassified,,Non-dual,<65,Male,7992.0,,,
spend,2016,Professional,Urgent care,Unclassified,,Non-dual,<65,Male,306535.66,,,
spend,2016,Professional,Services at home,Exceptions/unclassified,,Non-dual,75-84,Female,0.0,,,
spend,2016,Professional,Nursing facility / hospice setting,E&M,,Non-dual,65-74,Male,620.44,,,
spend,2016,Professional,Office (incl. telehealth),E&M,,Non-dual,75-84,Female,8528.66,,,
spend,2016,Long-Term Care,Skilled nursing facility,n/a,,Dual,<65,Female,53961.32,,,
spend,2016,Professional,Urgent care,Exceptions/unclassified,,Dual,65-74,Female,0.0,,,
spend,2016,Professional,Office (incl. telehealth),E&M,,Non-dual,65-74,Female,25698.11,,,
spend,2016,Professional,Inpatient/outpatient hospital setting,Imaging,,Non-dual,65-74,Male,2795.54,,,
spend,2016,Outpatient Hospital,Hospital outpatient,n/a,,Dual,75-84,Male,468728.64,,,
spend,2016,Professional,Office (incl. telehealth),Exceptions/unclassified,,Dual,85+,Male,11429.14,,,
spend,2016,Long-Term Care,Skilled nursing facility,n/a,,Non-dual,85+,Male,130030.53,,,
spend,2016,Professional,Nursing facility / hospice setting,E&M,,Non-dual,<65,Female,1240.88,,,
spend,2016,Professional,Nursing facility / hospice setting,Unclassified,,Non-dual,65-74,Female,14075.26,,,
spend,2016,Professional,Inpatient/outpatient hospital setting,Unclassified,,Non-dual,75-84,Female,185231.78,,,
spend,2016,Retail Pharmacy,Prescription drugs (Part D),n/a,,Non-dual,<65,Female,1189527.19,,,
spend,2016,Retail Pharmacy,Prescription drugs (Part D),n/a,,Non-dual,<65,Male,1267345.31,,,
spend,2016,Long-Term Care,Skilled nursing facility,n/a,,Dual,65-74,Male,152039.68,,,
spend,2016,Outpatient Hospital,Hospital outpatient,n/a,,Non-dual,<65,Female,26490544.78,,,
spend,2016,Outpatient Hospital,Hospital outpatient,n/a,,Dual,75-84,Female,660988.6,,,
spend,2016,Professional,Inpatient/outpatient hospital setting,Unclassified,,Non-dual,75-84,Male,179373.32,,,
spend,2016,Long-Term Care,Skilled nursing facility,n/a,,Dual,85+,Male,108015.04,,,
spend,2016,Professional,Nursing facility / hospice setting,E&M,,Non-dual,<65,Male,1737.03,,,
spend,2016,Outpatient Hospital,Hospital outpatient,n/a,,Non-dual,65-74,Female,4372026.83,,,
spend,2016,Retail Pharmacy,Prescription drugs (Part D),n/a,,Dual,75-84,Female,153532.6,,,
spend,2016,Professional,Office (incl. telehealth),Unclassified,,Dual,75-84,Male,204922.78,,,
spend,2016,Professional,Office (incl. telehealth),Unclassified,,Dual,65-74,Female,346981.54,,,
spend,2016,Long-Term Care,Skilled nursing facility,n/a,,Dual,65-74,Female,139554.21,,,
spend,2016,Long-Term Care,Skilled nursing facility,n/a,,Non-dual,65-74,Male,533927.07,,,
spend,2016,Professional,Urgent care,E&M,,Dual,85+,Female,2463.4,,,
spend,2016,Professional,Office (incl. telehealth),E&M,,Non-dual,75-84,Male,30818.66,,,
spend,2016,Professional,Office (incl. telehealth),Unclassified,,Non-dual,85+,Female,462270.92,,,
spend,2016,Long-Term Care,Skilled nursing facility,n/a,,Non-dual,75-84,Female,193403.86,,,
spend,2016,Long-Term Care,Skilled nursing facility,n/a,,Non-dual,65-74,Female,567880.18,,,
spend,2016,Professional,Office (incl. telehealth),E&M,,Dual,<65,Female,28546.01,,,
spend,2016,Outpatient Hospital,Hospital outpatient,n/a,,Non-dual,<65,Male,9658595.61,,,
spend,2016,Long-Term Care,Hospice,n/a,,Non-dual,75-84,Male,141929.62,,,
spend,2016,Long-Term Care,Skilled nursing facility,n/a,,Non-dual,75-84,Male,157211.52,,,
spend,2016,Professional,Office (incl. telehealth),E&M,,Non-dual,65-74,Male,63037.76,,,
spend,2016,Professional,Office (incl. telehealth),E&M,,Dual,75-84,Female,9636.67,,,
spend,2016,Professional,Office (incl. telehealth),Exceptions/unclassified,,Dual,75-84,Female,3998.74,,,
spend,2016,Professional,Office (incl. telehealth),E&M,,Dual,<65,Male,72693.8,,,
spend,2016,Long-Term Care,Skilled nursing facility,n/a,,Non-dual,85+,Female,154426.21,,,
spend,2016,Professional,Office (incl. telehealth),Exceptions/unclassified,,Dual,85+,Female,4987.32,,,
spend,2016,Long-Term Care,Hospice,n/a,,Non-dual,75-84,Female,197340.58,,,
spend,2016,Professional,Office (incl. telehealth),E&M,,Dual,85+,Female,1864.19,,,
spend,2016,Professional,Nursing facility / hospice setting,Unclassified,,Non-dual,85+,Female,1319.48,,,
spend,2016,Professional,Office (incl. telehealth),Exceptions/unclassified,,Dual,75-84,Male,2935.01,,,
spend,2016,Outpatient Hospital,Hospital outpatient,n/a,,Non-dual,85+,Male,1142135.25,,,
spend,2016,Professional,Office (incl. telehealth),Unclassified,,Dual,85+,Female,152628.45,,,
spend,2016,Professional,Nursing facility / hospice setting,Exceptions/unclassified,,Non-dual,75-84,Male,0.0,,,
spend,2016,Professional,Office (incl. telehealth),Exceptions/unclassified,,Dual,<65,Male,24177.66,,,
spend,2016,Professional,Office (incl. telehealth),Unclassified,,Dual,<65,Male,963706.01,,,
spend,2016,Professional,Services at home,Exceptions/unclassified,,Non-dual,85+,Male,0.0,,,
spend,2016,Professional,Inpatient/outpatient hospital setting,Unclassified,,Dual,<65,Female,39800.62,,,
spend,2016,Professional,Office (incl. telehealth),Exceptions/unclassified,,Dual,<65,Female,19130.69,,,
spend,2016,Professional,Office (incl. telehealth),Unclassified,,Dual,<65,Female,734682.53,,,
spend,2016,Professional,Services at home,Unclassified,,Non-dual,85+,Male,1482.17,,,
spend,2016,Professional,Urgent care,E&M,,Non-dual,75-84,Female,1847.55,,,
spend,2016,Professional,Services at home,Unclassified,,Dual,65-74,Male,1617.17,,,
spend,2016,Professional,Office (incl. telehealth),Exceptions/unclassified,,Non-dual,65-74,Female,13309.28,,,
spend,2016,Professional,Inpatient/outpatient hospital setting,Unclassified,,Non-dual,<65,Male,334908.59,,,
spend,2016,Professional,Office (incl. telehealth),Unclassified,,Non-dual,65-74,Female,1085963.39,,,
spend,2016,Professional,Office (incl. telehealth),Exceptions/unclassified,,Non-dual,65-74,Male,29502.75,,,
spend,2016,Professional,Office (incl. telehealth),Unclassified,,Non-dual,65-74,Male,1297785.24,,,
spend,2016,Professional,Office (incl. telehealth),E&M,,Dual,85+,Male,2398.45,,,
spend,2016,Outpatient Hospital,Hospital outpatient,n/a,,Non-dual,85+,Female,1029416.33,,,
spend,2016,Professional,Urgent care,Exceptions/unclassified,,Dual,65-74,Male,0.0,,,
spend,2016,Professional,Inpatient/outpatient hospital setting,E&M,,Non-dual,<65,Male,507.0,,,
spend,2016,Professional,Services at home,Exceptions/unclassified,,Non-dual,<65,Male,0.0,,,
spend,2016,Professional,Inpatient/outpatient hospital setting,Imaging,,Dual,75-84,Female,808.7,,,
spend,2016,Professional,Nursing facility / hospice setting,Unclassified,,Non-dual,<65,Female,22065.17,,,
spend,2016,Professional,Inpatient/outpatient hospital setting,Exceptions/unclassified,,Non-dual,<65,Male,584.0,,,
spend,2016,Professional,Office (incl. telehealth),Unclassified,,Dual,65-74,Male,393138.17,,,
spend,2016,Professional,Inpatient/outpatient hospital setting,Exceptions/unclassified,,Non-dual,65-74,Male,1423.99,,,
spend,2016,Professional,Services at home,Exceptions/unclassified,,Non-dual,<65,Female,481.7,,,
spend,2016,Inpatient Hospital,Acute care hospital,n/a,,Non-dual,75-84,Male,611438.14,,,
spend,2016,Professional,Inpatient/outpatient hospital setting,E&M,,Non-dual,65-74,Female,481.7,,,
spend,2016,Outpatient Hospital,Hospital outpatient,n/a,,Dual,<65,Male,2896442.05,,,
spend,2016,Professional,Urgent care,E&M,,Dual,<65,Female,7794.3,,,
spend,2016,Professional,Nursing facility / hospice setting,Unclassified,,Non-dual,75-84,Male,7817.8,,,
spend,2016,Professional,Nursing facility / hospice setting,Unclassified,,Non-dual,<65,Male,39752.78,,,
spend,2016,Inpatient Hospital,Acute care hospital,n/a,,Non-dual,75-84,Female,397544.51,,,
spend,2016,Inpatient Hospital,Acute care hospital,n/a,,Dual,85+,Male,57691.32,,,
spend,2016,Professional,Inpatient/outpatient hospital setting,Exceptions/unclassified,,Dual,<65,Female,615.85,,,
spend,2016,Professional,Office (incl. telehealth),Unclassified,,Non-dual,85+,Male,452632.19,,,
spend,2016,Outpatient Hospital,Hospital outpatient,n/a,,Dual,<65,Female,13701211.61,,,
spend,2016,Long-Term Care,Skilled nursing facility,n/a,,Dual,<65,Male,61617.04,,,
spend,2016,Long-Term Care,Skilled nursing facility,n/a,,Dual,85+,Female,34610.1,,,
spend,2016,Inpatient Hospital,Acute care hospital,n/a,,Dual,85+,Female,23199.78,,,
spend,2017,Professional,Office (incl. telehealth),Exceptions/unclassified,,Non-dual,65-74,Male,32561.55,,,
spend,2017,Outpatient Hospital,Hospital outpatient,n/a,,Dual,<65,Female,8634255.73,,,
spend,2017,Professional,Office (incl. telehealth),Exceptions/unclassified,,Non-dual,85+,Male,0.0,,,
spend,2017,Professional,Services at home,Unclassified,,Dual,<65,Male,2584.81,,,
spend,2017,Professional,Office (incl. telehealth),Unclassified,,Non-dual,85+,Male,459593.06,,,
spend,2017,Professional,Inpatient/outpatient hospital setting,E&M,,Dual,75-84,Female,485.85,,,
spend,2017,Professional,Services at home,Unclassified,,Non-dual,65-74,Male,2061.81,,,
spend,2017,Professional,Inpatient/outpatient hospital setting,Imaging,,Non-dual,<65,Female,1730.45,,,
spend,2017,Professional,Office (incl. telehealth),Exceptions/unclassified,,Non-dual,<65,Female,72036.68,,,
spend,2017,Professional,Urgent care,E&M,,Non-dual,65-74,Male,11427.45,,,
spend,2017,Professional,Urgent care,Exceptions/unclassified,,Dual,65-74,Male,0.0,,,
spend,2017,Professional,Nursing facility / hospice setting,Exceptions/unclassified,,Non-dual,<65,Male,507.0,,,
spend,2017,Professional,Services at home,Exceptions/unclassified,,Non-dual,<65,Male,0.0,,,
spend,2017,Professional,Inpatient/outpatient hospital setting,Unclassified,,Non-dual,65-74,Male,352911.06,,,
spend,2017,Outpatient Hospital,Hospital outpatient,n/a,,Dual,<65,Male,3062429.33,,,
spend,2017,Outpatient Hospital,Hospital outpatient,n/a,,Dual,85+,Female,446953.37,,,
spend,2017,Professional,Inpatient/outpatient hospital setting,Unclassified,,Dual,85+,Male,6089.28,,,
spend,2017,Professional,Office (incl. telehealth),Exceptions/unclassified,,Non-dual,<65,Male,84884.63,,,
spend,2017,Outpatient Hospital,Hospital outpatient,n/a,,Dual,85+,Male,346991.62,,,
spend,2017,Professional,Office (incl. telehealth),Unclassified,,Dual,65-74,Male,393704.27,,,
spend,2017,Professional,Services at home,Unclassified,,Non-dual,65-74,Female,2116.41,,,
spend,2017,Professional,Services at home,E&M,,Non-dual,<65,Male,1845.1,,,
spend,2017,Other,Durable medical equipment,n/a,,Dual,85+,Male,179.55,,,
spend,2017,Other,Durable medical equipment,n/a,,Dual,75-84,Male,456.02,,,
spend,2017,Other,Durable medical equipment,n/a,,Dual,85+,Female,269.72,,,
spend,2017,Professional,Nursing facility / hospice setting,Unclassified,,Non-dual,<65,Male,31101.74,,,
spend,2017,Other,Durable medical equipment,n/a,,Dual,65-74,Male,925.5,,,
spend,2017,Other,Durable medical equipment,n/a,,Non-dual,<65,Female,4418.13,,,
spend,2017,Other,Durable medical equipment,n/a,,Non-dual,<65,Male,6137.85,,,
spend,2017,Professional,Inpatient/outpatient hospital setting,Unclassified,,Non-dual,85+,Female,22136.25,,,
spend,2017,Professional,Services at home,Exceptions/unclassified,,Dual,65-74,Male,0.0,,,
spend,2017,Professional,Services at home,Exceptions/unclassified,,Non-dual,<65,Female,0.0,,,
spend,2017,Other,Durable medical equipment,n/a,,Dual,65-74,Female,1121.24,,,
spend,2017,Professional,Office (incl. telehealth),Unclassified,,Dual,65-74,Female,455272.79,,,
spend,2017,Professional,Inpatient/outpatient hospital setting,Imaging,,Non-dual,85+,Female,507.0,,,
spend,2017,Professional,Urgent care,Exceptions/unclassified,,Non-dual,75-84,Male,0.0,,,
spend,2017,Outpatient Hospital,Hospital outpatient,n/a,,Non-dual,75-84,Female,1358322.56,,,
spend,2017,Other,Durable medical equipment,n/a,,Dual,75-84,Female,348.16,,,
spend,2017,Professional,Office (incl. telehealth),Exceptions/unclassified,,Dual,85+,Female,0.0,,,
spend,2017,Professional,Services at home,Exceptions/unclassified,,Non-dual,85+,Female,0.0,,,
spend,2017,Professional,Office (incl. telehealth),Exceptions/unclassified,,Non-dual,65-74,Female,3953.58,,,
spend,2017,Professional,Nursing facility / hospice setting,Unclassified,,Non-dual,75-84,Male,20271.86,,,
spend,2017,Professional,Office (incl. telehealth),E&M,,Non-dual,65-74,Male,73625.17,,,
spend,2017,Long-Term Care,Hospice,n/a,,Non-dual,85+,Female,28108.23,,,
spend,2017,Long-Term Care,Hospice,n/a,,Non-dual,65-74,Female,238325.76,,,
spend,2017,Professional,Office (incl. telehealth),Exceptions/unclassified,,Dual,75-84,Male,5448.59,,,
spend,2017,Long-Term Care,Hospice,n/a,,Non-dual,85+,Male,29878.09,,,
spend,2017,Professional,Nursing facility / hospice setting,Exceptions/unclassified,,Non-dual,<65,Female,0.0,,,
spend,2017,Professional,Inpatient/outpatient hospital setting,Imaging,,Non-dual,<65,Male,1438.44,,,
spend,2017,Long-Term Care,Hospice,n/a,,Non-dual,65-74,Male,188194.14,,,
spend,2017,Professional,Nursing facility / hospice setting,Unclassified,,Non-dual,<65,Female,25652.14,,,
spend,2017,Professional,Office (incl. telehealth),E&M,,Non-dual,85+,Male,18517.74,,,
spend,2017,Professional,Office (incl. telehealth),Exceptions/unclassified,,Dual,75-84,Female,2244.18,,,
spend,2017,Outpatient Hospital,Hospital outpatient,n/a,,Dual,65-74,Male,1677168.75,,,
spend,2017,Long-Term Care,Skilled nursing facility,n/a,,Dual,65-74,Male,97111.96,,,
spend,2017,Professional,Inpatient/outpatient hospital setting,E&M,,Dual,65-74,Male,615.85,,,
spend,2017,Professional,Urgent care,E&M,,Non-dual,65-74,Female,5415.7,,,
spend,2017,Long-Term Care,Skilled nursing facility,n/a,,Dual,65-74,Female,99957.5,,,
spend,2017,Long-Term Care,Skilled nursing facility,n/a,,Dual,85+,Female,15166.18,,,
spend,2017,Long-Term Care,Skilled nursing facility,n/a,,Non-dual,75-84,Male,309970.65,,,
spend,2017,Professional,Office (incl. telehealth),Unclassified,,Non-dual,75-84,Male,569099.8,,,
spend,2017,Professional,Nursing facility / hospice setting,E&M,,Non-dual,<65,Female,620.44,,,
spend,2017,Professional,Office (incl. telehealth),Unclassified,,Non-dual,85+,Female,554879.51,,,
spend,2017,Long-Term Care,Skilled nursing facility,n/a,,Non-dual,85+,Male,42182.81,,,
spend,2017,Long-Term Care,Skilled nursing facility,n/a,,Non-dual,65-74,Female,434369.37,,,
spend,2017,Professional,Office (incl. telehealth),E&M,,Dual,75-84,Female,11951.09,,,
spend,2017,Professional,Urgent care,E&M,,Dual,85+,Female,4926.8,,,
spend,2017,Long-Term Care,Skilled nursing facility,n/a,,Non-dual,85+,Female,333751.17,,,
spend,2017,Professional,Office (incl. telehealth),E&M,,Non-dual,75-84,Male,28864.33,,,
spend,2017,Professional,Office (incl. telehealth),E&M,,Dual,65-74,Male,20162.8,,,
spend,2017,Long-Term Care,Skilled nursing facility,n/a,,Non-dual,75-84,Female,158561.32,,,
spend,2017,Professional,Nursing facility / hospice setting,Exceptions/unclassified,,Non-dual,85+,Male,0.0,,,
spend,2017,Professional,Office (incl. telehealth),Exceptions/unclassified,,Non-dual,85+,Female,4946.35,,,
spend,2017,Professional,Nursing facility / hospice setting,E&M,,Non-dual,<65,Male,2179.62,,,
spend,2017,Professional,Inpatient/outpatient hospital setting,Exceptions/unclassified,,Non-dual,75-84,Female,1220.94,,,
spend,2017,Long-Term Care,Skilled nursing facility,n/a,,Dual,85+,Male,22146.69,,,
spend,2017,Professional,Office (incl. telehealth),Unclassified,,Non-dual,75-84,Female,471062.86,,,
spend,2017,Professional,Home health,n/a,,Non-dual,65-74,Female,113775.85,,,
spend,2017,Retail Pharmacy,Prescription drugs (Part D),n/a,,Dual,65-74,Male,298944.27,,,
spend,2017,Professional,Home health,n/a,,Non-dual,65-74,Male,139428.15,,,
spend,2017,Professional,Office (incl. telehealth),E&M,,Dual,65-74,Female,12521.7,,,
spend,2017,Long-Term Care,Skilled nursing facility,n/a,,Non-dual,65-74,Male,371037.96,,,
spend,2017,Outpatient Hospital,Hospital outpatient,n/a,,Non-dual,75-84,Male,1706277.91,,,
spend,2017,Professional,Nursing facility / hospice setting,Exceptions/unclassified,,Non-dual,65-74,Male,0.0,,,
spend,2017,Professional,Services at home,Exceptions/unclassified,,Non-dual,75-84,Female,0.0,,,
spend,2017,Professional,Services at home,Unclassified,,Non-dual,75-84,Female,2930.48,,,
spend,2017,Professional,Office (incl. telehealth),E&M,,Non-dual,75-84,Female,15616.4,,,
spend,2017,Professional,Home health,n/a,,Dual,65-74,Female,52787.09,,,
spend,2017,Professional,Home health,n/a,,Non-dual,75-84,Female,22303.63,,,
spend,2017,Professional,Home health,n/a,,Non-dual,75-84,Male,60119.56,,,
spend,2017,Professional,Home health,n/a,,Dual,65-74,Male,11653.45,,,
spend,2017,Professional,Inpatient/outpatient hospital setting,Exceptions/unclassified,,Dual,<65,Male,600.5,,,
spend,2017,Professional,Services at home,Exceptions/unclassified,,Non-dual,85+,Male,0.0,,,
spend,2017,Professional,Nursing facility / hospice setting,Exceptions/unclassified,,Dual,<65,Male,0.0,,,
spend,2017,Outpatient Hospital,Hospital outpatient,n/a,,Dual,65-74,Female,1757714.78,,,
spend,2017,Professional,Inpatient/outpatient hospital setting,Unclassified,,Non-dual,75-84,Female,46615.23,,,
spend,2017,Professional,Services at home,Exceptions/unclassified,,Non-dual,75-84,Male,0.0,,,
spend,2017,Long-Term Care,Hospice,n/a,,Non-dual,75-84,Female,244578.29,,,
spend,2017,Professional,Urgent care,Unclassified,,Dual,65-74,Female,38437.05,,,
spend,2017,Professional,Services at home,Unclassified,,Non-dual,75-84,Male,922.3,,,
spend,2017,Inpatient Hospital,Acute care hospital,n/a,,Dual,<65,Male,383704.93,,,
spend,2017,Inpatient Hospital,Acute care hospital,n/a,,Dual,<65,Female,653757.9,,,
spend,2017,Professional,Urgent care,Exceptions/unclassified,,Dual,<65,Female,0.0,,,
spend,2017,Professional,Nursing facility / hospice setting,Exceptions/unclassified,,Non-dual,65-74,Female,2495.58,,,
spend,2017,Inpatient Hospital,Acute care hospital,n/a,,Non-dual,75-84,Female,644747.3,,,
spend,2017,Long-Term Care,Hospice,n/a,,Non-dual,75-84,Male,240138.0,,,
spend,2017,Professional,Services at home,Exceptions/unclassified,,Dual,<65,Male,0.0,,,
spend,2017,Professional,Urgent care,Exceptions/unclassified,,Non-dual,75-84,Female,0.0,,,
spend,2017,Inpatient Hospital,Acute care hospital,n/a,,Dual,85+,Male,105704.61,,,
spend,2017,Inpatient Hospital,Acute care hospital,n/a,,Non-dual,<65,Female,2161145.23,,,
spend,2017,Professional,Inpatient/outpatient hospital setting,Exceptions/unclassified,,Dual,65-74,Male,514.1,,,
spend,2017,Professional,Urgent care,Exceptions/unclassified,,Dual,65-74,Female,0.0,,,
spend,2017,Professional,Inpatient/outpatient hospital setting,Unclassified,,Non-dual,75-84,Male,44189.84,,,
spend,2017,Professional,Services at home,Unclassified,,Dual,<65,Female,737.43,,,
spend,2017,Professional,Inpatient/outpatient hospital setting,Unclassified,,Dual,<65,Female,66241.27,,,
spend,2017,Professional,Services at home,Unclassified,,Non-dual,<65,Male,12095.38,,,
spend,2017,Professional,Urgent care,E&M,,Dual,<65,Female,2208.9,,,
spend,2017,Professional,Inpatient/outpatient hospital setting,Unclassified,,Non-dual,<65,Female,188405.65,,,
spend,2017,Professional,Inpatient/outpatient hospital setting,Unclassified,,Dual,75-84,Male,26655.07,,,
spend,2017,Professional,Urgent care,E&M,,Dual,65-74,Male,4585.72,,,
spend,2017,Inpatient Hospital,Acute care hospital,n/a,,Dual,85+,Female,15674.2,,,
spend,2017,Professional,Urgent care,Unclassified,,Dual,65-74,Male,103353.94,,,
spend,2017,Professional,Nursing facility / hospice setting,Unclassified,,Non-dual,85+,Female,1687.74,,,
spend,2017,Professional,Services at home,Unclassified,,Non-dual,<65,Female,6918.56,,,
spend,2017,Professional,Office (incl. telehealth),Exceptions/unclassified,,Dual,85+,Male,0.0,,,
spend,2017,Professional,Services at home,Exceptions/unclassified,,Non-dual,65-74,Male,0.0,,,
spend,2017,Retail Pharmacy,Prescription drugs (Part D),n/a,,Non-dual,65-74,Female,821241.4,,,
spend,2017,Long-Term Care,Hospice,n/a,,Dual,65-74,Female,79358.68,,,
spend,2017,Professional,Services at home,E&M,,Non-dual,<65,Female,468.2,,,
spend,2017,Professional,Office (incl. telehealth),E&M,,Non-dual,85+,Female,16121.98,,,
spend,2017,Professional,Urgent care,Exceptions/unclassified,,Dual,85+,Female,0.0,,,
spend,2017,Professional,Inpatient/outpatient hospital setting,Exceptions/unclassified,,Dual,<65,Female,472.9,,,
spend,2017,Retail Pharmacy,Prescription drugs (Part D),n/a,,Non-dual,<65,Female,1163729.52,,,
spend,2017,Professional,Inpatient/outpatient hospital setting,E&M,,Non-dual,<65,Female,472.9,,,
spend,2017,Professional,Urgent care,Unclassified,,Dual,85+,Female,44444.29,,,
spend,2017,Retail Pharmacy,Prescription drugs (Part D),n/a,,Non-dual,<65,Male,1298146.44,,,
spend,2017,Retail Pharmacy,Prescription drugs (Part D),n/a,,Dual,65-74,Female,302863.53,,,
spend,2017,Professional,Services at home,E&M,,Non-dual,65-74,Male,615.85,,,
spend,2017,Professional,Nursing facility / hospice setting,Unclassified,,Non-dual,85+,Male,2114.0,,,
spend,2017,Other,Durable medical equipment,n/a,,Non-dual,65-74,Male,2799.93,,,
spend,2017,Professional,Office (incl. telehealth),E&M,,Dual,<65,Male,70028.62,,,
spend,2017,Professional,Office (incl. telehealth),Exceptions/unclassified,,Dual,65-74,Female,6289.94,,,
spend,2017,Other,Durable medical equipment,n/a,,Non-dual,75-84,Male,1301.4,,,
spend,2017,Retail Pharmacy,Prescription drugs (Part D),n/a,,Non-dual,65-74,Male,931480.98,,,
spend,2017,Other,Durable medical equipment,n/a,,Non-dual,65-74,Female,2954.57,,,
spend,2017,Retail Pharmacy,Prescription drugs (Part D),n/a,,Dual,75-84,Male,314762.71,,,
spend,2017,Long-Term Care,Hospice,n/a,,Dual,65-74,Male,148555.24,,,
spend,2017,Professional,Inpatient/outpatient hospital setting,Unclassified,,Dual,65-74,Male,167874.88,,,
spend,2017,Professional,Nursing facility / hospice setting,Exceptions/unclassified,,Non-dual,75-84,Female,0.0,,,
spend,2017,Professional,Office (incl. telehealth),E&M,,Non-dual,65-74,Female,25084.22,,,
spend,2017,Other,Durable medical equipment,n/a,,Dual,<65,Male,1718.16,,,
spend,2017,Professional,Services at home,Exceptions/unclassified,,Dual,<65,Female,0.0,,,
spend,2017,Professional,Office (incl. telehealth),E&M,,Dual,85+,Male,5658.19,,,
spend,2017,Inpatient Hospital,Acute care hospital,n/a,,Non-dual,<65,Male,1517792.08,,,
spend,2017,Professional,Services at home,Exceptions/unclassified,,Non-dual,65-74,Female,0.0,,,
spend,2017,Retail Pharmacy,Prescription drugs (Part D),n/a,,Dual,75-84,Female,151392.73,,,
spend,2017,Other,Durable medical equipment,n/a,,Non-dual,75-84,Female,905.59,,,
spend,2017,Professional,Nursing facility / hospice setting,E&M,,Non-dual,75-84,Male,2373.87,,,
spend,2017,Professional,Inpatient/outpatient hospital setting,Exceptions/unclassified,,Non-dual,<65,Female,1900.59,,,
spend,2017,Professional,Urgent care,Unclassified,,Non-dual,85+,Female,201427.45,,,
spend,2017,Professional,Inpatient/outpatient hospital setting,Imaging,,Non-dual,65-74,Female,600.5,,,
spend,2017,Long-Term Care,Hospice,n/a,,Dual,75-84,Female,16200.49,,,
spend,2017,Professional,Urgent care,Unclassified,,Non-dual,65-74,Female,220327.83,,,
spend,2017,Professional,Urgent care,Exceptions/unclassified,,Dual,85+,Male,0.0,,,
spend,2017,Professional,Urgent care,Unclassified,,Dual,85+,Male,68496.97,,,
spend,2017,Professional,Inpatient/outpatient hospital setting,Unclassified,,Non-dual,65-74,Female,420832.44,,,
spend,2017,Professional,Urgent care,E&M,,Dual,65-74,Female,472.7,,,
spend,2017,Inpatient Hospital,Acute care hospital,n/a,,Non-dual,75-84,Male,855264.01,,,
spend,2017,Professional,Inpatient/outpatient hospital setting,Unclassified,,Dual,75-84,Female,95480.17,,,
spend,2017,Professional,Inpatient/outpatient hospital setting,Exceptions/unclassified,,Non-dual,65-74,Female,1233.9,,,
spend,2017,Long-Term Care,Hospice,n/a,,Dual,75-84,Male,10369.47,,,
spend,2017,Professional,Urgent care,Exceptions/unclassified,,Non-dual,85+,Male,0.0,,,
spend,2017,Inpatient Hospital,Acute care hospital,n/a,,Non-dual,65-74,Male,1817222.64,,,
spend,2017,Professional,Office (incl. telehealth),E&M,,Dual,<65,Female,36774.31,,,
spend,2017,Inpatient Hospital,Acute care hospital,n/a,,Non-dual,65-74,Female,1111251.75,,,
spend,2017,Professional,Office (incl. telehealth),E&M,,Dual,75-84,Male,11928.17,,,
spend,2017,Professional,Urgent care,Unclassified,,Dual,<65,Female,39235.49,,,
spend,2017,Professional,Office (incl. telehealth),Unclassified,,Dual,75-84,Female,193766.31,,,
spend,2017,Professional,Urgent care,Exceptions/unclassified,,Non-dual,65-74,Male,7432.88,,,
spend,2017,Professional,Urgent care,Unclassified,,Non-dual,65-74,Male,248774.05,,,
spend,2017,Professional,Inpatient/outpatient hospital setting,Imaging,,Dual,<65,Male,1683.47,,,
spend,2017,Professional,Urgent care,Unclassified,,Non-dual,75-84,Male,70283.35,,,
spend,2017,Professional,Urgent care,Unclassified,,Non-dual,75-84,Female,98262.72,,,
spend,2017,Professional,Urgent care,Exceptions/unclassified,,Dual,75-84,Male,0.0,,,
spend,2017,Professional,Nursing facility / hospice setting,Exceptions/unclassified,,Dual,85+,Female,0.0,,,
spend,2017,Professional,Nursing facility / hospice setting,Unclassified,,Dual,85+,Female,1365.34,,,
spend,2017,Professional,Inpatient/outpatient hospital setting,Unclassified,,Dual,65-74,Female,85406.78,,,
spend,2017,Professional,Urgent care,Unclassified,,Non-dual,85+,Male,223638.4,,,
spend,2017,Professional,Inpatient/outpatient hospital setting,E&M,,Non-dual,65-74,Female,370.2,,,
spend,2017,Professional,Urgent care,Exceptions/unclassified,,Dual,75-84,Female,0.0,,,
spend,2017,Professional,Urgent care,Exceptions/unclassified,,Non-dual,65-74,Female,0.0,,,
spend,2017,Inpatient Hospital,Acute care hospital,n/a,,Non-dual,85+,Female,459731.1,,,
spend,2017,Professional,Urgent care,Unclassified,,Dual,75-84,Female,30190.12,,,
spend,2017,Professional,Inpatient/outpatient hospital setting,E&M,,Non-dual,65-74,Male,600.5,,,
spend,2017,Inpatient Hospital,Acute care hospital,n/a,,Non-dual,85+,Male,270392.32,,,
spend,2017,Retail Pharmacy,Prescription drugs (Part D),n/a,,Non-dual,85+,Male,988220.31,,,
spend,2017,Retail Pharmacy,Prescription drugs (Part D),n/a,,Non-dual,85+,Female,711959.95,,,
spend,2017,Professional,Urgent care,Exceptions/unclassified,,Non-dual,85+,Female,0.0,,,
spend,2017,Professional,Urgent care,Unclassified,,Dual,<65,Male,29181.56,,,
spend,2017,Inpatient Hospital,Acute care hospital,n/a,,Dual,75-84,Female,271945.28,,,
spend,2017,Professional,Urgent care,Exceptions/unclassified,,Dual,<65,Male,0.0,,,
spend,2017,Professional,Inpatient/outpatient hospital setting,Unclassified,,Non-dual,<65,Male,232097.37,,,
spend,2017,Professional,Nursing facility / hospice setting,Unclassified,,Non-dual,75-84,Female,756.34,,,
spend,2017,Professional,Inpatient/outpatient hospital setting,Exceptions/unclassified,,Non-dual,<65,Male,1206.6,,,
spend,2017,Professional,Office (incl. telehealth),Unclassified,,Dual,75-84,Male,241971.0,,,
spend,2017,Professional,Urgent care,Unclassified,,Dual,75-84,Male,111072.79,,,
spend,2017,Inpatient Hospital,Acute care hospital,n/a,,Dual,75-84,Male,215610.53,,,
spend,2017,Professional,Urgent care,E&M,,Non-dual,75-84,Female,1847.55,,,
spend,2017,Professional,Urgent care,Exceptions/unclassified,,Non-dual,<65,Female,0.0,,,
spend,2017,Professional,Services at home,Unclassified,,Dual,65-74,Male,1094.29,,,
spend,2017,Professional,Nursing facility / hospice setting,Unclassified,,Dual,<65,Male,1453.11,,,
spend,2017,Professional,Inpatient/outpatient hospital setting,Unclassified,,Dual,<65,Male,133643.51,,,
spend,2017,Professional,Services at home,Unclassified,,Non-dual,85+,Male,776.98,,,
spend,2017,Professional,Urgent care,E&M,,Non-dual,85+,Male,3743.65,,,
spend,2017,Professional,Urgent care,E&M,,Dual,<65,Male,6743.25,,,
spend,2017,Professional,Services at home,Unclassified,,Non-dual,85+,Female,2100.29,,,
spend,2017,Professional,Urgent care,E&M,,Non-dual,75-84,Male,2333.4,,,
spend,2017,Professional,Urgent care,Unclassified,,Non-dual,<65,Female,230486.33,,,
spend,2017,Professional,Urgent care,E&M,,Non-dual,<65,Male,28433.75,,,
spend,2017,Professional,Office (incl. telehealth),Exceptions/unclassified,,Dual,65-74,Male,12022.14,,,
spend,2017,Long-Term Care,Skilled nursing facility,n/a,,Dual,<65,Male,76687.55,,,
spend,2017,Long-Term Care,Skilled nursing facility,n/a,,Non-dual,<65,Female,182946.61,,,
spend,2017,Professional,Nursing facility / hospice setting,Exceptions/unclassified,,Non-dual,85+,Female,0.0,,,
spend,2017,Professional,Urgent care,Exceptions/unclassified,,Non-dual,<65,Male,4679.49,,,
spend,2017,Professional,Office (incl. telehealth),E&M,,Dual,85+,Female,8271.65,,,
spend,2017,Professional,Urgent care,E&M,,Non-dual,<65,Female,1201.0,,,
spend,2017,Professional,Urgent care,Unclassified,,Non-dual,<65,Male,296494.54,,,
spend,2017,Long-Term Care,Skilled nursing facility,n/a,,Dual,75-84,Male,201444.48,,,
spend,2017,Retail Pharmacy,Prescription drugs (Part D),n/a,,Dual,<65,Female,404945.79,,,
spend,2017,Professional,Office (incl. telehealth),Unclassified,,Dual,85+,Male,117986.53,,,
spend,2017,Long-Term Care,Skilled nursing facility,n/a,,Dual,75-84,Female,133782.76,,,
spend,2017,Outpatient Hospital,Hospital outpatient,n/a,,Dual,75-84,Female,889790.98,,,
spend,2017,Outpatient Hospital,Hospital outpatient,n/a,,Dual,75-84,Male,917518.71,,,
spend,2017,Outpatient Hospital,Hospital outpatient,n/a,,Non-dual,85+,Female,1110491.08,,,
spend,2017,Long-Term Care,Skilled nursing facility,n/a,,Dual,<65,Female,20600.26,,,
spend,2017,Professional,Nursing facility / hospice setting,Unclassified,,Non-dual,65-74,Female,17320.77,,,
spend,2017,Professional,Nursing facility / hospice setting,Unclassified,,Non-dual,65-74,Male,6428.42,,,
spend,2017,Professional,Office (incl. telehealth),Unclassified,,Non-dual,<65,Female,2593790.28,,,
spend,2017,Retail Pharmacy,Prescription drugs (Part D),n/a,,Non-dual,75-84,Male,603589.71,,,
spend,2017,Outpatient Hospital,Hospital outpatient,n/a,,Non-dual,65-74,Female,5463269.73,,,
spend,2017,Outpatient Hospital,Hospital outpatient,n/a,,Non-dual,65-74,Male,5264513.51,,,
spend,2017,Outpatient Hospital,Hospital outpatient,n/a,,Non-dual,85+,Male,1121831.57,,,
spend,2017,Professional,Inpatient/outpatient hospital setting,Imaging,,Non-dual,65-74,Male,620.44,,,
spend,2017,Professional,Office (incl. telehealth),Exceptions/unclassified,,Non-dual,75-84,Female,8743.08,,,
spend,2017,Long-Term Care,Skilled nursing facility,n/a,,Non-dual,<65,Male,145614.63,,,
spend,2017,Retail Pharmacy,Prescription drugs (Part D),n/a,,Dual,<65,Male,452101.65,,,
spend,2017,Long-Term Care,Hospice,n/a,,Dual,85+,Female,5358.76,,,
spend,2017,Retail Pharmacy,Prescription drugs (Part D),n/a,,Non-dual,75-84,Female,336855.88,,,
spend,2017,Outpatient Hospital,Hospital outpatient,n/a,,Non-dual,<65,Male,9343852.06,,,
spend,2017,Outpatient Hospital,Hospital outpatient,n/a,,Non-dual,<65,Female,43813304.08,,,
spend,2017,Other,Durable medical equipment,n/a,,Non-dual,85+,Male,457.82,,,
spend,2017,Long-Term Care,Hospice,n/a,,Dual,85+,Male,20034.5,,,
spend,2017,Professional,Office (incl. telehealth),E&M,,Non-dual,<65,Female,106906.95,,,
spend,2017,Other,Durable medical equipment,n/a,,Non-dual,85+,Female,733.56,,,
spend,2017,Professional,Office (incl. telehealth),Unclassified,,Non-dual,65-74,Male,1443496.39,,,
spend,2017,Professional,Office (incl. telehealth),Exceptions/unclassified,,Non-dual,75-84,Male,4524.38,,,
spend,2017,Professional,Office (incl. telehealth),Unclassified,,Dual,<65,Female,756667.93,,,
spend,2017,Professional,Office (incl. telehealth),Exceptions/unclassified,,Dual,<65,Female,13618.54,,,
spend,2017,Inpatient Hospital,Acute care hospital,n/a,,Dual,65-74,Male,751029.82,,,
spend,2017,Retail Pharmacy,Prescription drugs (Part D),n/a,,Dual,85+,Female,256298.45,,,
spend,2017,Professional,Office (incl. telehealth),Unclassified,,Dual,<65,Male,930371.73,,,
spend,2017,Professional,Office (incl. telehealth),Exceptions/unclassified,,Dual,<65,Male,30763.85,,,
spend,2017,Professional,Home health,n/a,,Non-dual,85+,Female,10360.61,,,
spend,2017,Professional,Nursing facility / hospice setting,Exceptions/unclassified,,Non-dual,75-84,Male,0.0,,,
spend,2017,Professional,Services at home,E&M,,Non-dual,85+,Female,431.4,,,
spend,2017,Professional,Office (incl. telehealth),Unclassified,,Non-dual,65-74,Female,1199125.64,,,
spend,2017,Inpatient Hospital,Acute care hospital,n/a,,Dual,65-74,Female,232843.07,,,
spend,2017,Professional,Office (incl. telehealth),Unclassified,,Dual,85+,Female,166887.67,,,
spend,2017,Retail Pharmacy,Prescription drugs (Part D),n/a,,Dual,85+,Male,381362.37,,,
spend,2017,Professional,Home health,n/a,,Non-dual,85+,Male,7464.54,,,
spend,2017,Professional,Office (incl. telehealth),Unclassified,,Non-dual,<65,Male,2318360.99,,,
spend,2017,Professional,Office (incl. telehealth),E&M,,Non-dual,<65,Male,182574.63,,,
spend,2017,Other,Durable medical equipment,n/a,,Dual,<65,Female,1758.13,,,
spend,2018,Professional,Urgent care,Unclassified,,Non-dual,75-84,Male,149189.91,,,
spend,2018,Professional,Nursing facility / hospice setting,E&M,,Dual,<65,Male,507.0,,,
spend,2018,Retail Pharmacy,Prescription drugs (Part D),n/a,,Dual,85+,Male,269556.77,,,
spend,2018,Inpatient Hospital,Acute care hospital,n/a,,Non-dual,75-84,Female,778250.17,,,
spend,2018,Inpatient Hospital,Acute care hospital,n/a,,Non-dual,85+,Male,450448.69,,,
spend,2018,Other,Durable medical equipment,n/a,,Dual,85+,Male,107.04,,,
spend,2018,Inpatient Hospital,Acute care hospital,n/a,,Non-dual,85+,Female,242572.72,,,
spend,2018,Inpatient Hospital,Acute care hospital,n/a,,Dual,85+,Female,39339.15,,,
spend,2018,Inpatient Hospital,Acute care hospital,n/a,,Dual,85+,Male,54520.15,,,
spend,2018,Long-Term Care,Hospice,n/a,,Dual,75-84,Female,145381.13,,,
spend,2018,Professional,Inpatient/outpatient hospital setting,Unclassified,,Non-dual,75-84,Male,70944.0,,,
spend,2018,Long-Term Care,Hospice,n/a,,Dual,75-84,Male,215615.7,,,
spend,2018,Long-Term Care,Skilled nursing facility,n/a,,Dual,<65,Female,46180.21,,,
spend,2018,Long-Term Care,Skilled nursing facility,n/a,,Dual,75-84,Female,76469.27,,,
spend,2018,Professional,Office (incl. telehealth),E&M,,Non-dual,85+,Male,18779.72,,,
spend,2018,Professional,Office (incl. telehealth),Unclassified,,Dual,85+,Female,159412.97,,,
spend,2018,Professional,Office (incl. telehealth),Exceptions/unclassified,,Dual,85+,Female,5053.19,,,
spend,2018,Long-Term Care,Skilled nursing facility,n/a,,Dual,<65,Male,70755.12,,,
spend,2018,Outpatient Hospital,Hospital outpatient,n/a,,Dual,75-84,Female,1024835.59,,,
spend,2018,Professional,Urgent care,E&M,,Non-dual,85+,Male,3024.9,,,
spend,2018,Retail Pharmacy,Prescription drugs (Part D),n/a,,Dual,75-84,Male,418955.01,,,
spend,2018,Professional,Office (incl. telehealth),E&M,,Dual,<65,Male,66447.99,,,
spend,2018,Outpatient Hospital,Hospital outpatient,n/a,,Dual,75-84,Male,932632.45,,,
spend,2018,Other,Durable medical equipment,n/a,,Dual,85+,Female,243.1,,,
spend,2018,Professional,Office (incl. telehealth),Exceptions/unclassified,,Dual,75-84,Female,4235.39,,,
spend,2018,Professional,Office (incl. telehealth),Unclassified,,Non-dual,<65,Female,2638897.72,,,
spend,2018,Long-Term Care,Skilled nursing facility,n/a,,Dual,75-84,Male,62333.39,,,
spend,2018,Professional,Services at home,E&M,,Non-dual,<65,Female,468.2,,,
spend,2018,Professional,Services at home,Exceptions/unclassified,,Non-dual,75-84,Female,0.0,,,
spend,2018,Professional,Office (incl. telehealth),E&M,,Dual,<65,Female,40875.46,,,
spend,2018,Inpatient Hospital,Acute care hospital,n/a,,Non-dual,65-74,Male,2275292.01,,,
spend,2018,Professional,Nursing facility / hospice setting,E&M,,Non-dual,<65,Female,1240.88,,,
spend,2018,Professional,Nursing facility / hospice setting,Exceptions/unclassified,,Non-dual,<65,Female,0.0,,,
spend,2018,Professional,Nursing facility / hospice setting,Exceptions/unclassified,,Non-dual,75-84,Male,2478.33,,,
spend,2018,Professional,Inpatient/outpatient hospital setting,E&M,,Non-dual,65-74,Female,615.85,,,
spend,2018,Professional,Office (incl. telehealth),Exceptions/unclassified,,Dual,<65,Female,8998.9,,,
spend,2018,Professional,Office (incl. telehealth),Unclassified,,Dual,65-74,Female,442992.83,,,
spend,2018,Professional,Urgent care,E&M,,Non-dual,85+,Female,6587.61,,,
spend,2018,Professional,Nursing facility / hospice setting,Unclassified,,Non-dual,<65,Male,32882.34,,,
spend,2018,Professional,Nursing facility / hospice setting,Unclassified,,Dual,<65,Male,1453.15,,,
spend,2018,Retail Pharmacy,Prescription drugs (Part D),n/a,,Non-dual,75-84,Female,618333.15,,,
spend,2018,Professional,Nursing facility / hospice setting,Unclassified,,Dual,85+,Female,1513.41,,,
spend,2018,Other,Durable medical equipment,n/a,,Non-dual,<65,Female,4533.38,,,
spend,2018,Professional,Services at home,Exceptions/unclassified,,Non-dual,75-84,Male,0.0,,,
spend,2018,Professional,Office (incl. telehealth),Exceptions/unclassified,,Dual,<65,Male,36885.52,,,
spend,2018,Professional,Office (incl. telehealth),Exceptions/unclassified,,Non-dual,85+,Male,359.77,,,
spend,2018,Professional,Inpatient/outpatient hospital setting,Unclassified,,Dual,<65,Female,4579.85,,,
spend,2018,Other,Durable medical equipment,n/a,,Dual,<65,Male,2179.09,,,
spend,2018,Professional,Services at home,E&M,,Non-dual,<65,Male,1450.5,,,
spend,2018,Professional,Inpatient/outpatient hospital setting,Unclassified,,Dual,85+,Male,3785.14,,,
spend,2018,Professional,Inpatient/outpatient hospital setting,Unclassified,,Dual,<65,Male,4308.78,,,
spend,2018,Professional,Office (incl. telehealth),Unclassified,,Non-dual,65-74,Male,1458613.15,,,
spend,2018,Other,Durable medical equipment,n/a,,Dual,<65,Female,1496.46,,,
spend,2018,Professional,Inpatient/outpatient hospital setting,Unclassified,,Dual,75-84,Female,41758.34,,,
spend,2018,Professional,Urgent care,Unclassified,,Dual,85+,Female,52895.94,,,
spend,2018,Professional,Office (incl. telehealth),Unclassified,,Dual,65-74,Male,448727.66,,,
spend,2018,Professional,Nursing facility / hospice setting,E&M,,Non-dual,<65,Male,3295.87,,,
spend,2018,Professional,Nursing facility / hospice setting,Exceptions/unclassified,,Non-dual,<65,Male,507.0,,,
spend,2018,Other,Durable medical equipment,n/a,,Non-dual,65-74,Female,2627.5,,,
spend,2018,Professional,Inpatient/outpatient hospital setting,Exceptions/unclassified,,Non-dual,<65,Male,615.85,,,
spend,2018,Retail Pharmacy,Prescription drugs (Part D),n/a,,Non-dual,75-84,Male,661283.74,,,
spend,2018,Professional,Office (incl. telehealth),Unclassified,,Non-dual,<65,Male,2506078.99,,,
spend,2018,Professional,Office (incl. telehealth),E&M,,Non-dual,65-74,Male,67965.86,,,
spend,2018,Professional,Office (incl. telehealth),Unclassified,,Dual,75-84,Male,250872.05,,,
spend,2018,Other,Durable medical equipment,n/a,,Non-dual,85+,Male,633.61,,,
spend,2018,Professional,Nursing facility / hospice setting,Unclassified,,Non-dual,65-74,Male,6989.53,,,
spend,2018,Professional,Nursing facility / hospice setting,Unclassified,,Non-dual,<65,Female,26977.4,,,
spend,2018,Professional,Nursing facility / hospice setting,Unclassified,,Non-dual,65-74,Female,15532.25,,,
spend,2018,Other,Durable medical equipment,n/a,,Non-dual,65-74,Male,3018.42,,,
spend,2018,Inpatient Hospital,Acute care hospital,n/a,,Dual,75-84,Female,797372.61,,,
spend,2018,Retail Pharmacy,Prescription drugs (Part D),n/a,,Dual,75-84,Female,244711.91,,,
spend,2018,Professional,Office (incl. telehealth),Unclassified,,Non-dual,65-74,Female,1372677.24,,,
spend,2018,Other,Durable medical equipment,n/a,,Non-dual,85+,Female,705.29,,,
spend,2018,Professional,Inpatient/outpatient hospital setting,Unclassified,,Dual,75-84,Male,48182.55,,,
spend,2018,Professional,Inpatient/outpatient hospital setting,Imaging,,Non-dual,65-74,Female,600.5,,,
spend,2018,Professional,Inpatient/outpatient hospital setting,Unclassified,,Non-dual,65-74,Female,446660.72,,,
spend,2018,Other,Durable medical equipment,n/a,,Non-dual,<65,Male,7038.41,,,
spend,2018,Professional,Urgent care,Unclassified,,Dual,85+,Male,88402.04,,,
spend,2018,Professional,Office (incl. telehealth),E&M,,Non-dual,<65,Male,207539.92,,,
spend,2018,Professional,Office (incl. telehealth),Unclassified,,Dual,85+,Male,86923.61,,,
spend,2018,Professional,Office (incl. telehealth),Exceptions/unclassified,,Dual,85+,Male,2672.52,,,
spend,2018,Professional,Urgent care,Exceptions/unclassified,,Non-dual,65-74,Female,0.0,,,
spend,2018,Outpatient Hospital,Hospital outpatient,n/a,,Non-dual,75-84,Female,1655348.52,,,
spend,2018,Professional,Inpatient/outpatient hospital setting,E&M,,Dual,75-84,Male,442.59,,,
spend,2018,Professional,Services at home,E&M,,Non-dual,85+,Female,431.4,,,
spend,2018,Professional,Office (incl. telehealth),E&M,,Non-dual,65-74,Female,32580.57,,,
spend,2018,Professional,Office (incl. telehealth),E&M,,Dual,85+,Male,6102.65,,,
spend,2018,Professional,Inpatient/outpatient hospital setting,E&M,,Non-dual,65-74,Male,1216.35,,,
spend,2018,Professional,Urgent care,Exceptions/unclassified,,Non-dual,65-74,Male,0.0,,,
spend,2018,Professional,Office (incl. telehealth),Unclassified,,Dual,75-84,Female,257130.07,,,
spend,2018,Professional,Office (incl. telehealth),E&M,,Dual,75-84,Male,15375.32,,,
spend,2018,Professional,Urgent care,E&M,,Dual,75-84,Female,885.18,,,
spend,2018,Professional,Inpatient/outpatient hospital setting,Exceptions/unclassified,,Non-dual,<65,Female,436.75,,,
spend,2018,Professional,Office (incl. telehealth),Exceptions/unclassified,,Non-dual,85+,Female,6157.24,,,
spend,2018,Professional,Nursing facility / hospice setting,Unclassified,,Non-dual,85+,Male,5023.92,,,
spend,2018,Professional,Nursing facility / hospice setting,Exceptions/unclassified,,Non-dual,85+,Male,0.0,,,
spend,2018,Outpatient Hospital,Hospital outpatient,n/a,,Non-dual,85+,Male,1366975.58,,,
spend,2018,Retail Pharmacy,Prescription drugs (Part D),n/a,,Dual,<65,Male,443730.56,,,
spend,2018,Inpatient Hospital,Acute care hospital,n/a,,Dual,<65,Male,1168630.08,,,
spend,2018,Professional,Urgent care,Exceptions/unclassified,,Dual,65-74,Female,0.0,,,
spend,2018,Retail Pharmacy,Prescription drugs (Part D),n/a,,Dual,<65,Female,372552.94,,,
spend,2018,Professional,Urgent care,Unclassified,,Non-dual,<65,Male,274989.14,,,
spend,2018,Professional,Urgent care,Exceptions/unclassified,,Non-dual,<65,Male,0.0,,,
spend,2018,Professional,Home health,n/a,,Dual,85+,Female,0.0,,,
spend,2018,Professional,Urgent care,Unclassified,,Dual,65-74,Female,39887.45,,,
spend,2018,Professional,Home health,n/a,,Dual,65-74,Female,78139.47,,,
spend,2018,Outpatient Hospital,Hospital outpatient,n/a,,Non-dual,85+,Female,1235459.43,,,
spend,2018,Professional,Urgent care,Unclassified,,Dual,<65,Female,43807.2,,,
spend,2018,Professional,Urgent care,Unclassified,,Dual,<65,Male,65310.45,,,
spend,2018,Professional,Office (incl. telehealth),E&M,,Non-dual,<65,Female,122408.5,,,
spend,2018,Professional,Urgent care,Exceptions/unclassified,,Dual,<65,Male,2692.46,,,
spend,2018,Outpatient Hospital,Hospital outpatient,n/a,,Non-dual,65-74,Male,5722431.36,,,
spend,2018,Professional,Urgent care,E&M,,Dual,<65,Male,6249.1,,,
spend,2018,Inpatient Hospital,Acute care hospital,n/a,,Dual,<65,Female,1317915.17,,,
spend,2018,Long-Term Care,Skilled nursing facility,n/a,,Dual,65-74,Female,250228.23,,,
spend,2018,Retail Pharmacy,Prescription drugs (Part D),n/a,,Non-dual,65-74,Female,835866.08,,,
spend,2018,Outpatient Hospital,Hospital outpatient,n/a,,Non-dual,65-74,Female,6222138.14,,,
spend,2018,Professional,Inpatient/outpatient hospital setting,Imaging,,Non-dual,<65,Female,2758.19,,,
spend,2018,Long-Term Care,Skilled nursing facility,n/a,,Dual,65-74,Male,158532.45,,,
spend,2018,Long-Term Care,Skilled nursing facility,n/a,,Non-dual,65-74,Female,491079.32,,,
spend,2018,Long-Term Care,Skilled nursing facility,n/a,,Non-dual,65-74,Male,494202.15,,,
spend,2018,Professional,Inpatient/outpatient hospital setting,Imaging,,Non-dual,65-74,Male,1093.34,,,
spend,2018,Professional,Inpatient/outpatient hospital setting,Unclassified,,Non-dual,65-74,Male,542240.74,,,
spend,2018,Professional,Inpatient/outpatient hospital setting,Unclassified,,Non-dual,<65,Female,246953.31,,,
spend,2018,Retail Pharmacy,Prescription drugs (Part D),n/a,,Non-dual,65-74,Male,956021.38,,,
spend,2018,Outpatient Hospital,Hospital outpatient,n/a,,Non-dual,75-84,Male,2210459.62,,,
spend,2018,Professional,Urgent care,Unclassified,,Non-dual,<65,Female,173413.79,,,
spend,2018,Professional,Urgent care,E&M,,Non-dual,<65,Female,3038.8,,,
spend,2018,Professional,Urgent care,Exceptions/unclassified,,Non-dual,<65,Female,0.0,,,
spend,2018,Professional,Office (incl. telehealth),Exceptions/unclassified,,Non-dual,75-84,Female,11111.71,,,
spend,2018,Professional,Office (incl. telehealth),Unclassified,,Non-dual,75-84,Female,616241.23,,,
spend,2018,Retail Pharmacy,Prescription drugs (Part D),n/a,,Non-dual,<65,Female,1238424.93,,,
spend,2018,Inpatient Hospital,Acute care hospital,n/a,,Dual,65-74,Female,520549.23,,,
spend,2018,Professional,Office (incl. telehealth),Unclassified,,Non-dual,85+,Female,542700.85,,,
spend,2018,Inpatient Hospital,Acute care hospital,n/a,,Dual,75-84,Male,313168.86,,,
spend,2018,Retail Pharmacy,Prescription drugs (Part D),n/a,,Non-dual,<65,Male,1281457.95,,,
spend,2018,Retail Pharmacy,Prescription drugs (Part D),n/a,,Non-dual,85+,Female,689556.17,,,
spend,2018,Professional,Home health,n/a,,Non-dual,85+,Male,11539.36,,,
spend,2018,Retail Pharmacy,Prescription drugs (Part D),n/a,,Dual,65-74,Female,353776.7,,,
spend,2018,Retail Pharmacy,Prescription drugs (Part D),n/a,,Non-dual,85+,Male,1420897.62,,,
spend,2018,Professional,Urgent care,Exceptions/unclassified,,Non-dual,85+,Male,0.0,,,
spend,2018,Inpatient Hospital,Acute care hospital,n/a,,Non-dual,<65,Female,2557945.49,,,
spend,2018,Professional,Office (incl. telehealth),Exceptions/unclassified,,Non-dual,75-84,Male,5931.94,,,
spend,2018,Retail Pharmacy,Prescription drugs (Part D),n/a,,Dual,85+,Female,250642.23,,,
spend,2018,Retail Pharmacy,Prescription drugs (Part D),n/a,,Dual,65-74,Male,402815.44,,,
spend,2018,Professional,Office (incl. telehealth),Unclassified,,Non-dual,75-84,Male,732366.78,,,
spend,2018,Professional,Services at home,Exceptions/unclassified,,Non-dual,85+,Female,0.0,,,
spend,2018,Professional,Urgent care,Unclassified,,Dual,75-84,Male,121204.86,,,
spend,2018,Professional,Services at home,Unclassified,,Non-dual,85+,Female,15874.02,,,
spend,2018,Outpatient Hospital,Hospital outpatient,n/a,,Dual,65-74,Female,7122018.65,,,
spend,2018,Professional,Office (incl. telehealth),Exceptions/unclassified,,Non-dual,<65,Male,74461.09,,,
spend,2018,Professional,Urgent care,Exceptions/unclassified,,Non-dual,75-84,Male,0.0,,,
spend,2018,Long-Term Care,Hospice,n/a,,Dual,65-74,Male,75543.7,,,
spend,2018,Long-Term Care,Hospice,n/a,,Dual,65-74,Female,94602.38,,,
spend,2018,Professional,Urgent care,Exceptions/unclassified,,Dual,<65,Female,2551.41,,,
spend,2018,Professional,Services at home,Exceptions/unclassified,,Non-dual,85+,Male,0.0,,,
spend,2018,Professional,Urgent care,E&M,,Non-dual,<65,Male,33135.73,,,
spend,2018,Professional,Inpatient/outpatient hospital setting,Exceptions/unclassified,,Non-dual,75-84,Male,1045.19,,,
spend,2018,Professional,Urgent care,Unclassified,,Dual,75-84,Female,58729.32,,,
spend,2018,Professional,Services at home,Unclassified,,Non-dual,85+,Male,1400.57,,,
spend,2018,Professional,Urgent care,Unclassified,,Dual,65-74,Male,124538.97,,,
spend,2018,Professional,Urgent care,Unclassified,,Non-dual,85+,Male,232465.16,,,
spend,2018,Professional,Inpatient/outpatient hospital setting,Unclassified,,Dual,65-74,Female,73583.18,,,
spend,2018,Professional,Office (incl. telehealth),Exceptions/unclassified,,Dual,65-74,Female,4181.83,,,
spend,2018,Professional,Urgent care,Exceptions/unclassified,,Non-dual,85+,Female,15193.23,,,
spend,2018,Inpatient Hospital,Acute care hospital,n/a,,Non-dual,<65,Male,1786433.97,,,
spend,2018,Professional,Nursing facility / hospice setting,Exceptions/unclassified,,Dual,<65,Male,0.0,,,
spend,2018,Professional,Office (incl. telehealth),Unclassified,,Non-dual,85+,Male,552584.63,,,
spend,2018,Outpatient Hospital,Hospital outpatient,n/a,,Dual,65-74,Male,2068134.11,,,
spend,2018,Professional,Office (incl. telehealth),Exceptions/unclassified,,Dual,65-74,Male,5884.86,,,
spend,2018,Professional,Services at home,Exceptions/unclassified,,Non-dual,65-74,Female,0.0,,,
spend,2018,Professional,Office (incl. telehealth),Exceptions/unclassified,,Non-dual,<65,Female,54426.93,,,
spend,2018,Professional,Office (incl. telehealth),Unclassified,,Dual,<65,Male,903779.35,,,
spend,2018,Professional,Office (incl. telehealth),E&M,,Dual,85+,Female,3519.77,,,
spend,2018,Outpatient Hospital,Hospital outpatient,n/a,,Dual,85+,Male,381497.33,,,
spend,2018,Outpatient Hospital,Hospital outpatient,n/a,,Dual,85+,Female,440759.05,,,
spend,2018,Professional,Services at home,Exceptions/unclassified,,Non-dual,<65,Female,472.9,,,
spend,2018,Professional,Services at home,Unclassified,,Dual,<65,Female,658.8,,,
spend,2018,Outpatient Hospital,Hospital outpatient,n/a,,Dual,<65,Male,3464152.97,,,
spend,2018,Outpatient Hospital,Hospital outpatient,n/a,,Non-dual,<65,Male,9942318.16,,,
spend,2018,Professional,Urgent care,Unclassified,,Non-dual,65-74,Female,216415.46,,,
spend,2018,Professional,Urgent care,Unclassified,,Non-dual,65-74,Male,262086.72,,,
spend,2018,Professional,Urgent care,E&M,,Non-dual,75-84,Male,6151.9,,,
spend,2018,Professional,Services at home,Exceptions/unclassified,,Non-dual,65-74,Male,0.0,,,
spend,2018,Outpatient Hospital,Hospital outpatient,n/a,,Non-dual,<65,Female,29351291.08,,,
spend,2018,Outpatient Hospital,Hospital outpatient,n/a,,Dual,<65,Female,14358537.84,,,
spend,2018,Professional,Urgent care,Exceptions/unclassified,,Dual,75-84,Male,0.0,,,
spend,2018,Inpatient Hospital,Acute care hospital,n/a,,Non-dual,65-74,Female,1769978.55,,,
spend,2018,Professional,Urgent care,E&M,,Non-dual,75-84,Female,9114.95,,,
spend,2018,Professional,Urgent care,Exceptions/unclassified,,Non-dual,75-84,Female,0.0,,,
spend,2018,Professional,Urgent care,Unclassified,,Non-dual,75-84,Female,182176.09,,,
spend,2018,Professional,Urgent care,E&M,,Dual,65-74,Male,3318.7,,,
spend,2018,Inpatient Hospital,Acute care hospital,n/a,,Dual,65-74,Male,553293.56,,,
spend,2018,Professional,Urgent care,Exceptions/unclassified,,Dual,75-84,Female,0.0,,,
spend,2018,Professional,Office (incl. telehealth),Unclassified,,Dual,<65,Female,716133.43,,,
spend,2018,Professional,Urgent care,Exceptions/unclassified,,Dual,65-74,Male,0.0,,,
spend,2018,Professional,Office (incl. telehealth),Exceptions/unclassified,,Dual,75-84,Male,1693.89,,,
spend,2018,Inpatient Hospital,Acute care hospital,n/a,,Non-dual,75-84,Male,606686.96,,,
spend,2018,Professional,Nursing facility / hospice setting,Unclassified,,Non-dual,85+,Female,1039.86,,,
spend,2018,Professional,Nursing facility / hospice setting,Unclassified,,Non-dual,75-84,Male,22158.01,,,
spend,2018,Professional,Inpatient/outpatient hospital setting,Exceptions/unclassified,,Non-dual,65-74,Female,481.7,,,
spend,2018,Professional,Inpatient/outpatient hospital setting,Exceptions/unclassified,,Non-dual,65-74,Male,2611.25,,,
spend,2018,Professional,Nursing facility / hospice setting,E&M,,Non-dual,65-74,Female,2317.85,,,
spend,2018,Professional,Urgent care,Exceptions/unclassified,,Dual,85+,Male,0.0,,,
spend,2018,Professional,Services at home,Unclassified,,Dual,<65,Male,2077.78,,,
spend,2018,Professional,Inpatient/outpatient hospital setting,Exceptions/unclassified,,Dual,75-84,Male,442.59,,,
spend,2018,Professional,Office (incl. telehealth),Exceptions/unclassified,,Non-dual,65-74,Female,7576.21,,,
spend,2018,Professional,Urgent care,E&M,,Non-dual,65-74,Male,15674.7,,,
spend,2018,Professional,Office (incl. telehealth),E&M,,Non-dual,75-84,Female,15895.16,,,
spend,2018,Professional,Inpatient/outpatient hospital setting,Unclassified,,Non-dual,<65,Male,425041.14,,,
spend,2018,Professional,Services at home,Exceptions/unclassified,,Non-dual,<65,Male,0.0,,,
spend,2018,Professional,Services at home,Unclassified,,Non-dual,75-84,Male,1691.67,,,
spend,2018,Professional,Urgent care,Unclassified,,Non-dual,85+,Female,292196.48,,,
spend,2018,Other,Durable medical equipment,n/a,,Dual,65-74,Female,1033.29,,,
spend,2018,Other,Durable medical equipment,n/a,,Dual,65-74,Male,1092.59,,,
spend,2018,Professional,Inpatient/outpatient hospital setting,Unclassified,,Dual,65-74,Male,36195.53,,,
spend,2018,Professional,Office (incl. telehealth),Exceptions/unclassified,,Non-dual,65-74,Male,37734.84,,,
spend,2018,Other,Durable medical equipment,n/a,,Dual,75-84,Male,392.78,,,
spend,2018,Professional,Office (incl. telehealth),E&M,,Non-dual,75-84,Male,44938.21,,,
spend,2018,Professional,Services at home,Unclassified,,Non-dual,65-74,Male,1916.55,,,
spend,2018,Long-Term Care,Hospice,n/a,,Dual,85+,Male,11640.75,,,
spend,2018,Professional,Nursing facility / hospice setting,E&M,,Non-dual,65-74,Male,620.44,,,
spend,2018,Professional,Inpatient/outpatient hospital setting,E&M,,Non-dual,<65,Male,997.55,,,
spend,2018,Professional,Services at home,Unclassified,,Non-dual,<65,Female,8744.73,,,
spend,2018,Long-Term Care,Hospice,n/a,,Dual,85+,Female,17483.95,,,
spend,2018,Long-Term Care,Skilled nursing facility,n/a,,Dual,85+,Male,164716.3,,,
spend,2018,Other,Durable medical equipment,n/a,,Non-dual,75-84,Female,1115.13,,,
spend,2018,Long-Term Care,Hospice,n/a,,Non-dual,75-84,Female,341957.78,,,
spend,2018,Professional,Nursing facility / hospice setting,Exceptions/unclassified,,Non-dual,75-84,Female,0.0,,,
spend,2018,Long-Term Care,Hospice,n/a,,Non-dual,75-84,Male,421834.29,,,
spend,2018,Long-Term Care,Skilled nursing facility,n/a,,Non-dual,<65,Female,211033.5,,,
spend,2018,Professional,Office (incl. telehealth),E&M,,Dual,65-74,Female,11829.5,,,
spend,2018,Professional,Home health,n/a,,Dual,75-84,Female,8818.22,,,
spend,2018,Professional,Home health,n/a,,Dual,75-84,Male,2801.05,,,
spend,2018,Other,Durable medical equipment,n/a,,Non-dual,75-84,Male,1466.72,,,
spend,2018,Professional,Home health,n/a,,Non-dual,75-84,Female,28884.27,,,
spend,2018,Professional,Home health,n/a,,Non-dual,65-74,Female,127061.92,,,
spend,2018,Professional,Office (incl. telehealth),E&M,,Non-dual,85+,Female,14648.79,,,
spend,2018,Professional,Home health,n/a,,Non-dual,75-84,Male,48976.12,,,
spend,2018,Other,Durable medical equipment,n/a,,Dual,75-84,Female,458.5,,,
spend,2018,Long-Term Care,Skilled nursing facility,n/a,,Non-dual,<65,Male,342164.07,,,
spend,2018,Professional,Home health,n/a,,Non-dual,65-74,Male,89941.99,,,
spend,2018,Professional,Urgent care,Exceptions/unclassified,,Dual,85+,Female,0.0,,,
spend,2018,Long-Term Care,Skilled nursing facility,n/a,,Non-dual,75-84,Male,353618.81,,,
spend,2018,Professional,Services at home,Unclassified,,Non-dual,75-84,Female,1602.48,,,
spend,2018,Professional,Services at home,Unclassified,,Non-dual,65-74,Female,1516.21,,,
spend,2018,Long-Term Care,Skilled nursing facility,n/a,,Non-dual,85+,Female,103145.73,,,
spend,2018,Professional,Services at home,E&M,,Non-dual,65-74,Male,615.85,,,
spend,2018,Long-Term Care,Skilled nursing facility,n/a,,Non-dual,85+,Male,110374.08,,,
spend,2018,Long-Term Care,Skilled nursing facility,n/a,,Dual,85+,Female,15933.9,,,
spend,2018,Professional,Inpatient/outpatient hospital setting,Imaging,,Non-dual,<65,Male,2633.99,,,
spend,2018,Long-Term Care,Skilled nursing facility,n/a,,Non-dual,75-84,Female,308680.23,,,
spend,2018,Professional,Nursing facility / hospice setting,Exceptions/unclassified,,Non-dual,85+,Female,0.0,,,
spend,2018,Professional,Office (incl. telehealth),E&M,,Dual,65-74,Male,26985.55,,,
spend,2018,Professional,Inpatient/outpatient hospital setting,Exceptions/unclassified,,Dual,65-74,Male,481.7,,,
spend,2018,Professional,Inpatient/outpatient hospital setting,Imaging,,Non-dual,75-84,Male,1129.95,,,
spend,2018,Professional,Urgent care,E&M,,Non-dual,65-74,Female,1850.43,,,
spend,2018,Professional,Urgent care,E&M,,Dual,85+,Female,3079.25,,,
spend,2018,Professional,Nursing facility / hospice setting,E&M,,Non-dual,75-84,Male,620.44,,,
spend,2018,Professional,Nursing facility / hospice setting,Exceptions/unclassified,,Non-dual,65-74,Male,0.0,,,
spend,2018,Professional,Urgent care,E&M,,Dual,<65,Female,1379.45,,,
spend,2018,Professional,Services at home,Unclassified,,Non-dual,<65,Male,10460.86,,,
spend,2018,Long-Term Care,Hospice,n/a,,Non-dual,85+,Male,26358.64,,,
spend,2018,Professional,Nursing facility / hospice setting,Unclassified,,Non-dual,75-84,Female,756.34,,,
spend,2018,Long-Term Care,Hospice,n/a,,Non-dual,85+,Female,101834.48,,,
spend,2018,Professional,Services at home,Unclassified,,Dual,65-74,Male,808.07,,,
spend,2018,Professional,Services at home,Exceptions/unclassified,,Dual,65-74,Male,0.0,,,
spend,2018,Professional,Nursing facility / hospice setting,Exceptions/unclassified,,Non-dual,65-74,Female,0.0,,,
spend,2018,Professional,Urgent care,E&M,,Dual,85+,Male,609.25,,,
spend,2018,Professional,Inpatient/outpatient hospital setting,Imaging,,Non-dual,75-84,Female,2406.19,,,
spend,2018,Long-Term Care,Hospice,n/a,,Non-dual,65-74,Male,368226.22,,,
spend,2018,Professional,Inpatient/outpatient hospital setting,Unclassified,,Non-dual,75-84,Female,80823.1,,,
spend,2018,Long-Term Care,Hospice,n/a,,Non-dual,65-74,Female,391785.18,,,
spend,2018,Professional,Office (incl. telehealth),E&M,,Dual,75-84,Female,10047.73,,,
spend,2019,Professional,Nursing facility / hospice setting,Unclassified,,Non-dual,<65,Female,21918.85,,,
spend,2019,Long-Term Care,Skilled nursing facility,n/a,,Non-dual,85+,Male,82129.53,,,
spend,2019,Long-Term Care,Hospice,n/a,,Dual,85+,Female,6535.16,,,
spend,2019,Professional,Services at home,Unclassified,,Dual,75-84,Male,1402.76,,,
spend,2019,Long-Term Care,Hospice,n/a,,Non-dual,75-84,Male,568384.96,,,
spend,2019,Long-Term Care,Hospice,n/a,,Non-dual,75-84,Female,242339.87,,,
spend,2019,Professional,Office (incl. telehealth),Unclassified,,Non-dual,<65,Male,2615877.57,,,
spend,2019,Professional,Home health,n/a,,Non-dual,75-84,Male,25132.38,,,
spend,2019,Professional,Nursing facility / hospice setting,Unclassified,,Non-dual,85+,Male,3823.26,,,
spend,2019,Professional,Inpatient/outpatient hospital setting,Unclassified,,Non-dual,85+,Female,68.26,,,
spend,2019,Inpatient Hospital,Acute care hospital,n/a,,Dual,65-74,Male,474839.64,,,
spend,2019,Professional,Office (incl. telehealth),Exceptions/unclassified,,Non-dual,85+,Male,0.0,,,
spend,2019,Long-Term Care,Hospice,n/a,,Non-dual,65-74,Male,339235.29,,,
spend,2019,Professional,Home health,n/a,,Non-dual,75-84,Female,26024.15,,,
spend,2019,Professional,Services at home,Unclassified,,Non-dual,75-84,Male,837.97,,,
spend,2019,Professional,Services at home,Exceptions/unclassified,,Non-dual,75-84,Male,0.0,,,
spend,2019,Long-Term Care,Hospice,n/a,,Dual,85+,Male,17373.0,,,
spend,2019,Long-Term Care,Hospice,n/a,,Non-dual,65-74,Female,278223.67,,,
spend,2019,Professional,Services at home,Unclassified,,Non-dual,<65,Male,9215.51,,,
spend,2019,Retail Pharmacy,Prescription drugs (Part D),n/a,,Dual,85+,Male,406356.91,,,
spend,2019,Professional,Nursing facility / hospice setting,Exceptions/unclassified,,Non-dual,65-74,Female,2100.51,,,
spend,2019,Professional,Nursing facility / hospice setting,Unclassified,,Dual,<65,Male,1430.86,,,
spend,2019,Inpatient Hospital,Acute care hospital,n/a,,Dual,65-74,Female,512279.46,,,
spend,2019,Professional,Services at home,Exceptions/unclassified,,Non-dual,<65,Male,0.0,,,
spend,2019,Professional,Home health,n/a,,Non-dual,65-74,Male,128042.79,,,
spend,2019,Professional,Nursing facility / hospice setting,Exceptions/unclassified,,Non-dual,65-74,Male,0.0,,,
spend,2019,Professional,Home health,n/a,,Dual,75-84,Male,21635.86,,,
spend,2019,Professional,Home health,n/a,,Dual,65-74,Female,19270.14,,,
spend,2019,Other,Durable medical equipment,n/a,,Dual,75-84,Male,503.84,,,
spend,2019,Outpatient Hospital,Hospital outpatient,n/a,,Non-dual,65-74,Female,6818599.81,,,
spend,2019,Professional,Home health,n/a,,Non-dual,65-74,Female,73228.58,,,
spend,2019,Professional,Office (incl. telehealth),E&M,,Non-dual,<65,Male,234284.65,,,
spend,2019,Professional,Office (incl. telehealth),E&M,,Non-dual,65-74,Male,82249.98,,,
spend,2019,Professional,Office (incl. telehealth),E&M,,Non-dual,65-74,Female,32232.5,,,
spend,2019,Outpatient Hospital,Hospital outpatient,n/a,,Non-dual,65-74,Male,5732642.9,,,
spend,2019,Professional,Services at home,Unclassified,,Non-dual,<65,Female,10518.45,,,
spend,2019,Retail Pharmacy,Prescription drugs (Part D),n/a,,Non-dual,85+,Male,1176777.91,,,
spend,2019,Professional,Nursing facility / hospice setting,E&M,,Non-dual,65-74,Male,620.44,,,
spend,2019,Long-Term Care,Skilled nursing facility,n/a,,Dual,85+,Male,5774.11,,,
spend,2019,Long-Term Care,Skilled nursing facility,n/a,,Dual,75-84,Female,143470.06,,,
spend,2019,Outpatient Hospital,Hospital outpatient,n/a,,Non-dual,<65,Female,25452355.49,,,
spend,2019,Professional,Home health,n/a,,Dual,65-74,Male,49189.7,,,
spend,2019,Professional,Nursing facility / hospice setting,Exceptions/unclassified,,Non-dual,<65,Male,0.0,,,
spend,2019,Long-Term Care,Skilled nursing facility,n/a,,Dual,<65,Female,111407.73,,,
spend,2019,Long-Term Care,Skilled nursing facility,n/a,,Dual,85+,Female,14877.48,,,
spend,2019,Long-Term Care,Skilled nursing facility,n/a,,Dual,65-74,Female,120673.23,,,
spend,2019,Professional,Office (incl. telehealth),E&M,,Dual,65-74,Male,25093.17,,,
spend,2019,Outpatient Hospital,Hospital outpatient,n/a,,Non-dual,<65,Male,11482028.93,,,
spend,2019,Long-Term Care,Skilled nursing facility,n/a,,Non-dual,<65,Female,218373.02,,,
spend,2019,Professional,Office (incl. telehealth),Exceptions/unclassified,,Non-dual,75-84,Female,12199.94,,,
spend,2019,Long-Term Care,Skilled nursing facility,n/a,,Dual,65-74,Male,153586.88,,,
spend,2019,Retail Pharmacy,Prescription drugs (Part D),n/a,,Non-dual,85+,Female,589279.1,,,
spend,2019,Professional,Urgent care,E&M,,Non-dual,75-84,Female,6097.1,,,
spend,2019,Professional,Inpatient/outpatient hospital setting,Imaging,,Non-dual,65-74,Female,606.1,,,
spend,2019,Professional,Services at home,Unclassified,,Non-dual,65-74,Male,1848.77,,,
spend,2019,Long-Term Care,Skilled nursing facility,n/a,,Dual,<65,Male,107306.93,,,
spend,2019,Professional,Nursing facility / hospice setting,Exceptions/unclassified,,Non-dual,85+,Male,0.0,,,
spend,2019,Long-Term Care,Skilled nursing facility,n/a,,Dual,75-84,Male,149613.39,,,
spend,2019,Professional,Office (incl. telehealth),E&M,,Non-dual,85+,Male,13668.5,,,
spend,2019,Professional,Office (incl. telehealth),Exceptions/unclassified,,Dual,<65,Male,30956.49,,,
spend,2019,Professional,Office (incl. telehealth),E&M,,Non-dual,75-84,Male,44335.19,,,
spend,2019,Professional,Office (incl. telehealth),Exceptions/unclassified,,Non-dual,<65,Female,72431.27,,,
spend,2019,Professional,Nursing facility / hospice setting,Unclassified,,Non-dual,75-84,Male,12215.83,,,
spend,2019,Professional,Services at home,E&M,,Non-dual,<65,Female,468.2,,,
spend,2019,Retail Pharmacy,Prescription drugs (Part D),n/a,,Dual,85+,Female,316731.63,,,
spend,2019,Professional,Office (incl. telehealth),Unclassified,,Dual,65-74,Male,478983.22,,,
spend,2019,Long-Term Care,Skilled nursing facility,n/a,,Non-dual,<65,Male,338284.83,,,
spend,2019,Professional,Office (incl. telehealth),E&M,,Non-dual,85+,Female,19899.34,,,
spend,2019,Professional,Home health,n/a,,Non-dual,<65,Female,15465.29,,,
spend,2019,Professional,Office (incl. telehealth),Exceptions/unclassified,,Non-dual,75-84,Male,7690.7,,,
spend,2019,Other,Durable medical equipment,n/a,,Non-dual,<65,Female,4575.83,,,
spend,2019,Other,Durable medical equipment,n/a,,Dual,65-74,Male,974.94,,,
spend,2019,Professional,Services at home,Exceptions/unclassified,,Non-dual,85+,Female,0.0,,,
spend,2019,Other,Durable medical equipment,n/a,,Dual,75-84,Female,477.53,,,
spend,2019,Professional,Office (incl. telehealth),E&M,,Dual,65-74,Female,16292.82,,,
spend,2019,Professional,Nursing facility / hospice setting,Unclassified,,Non-dual,75-84,Female,1325.52,,,
spend,2019,Professional,Inpatient/outpatient hospital setting,Exceptions/unclassified,,Non-dual,65-74,Male,1294.49,,,
spend,2019,Professional,Services at home,Exceptions/unclassified,,Non-dual,85+,Male,0.0,,,
spend,2019,Professional,Nursing facility / hospice setting,Exceptions/unclassified,,Dual,<65,Male,0.0,,,
spend,2019,Professional,Nursing facility / hospice setting,Exceptions/unclassified,,Non-dual,<65,Female,0.0,,,
spend,2019,Long-Term Care,Hospice,n/a,,Dual,75-84,Male,136247.96,,,
spend,2019,Professional,Nursing facility / hospice setting,E&M,,Dual,<65,Male,507.0,,,
spend,2019,Professional,Office (incl. telehealth),Exceptions/unclassified,,Non-dual,85+,Female,2641.35,,,
spend,2019,Long-Term Care,Hospice,n/a,,Non-dual,85+,Female,81454.66,,,
spend,2019,Retail Pharmacy,Prescription drugs (Part D),n/a,,Non-dual,65-74,Male,1068120.89,,,
spend,2019,Professional,Inpatient/outpatient hospital setting,E&M,,Non-dual,65-74,Female,1663.53,,,
spend,2019,Professional,Urgent care,Exceptions/unclassified,,Dual,85+,Female,0.0,,,
spend,2019,Professional,Services at home,Unclassified,,Non-dual,65-74,Female,2492.82,,,
spend,2019,Long-Term Care,Hospice,n/a,,Dual,65-74,Female,144289.05,,,
spend,2019,Long-Term Care,Hospice,n/a,,Dual,65-74,Male,68546.58,,,
spend,2019,Professional,Office (incl. telehealth),Unclassified,,Non-dual,85+,Male,463511.1,,,
spend,2019,Professional,Services at home,Exceptions/unclassified,,Dual,75-84,Male,0.0,,,
spend,2019,Other,Durable medical equipment,n/a,,Dual,65-74,Female,1195.37,,,
spend,2019,Long-Term Care,Hospice,n/a,,Non-dual,85+,Male,3796.16,,,
spend,2019,Long-Term Care,Hospice,n/a,,Dual,75-84,Female,33085.83,,,
spend,2019,Professional,Services at home,Unclassified,,Dual,<65,Male,2585.47,,,
spend,2019,Professional,Services at home,E&M,,Non-dual,65-74,Male,615.85,,,
spend,2019,Professional,Services at home,Exceptions/unclassified,,Non-dual,<65,Female,0.0,,,
spend,2019,Other,Durable medical equipment,n/a,,Non-dual,65-74,Male,3441.22,,,
spend,2019,Professional,Urgent care,E&M,,Dual,85+,Female,4310.95,,,
spend,2019,Professional,Nursing facility / hospice setting,Unclassified,,Dual,85+,Female,1365.34,,,
spend,2019,Professional,Services at home,Unclassified,,Non-dual,75-84,Female,1952.7,,,
spend,2019,Professional,Services at home,Exceptions/unclassified,,Non-dual,75-84,Female,0.0,,,
spend,2019,Professional,Urgent care,E&M,,Non-dual,<65,Female,3927.24,,,
spend,2019,Professional,Inpatient/outpatient hospital setting,E&M,,Dual,<65,Female,472.9,,,
spend,2019,Other,Durable medical equipment,n/a,,Dual,<65,Male,2204.31,,,
spend,2019,Professional,Services at home,E&M,,Non-dual,<65,Male,1845.1,,,
spend,2019,Professional,Services at home,Unclassified,,Non-dual,85+,Female,3119.14,,,
spend,2019,Professional,Office (incl. telehealth),Exceptions/unclassified,,Non-dual,65-74,Male,30766.88,,,
spend,2019,Professional,Inpatient/outpatient hospital setting,Imaging,,Non-dual,<65,Male,2224.99,,,
spend,2019,Professional,Services at home,Unclassified,,Non-dual,85+,Male,861.31,,,
spend,2019,Other,Durable medical equipment,n/a,,Non-dual,75-84,Female,1155.98,,,
spend,2019,Professional,Nursing facility / hospice setting,Unclassified,,Non-dual,<65,Male,35091.84,,,
spend,2019,Professional,Urgent care,E&M,,Non-dual,<65,Male,34840.01,,,
spend,2019,Professional,Urgent care,E&M,,Non-dual,75-84,Male,6759.0,,,
spend,2019,Professional,Urgent care,Unclassified,,Dual,65-74,Male,118213.96,,,
spend,2019,Professional,Urgent care,E&M,,Dual,65-74,Male,3924.0,,,
spend,2019,Retail Pharmacy,Prescription drugs (Part D),n/a,,Dual,<65,Male,483524.22,,,
spend,2019,Other,Durable medical equipment,n/a,,Dual,<65,Female,2004.9,,,
spend,2019,Professional,Services at home,Exceptions/unclassified,,Dual,<65,Male,0.0,,,
spend,2019,Other,Durable medical equipment,n/a,,Dual,85+,Female,330.94,,,
spend,2019,Professional,Office (incl. telehealth),Unclassified,,Non-dual,65-74,Female,1432536.81,,,
spend,2019,Other,Durable medical equipment,n/a,,Non-dual,85+,Male,707.04,,,
spend,2019,Professional,Office (incl. telehealth),Exceptions/unclassified,,Dual,65-74,Female,4219.13,,,
spend,2019,Other,Durable medical equipment,n/a,,Non-dual,85+,Female,682.48,,,
spend,2019,Professional,Urgent care,Exceptions/unclassified,,Dual,<65,Female,0.0,,,
spend,2019,Other,Durable medical equipment,n/a,,Dual,85+,Male,289.62,,,
spend,2019,Professional,Urgent care,Unclassified,,Dual,<65,Female,79520.99,,,
spend,2019,Other,Durable medical equipment,n/a,,Non-dual,65-74,Female,2910.26,,,
spend,2019,Professional,Urgent care,E&M,,Dual,<65,Female,12836.26,,,
spend,2019,Professional,Inpatient/outpatient hospital setting,E&M,,Non-dual,65-74,Male,370.2,,,
spend,2019,Professional,Office (incl. telehealth),Exceptions/unclassified,,Dual,75-84,Male,6889.78,,,
spend,2019,Professional,Urgent care,Unclassified,,Dual,85+,Female,43579.94,,,
spend,2019,Retail Pharmacy,Prescription drugs (Part D),n/a,,Non-dual,<65,Female,1243770.4,,,
spend,2019,Other,Durable medical equipment,n/a,,Non-dual,75-84,Male,1245.11,,,
spend,2019,Retail Pharmacy,Prescription drugs (Part D),n/a,,Non-dual,<65,Male,1474299.96,,,
spend,2019,Professional,Office (incl. telehealth),Unclassified,,Non-dual,<65,Female,2655632.21,,,
spend,2019,Professional,Office (incl. telehealth),E&M,,Non-dual,<65,Female,116911.96,,,
spend,2019,Inpatient Hospital,Acute care hospital,n/a,,Non-dual,<65,Female,2972354.3,,,
spend,2019,Inpatient Hospital,Acute care hospital,n/a,,Non-dual,65-74,Male,1420300.36,,,
spend,2019,Professional,Nursing facility / hospice setting,Exceptions/unclassified,,Non-dual,75-84,Female,0.0,,,
spend,2019,Professional,Inpatient/outpatient hospital setting,E&M,,Non-dual,75-84,Male,600.5,,,
spend,2019,Professional,Office (incl. telehealth),Exceptions/unclassified,,Dual,<65,Female,22064.79,,,
spend,2019,Professional,Inpatient/outpatient hospital setting,Unclassified,,Dual,85+,Male,3521.45,,,
spend,2019,Inpatient Hospital,Acute care hospital,n/a,,Dual,<65,Female,922861.89,,,
spend,2019,Inpatient Hospital,Acute care hospital,n/a,,Non-dual,<65,Male,2617314.63,,,
spend,2019,Professional,Inpatient/outpatient hospital setting,Imaging,,Non-dual,75-84,Male,485.85,,,
spend,2019,Inpatient Hospital,Acute care hospital,n/a,,Non-dual,65-74,Female,1860344.32,,,
spend,2019,Professional,Urgent care,Exceptions/unclassified,,Dual,65-74,Male,0.0,,,
spend,2019,Professional,Inpatient/outpatient hospital setting,Exceptions/unclassified,,Non-dual,<65,Male,2986.68,,,
spend,2019,Professional,Office (incl. telehealth),Unclassified,,Dual,<65,Female,877107.86,,,
spend,2019,Inpatient Hospital,Acute care hospital,n/a,,Non-dual,75-84,Female,449346.31,,,
spend,2019,Inpatient Hospital,Acute care hospital,n/a,,Non-dual,75-84,Male,1185833.19,,,
spend,2019,Professional,Services at home,Unclassified,,Dual,<65,Female,737.43,,,
spend,2019,Professional,Inpatient/outpatient hospital setting,Unclassified,,Non-dual,85+,Male,24210.21,,,
spend,2019,Inpatient Hospital,Acute care hospital,n/a,,Dual,75-84,Male,368874.45,,,
spend,2019,Retail Pharmacy,Prescription drugs (Part D),n/a,,Dual,<65,Female,501970.14,,,
spend,2019,Professional,Urgent care,Unclassified,,Dual,75-84,Female,61811.97,,,
spend,2019,Professional,Inpatient/outpatient hospital setting,Unclassified,,Non-dual,75-84,Male,115687.8,,,
spend,2019,Professional,Urgent care,Exceptions/unclassified,,Non-dual,<65,Male,10742.97,,,
spend,2019,Inpatient Hospital,Acute care hospital,n/a,,Dual,75-84,Female,268651.51,,,
spend,2019,Professional,Office (incl. telehealth),Unclassified,,Dual,65-74,Female,450946.76,,,
spend,2019,Professional,Office (incl. telehealth),Exceptions/unclassified,,Dual,75-84,Female,2304.26,,,
spend,2019,Professional,Office (incl. telehealth),Unclassified,,Dual,75-84,Female,313423.38,,,
spend,2019,Professional,Inpatient/outpatient hospital setting,Unclassified,,Dual,75-84,Female,27122.31,,,
spend,2019,Professional,Inpatient/outpatient hospital setting,Unclassified,,Dual,<65,Female,64041.19,,,
spend,2019,Professional,Inpatient/outpatient hospital setting,Imaging,,Non-dual,85+,Female,514.1,,,
spend,2019,Professional,Urgent care,Unclassified,,Non-dual,75-84,Female,202722.01,,,
spend,2019,Professional,Office (incl. telehealth),Exceptions/unclassified,,Non-dual,65-74,Female,16350.03,,,
spend,2019,Professional,Office (incl. telehealth),Unclassified,,Non-dual,65-74,Male,1587039.26,,,
spend,2019,Professional,Urgent care,Unclassified,,Dual,75-84,Male,162769.97,,,
spend,2019,Outpatient Hospital,Hospital outpatient,n/a,,Dual,75-84,Male,981370.51,,,
spend,2019,Professional,Urgent care,Exceptions/unclassified,,Non-dual,75-84,Male,0.0,,,
spend,2019,Professional,Services at home,Exceptions/unclassified,,Non-dual,65-74,Male,0.0,,,
spend,2019,Professional,Urgent care,Exceptions/unclassified,,Non-dual,75-84,Female,0.0,,,
spend,2019,Other,Durable medical equipment,n/a,,Non-dual,<65,Male,6752.58,,,
spend,2019,Professional,Office (incl. telehealth),Exceptions/unclassified,,Dual,85+,Female,2025.01,,,
spend,2019,Professional,Urgent care,E&M,,Non-dual,65-74,Male,13653.45,,,
spend,2019,Professional,Office (incl. telehealth),Unclassified,,Dual,75-84,Male,243242.81,,,
spend,2019,Professional,Nursing facility / hospice setting,E&M,,Non-dual,75-84,Male,620.44,,,
spend,2019,Professional,Inpatient/outpatient hospital setting,Exceptions/unclassified,,Non-dual,75-84,Male,1206.6,,,
spend,2019,Outpatient Hospital,Hospital outpatient,n/a,,Non-dual,75-84,Male,2851971.63,,,
spend,2019,Outpatient Hospital,Hospital outpatient,n/a,,Dual,65-74,Female,1702678.93,,,
spend,2019,Professional,Urgent care,E&M,,Non-dual,85+,Male,1807.1,,,
spend,2019,Professional,Office (incl. telehealth),Exceptions/unclassified,,Dual,65-74,Male,7119.55,,,
spend,2019,Professional,Urgent care,Unclassified,,Dual,85+,Male,57929.09,,,
spend,2019,Professional,Inpatient/outpatient hospital setting,Unclassified,,Dual,<65,Male,111410.54,,,
spend,2019,Professional,Services at home,Exceptions/unclassified,,Dual,<65,Female,0.0,,,
spend,2019,Professional,Office (incl. telehealth),Unclassified,,Dual,85+,Female,154991.96,,,
spend,2019,Professional,Urgent care,Exceptions/unclassified,,Dual,75-84,Female,0.0,,,
spend,2019,Professional,Nursing facility / hospice setting,Exceptions/unclassified,,Non-dual,85+,Female,0.0,,,
spend,2019,Professional,Inpatient/outpatient hospital setting,Imaging,,Dual,65-74,Male,740.4,,,
spend,2019,Outpatient Hospital,Hospital outpatient,n/a,,Dual,75-84,Female,882982.67,,,
spend,2019,Outpatient Hospital,Hospital outpatient,n/a,,Non-dual,75-84,Female,2141681.81,,,
spend,2019,Professional,Urgent care,Exceptions/unclassified,,Dual,85+,Male,0.0,,,
spend,2019,Outpatient Hospital,Hospital outpatient,n/a,,Dual,85+,Female,552007.73,,,
spend,2019,Professional,Office (incl. telehealth),Unclassified,,Dual,<65,Male,980275.75,,,
spend,2019,Outpatient Hospital,Hospital outpatient,n/a,,Dual,85+,Male,466707.78,,,
spend,2019,Professional,Urgent care,Unclassified,,Non-dual,75-84,Male,152919.25,,,
spend,2019,Professional,Inpatient/outpatient hospital setting,Unclassified,,Non-dual,75-84,Female,156006.88,,,
spend,2019,Professional,Office (incl. telehealth),E&M,,Dual,85+,Male,9111.73,,,
spend,2019,Professional,Urgent care,Exceptions/unclassified,,Dual,75-84,Male,0.0,,,
spend,2019,Professional,Office (incl. telehealth),E&M,,Dual,85+,Female,5127.23,,,
spend,2019,Professional,Nursing facility / hospice setting,Unclassified,,Non-dual,85+,Female,1758.76,,,
spend,2019,Professional,Office (incl. telehealth),Exceptions/unclassified,,Dual,85+,Male,2483.85,,,
spend,2019,Professional,Services at home,Exceptions/unclassified,,Non-dual,65-74,Female,0.0,,,
spend,2019,Professional,Office (incl. telehealth),E&M,,Non-dual,75-84,Female,22754.52,,,
spend,2019,Professional,Inpatient/outpatient hospital setting,Exceptions/unclassified,,Non-dual,65-74,Female,1596.3,,,
spend,2019,Professional,Inpatient/outpatient hospital setting,Exceptions/unclassified,,Dual,75-84,Female,507.0,,,
spend,2019,Professional,Services at home,E&M,,Non-dual,85+,Female,431.4,,,
spend,2019,Retail Pharmacy,Prescription drugs (Part D),n/a,,Non-dual,65-74,Female,752180.03,,,
spend,2019,Professional,Inpatient/outpatient hospital setting,Imaging,,Dual,<65,Male,620.44,,,
spend,2019,Inpatient Hospital,Acute care hospital,n/a,,Dual,<65,Male,949560.97,,,
spend,2019,Outpatient Hospital,Hospital outpatient,n/a,,Non-dual,85+,Female,1268058.4,,,
spend,2019,Professional,Office (incl. telehealth),Unclassified,,Non-dual,75-84,Male,924339.45,,,
spend,2019,Professional,Nursing facility / hospice setting,Exceptions/unclassified,,Dual,85+,Female,0.0,,,
spend,2019,Professional,Nursing facility / hospice setting,E&M,,Non-dual,<65,Female,1861.32,,,
spend,2019,Professional,Office (incl. telehealth),E&M,,Dual,75-84,Female,10523.22,,,
spend,2019,Professional,Inpatient/outpatient hospital setting,Unclassified,,Dual,65-74,Male,91804.84,,,
spend,2019,Professional,Office (incl. telehealth),Unclassified,,Non-dual,85+,Female,567548.18,,,
spend,2019,Professional,Inpatient/outpatient hospital setting,Unclassified,,Non-dual,65-74,Female,450051.52,,,
spend,2019,Professional,Office (incl. telehealth),Exceptions/unclassified,,Non-dual,<65,Male,69399.72,,,
spend,2019,Professional,Nursing facility / hospice setting,E&M,,Non-dual,<65,Male,2853.28,,,
spend,2019,Professional,Nursing facility / hospice setting,Unclassified,,Non-dual,65-74,Male,6968.1,,,
spend,2019,Professional,Office (incl. telehealth),Unclassified,,Non-dual,75-84,Female,725977.93,,,
spend,2019,Professional,Nursing facility / hospice setting,Unclassified,,Non-dual,65-74,Female,29750.27,,,
spend,2019,Retail Pharmacy,Prescription drugs (Part D),n/a,,Dual,65-74,Male,430015.35,,,
spend,2019,Professional,Inpatient/outpatient hospital setting,Exceptions/unclassified,,Non-dual,75-84,Female,1185.25,,,
spend,2019,Professional,Nursing facility / hospice setting,Exceptions/unclassified,,Non-dual,75-84,Male,2801.59,,,
spend,2019,Inpatient Hospital,Acute care hospital,n/a,,Non-dual,85+,Male,889415.52,,,
spend,2019,Outpatient Hospital,Hospital outpatient,n/a,,Dual,65-74,Male,2234087.25,,,
spend,2019,Retail Pharmacy,Prescription drugs (Part D),n/a,,Dual,65-74,Female,430141.38,,,
spend,2019,Professional,Office (incl. telehealth),Unclassified,,Dual,85+,Male,162134.84,,,
spend,2019,Professional,Urgent care,Unclassified,,Dual,65-74,Female,57268.66,,,
spend,2019,Professional,Urgent care,Unclassified,,Non-dual,<65,Male,339659.71,,,
spend,2019,Professional,Inpatient/outpatient hospital setting,Unclassified,,Dual,75-84,Male,38105.59,,,
spend,2019,Professional,Inpatient/outpatient hospital setting,Unclassified,,Non-dual,65-74,Male,407158.12,,,
spend,2019,Professional,Urgent care,E&M,,Non-dual,85+,Female,3241.29,,,
spend,2019,Professional,Inpatient/outpatient hospital setting,Unclassified,,Non-dual,<65,Female,72247.72,,,
spend,2019,Professional,Inpatient/outpatient hospital setting,Imaging,,Non-dual,75-84,Female,2688.7,,,
spend,2019,Professional,Urgent care,Unclassified,,Non-dual,85+,Male,286828.21,,,
spend,2019,Professional,Inpatient/outpatient hospital setting,E&M,,Non-dual,<65,Male,1836.79,,,
spend,2019,Professional,Office (incl. telehealth),E&M,,Dual,75-84,Male,9268.29,,,
spend,2019,Professional,Urgent care,Unclassified,,Non-dual,65-74,Male,265636.9,,,
spend,2019,Professional,Urgent care,E&M,,Dual,<65,Male,7130.45,,,
spend,2019,Professional,Urgent care,Exceptions/unclassified,,Non-dual,65-74,Female,2611.49,,,
spend,2019,Professional,Urgent care,Unclassified,,Non-dual,<65,Female,229722.23,,,
spend,2019,Inpatient Hospital,Acute care hospital,n/a,,Non-dual,85+,Female,298982.35,,,
spend,2019,Retail Pharmacy,Prescription drugs (Part D),n/a,,Non-dual,75-84,Female,741061.57,,,
spend,2019,Professional,Office (incl. telehealth),E&M,,Dual,<65,Female,30589.69,,,
spend,2019,Professional,Urgent care,Unclassified,,Non-dual,65-74,Female,208983.07,,,
spend,2019,Professional,Inpatient/outpatient hospital setting,Unclassified,,Non-dual,<65,Male,767595.99,,,
spend,2019,Professional,Urgent care,Exceptions/unclassified,,Non-dual,85+,Male,0.0,,,
spend,2019,Professional,Urgent care,Unclassified,,Dual,<65,Male,65701.56,,,
spend,2019,Inpatient Hospital,Acute care hospital,n/a,,Dual,85+,Female,79145.77,,,
spend,2019,Inpatient Hospital,Acute care hospital,n/a,,Dual,85+,Male,66927.74,,,
spend,2019,Professional,Inpatient/outpatient hospital setting,Imaging,,Non-dual,65-74,Male,1216.35,,,
spend,2019,Professional,Urgent care,Exceptions/unclassified,,Non-dual,85+,Female,0.0,,,
spend,2019,Professional,Office (incl. telehealth),E&M,,Dual,<65,Male,79505.89,,,
spend,2019,Retail Pharmacy,Prescription drugs (Part D),n/a,,Dual,75-84,Male,387343.07,,,
spend,2019,Professional,Nursing facility / hospice setting,Unclassified,,Dual,65-74,Female,1494.06,,,
spend,2019,Long-Term Care,Skilled nursing facility,n/a,,Non-dual,85+,Female,257418.03,,,
spend,2019,Outpatient Hospital,Hospital outpatient,n/a,,Dual,<65,Male,4249263.38,,,
spend,2019,Retail Pharmacy,Prescription drugs (Part D),n/a,,Non-dual,75-84,Male,920754.63,,,
spend,2019,Outpatient Hospital,Hospital outpatient,n/a,,Dual,<65,Female,10725863.09,,,
spend,2019,Long-Term Care,Skilled nursing facility,n/a,,Non-dual,75-84,Male,269597.3,,,
spend,2019,Professional,Urgent care,Exceptions/unclassified,,Dual,<65,Male,1987.39,,,
spend,2019,Professional,Urgent care,Exceptions/unclassified,,Non-dual,65-74,Male,0.0,,,
spend,2019,Outpatient Hospital,Hospital outpatient,n/a,,Non-dual,85+,Male,1608220.14,,,
spend,2019,Professional,Urgent care,Unclassified,,Non-dual,85+,Female,178134.76,,,
spend,2019,Long-Term Care,Skilled nursing facility,n/a,,Non-dual,75-84,Female,207630.49,,,
spend,2019,Professional,Urgent care,Exceptions/unclassified,,Dual,65-74,Female,0.0,,,
spend,2019,Long-Term Care,Skilled nursing facility,n/a,,Non-dual,65-74,Male,653548.82,,,
spend,2019,Professional,Inpatient/outpatient hospital setting,Imaging,,Non-dual,<65,Female,2791.9,,,
spend,2019,Retail Pharmacy,Prescription drugs (Part D),n/a,,Dual,75-84,Female,251870.14,,,
spend,2019,Professional,Inpatient/outpatient hospital setting,Unclassified,,Dual,65-74,Female,279611.4,,,
spend,2019,Professional,Inpatient/outpatient hospital setting,Imaging,,Non-dual,85+,Male,1201.0,,,
spend,2019,Long-Term Care,Skilled nursing facility,n/a,,Non-dual,65-74,Female,867829.36,,,
spend,2019,Professional,Urgent care,Exceptions/unclassified,,Non-dual,<65,Female,4790.78,,,
spend,2020,Professional,Office (incl. telehealth),Exceptions/unclassified,,Dual,65-74,Female,10328.24,,,
spend,2020,Professional,Inpatient/outpatient hospital setting,Exceptions/unclassified,,Non-dual,<65,Male,615.85,,,
spend,2020,Inpatient Hospital,Acute care hospital,n/a,,Non-dual,<65,Male,3545304.68,,,
spend,2020,Retail Pharmacy,Prescription drugs (Part D),n/a,,Non-dual,65-74,Male,1168022.62,,,
spend,2020,Professional,Nursing facility / hospice setting,Exceptions/unclassified,,Non-dual,65-74,Female,2141.73,,,
spend,2020,Retail Pharmacy,Prescription drugs (Part D),n/a,,Dual,85+,Female,251741.04,,,
spend,2020,Professional,Inpatient/outpatient hospital setting,Unclassified,,Dual,65-74,Female,106868.34,,,
spend,2020,Professional,Services at home,Unclassified,,Non-dual,<65,Male,8867.54,,,
spend,2020,Long-Term Care,Skilled nursing facility,n/a,,Dual,75-84,Female,205566.6,,,
spend,2020,Professional,Nursing facility / hospice setting,Unclassified,,Non-dual,85+,Male,4258.48,,,
spend,2020,Professional,Inpatient/outpatient hospital setting,Unclassified,,Dual,65-74,Male,87822.45,,,
spend,2020,Retail Pharmacy,Prescription drugs (Part D),n/a,,Dual,85+,Male,373786.46,,,
spend,2020,Outpatient Hospital,Hospital outpatient,n/a,,Dual,75-84,Male,1469051.89,,,
spend,2020,Outpatient Hospital,Hospital outpatient,n/a,,Dual,65-74,Male,2526868.42,,,
spend,2020,Long-Term Care,Skilled nursing facility,n/a,,Non-dual,85+,Female,133665.4,,,
spend,2020,Professional,Urgent care,Unclassified,,Dual,<65,Male,113225.2,,,
spend,2020,Professional,Office (incl. telehealth),E&M,,Dual,85+,Male,15004.52,,,
spend,2020,Long-Term Care,Skilled nursing facility,n/a,,Dual,75-84,Male,121099.84,,,
spend,2020,Professional,Urgent care,E&M,,Dual,<65,Male,12439.61,,,
spend,2020,Professional,Urgent care,Exceptions/unclassified,,Dual,65-74,Female,1915.0,,,
spend,2020,Professional,Urgent care,Unclassified,,Non-dual,75-84,Female,304882.3,,,
spend,2020,Outpatient Hospital,Hospital outpatient,n/a,,Dual,75-84,Female,721464.21,,,
spend,2020,Professional,Nursing facility / hospice setting,Unclassified,,Dual,65-74,Female,1365.64,,,
spend,2020,Retail Pharmacy,Prescription drugs (Part D),n/a,,Dual,<65,Female,580551.96,,,
spend,2020,Inpatient Hospital,Acute care hospital,n/a,,Non-dual,85+,Female,848418.62,,,
spend,2020,Long-Term Care,Skilled nursing facility,n/a,,Non-dual,85+,Male,61754.98,,,
spend,2020,Professional,Urgent care,Exceptions/unclassified,,Dual,<65,Female,0.0,,,
spend,2020,Retail Pharmacy,Prescription drugs (Part D),n/a,,Dual,75-84,Female,334871.61,,,
spend,2020,Retail Pharmacy,Prescription drugs (Part D),n/a,,Dual,65-74,Female,369903.2,,,
spend,2020,Professional,Urgent care,E&M,,Dual,<65,Female,8127.98,,,
spend,2020,Outpatient Hospital,Hospital outpatient,n/a,,Dual,<65,Male,4787597.32,,,
spend,2020,Professional,Inpatient/outpatient hospital setting,Imaging,,Non-dual,75-84,Female,600.5,,,
spend,2020,Professional,Nursing facility / hospice setting,Exceptions/unclassified,,Non-dual,<65,Female,0.0,,,
spend,2020,Inpatient Hospital,Acute care hospital,n/a,,Dual,85+,Female,389757.67,,,
spend,2020,Professional,Inpatient/outpatient hospital setting,Exceptions/unclassified,,Non-dual,65-74,Female,1463.95,,,
spend,2020,Professional,Urgent care,Unclassified,,Non-dual,<65,Female,249168.82,,,
spend,2020,Professional,Urgent care,Unclassified,,Non-dual,65-74,Male,358285.52,,,
spend,2020,Professional,Office (incl. telehealth),E&M,,Dual,65-74,Female,16335.35,,,
spend,2020,Professional,Nursing facility / hospice setting,Exceptions/unclassified,,Dual,85+,Female,0.0,,,
spend,2020,Professional,Services at home,Unclassified,,Non-dual,85+,Female,3230.35,,,
spend,2020,Retail Pharmacy,Prescription drugs (Part D),n/a,,Dual,75-84,Male,405930.64,,,
spend,2020,Long-Term Care,Skilled nursing facility,n/a,,Non-dual,<65,Male,398304.65,,,
spend,2020,Long-Term Care,Skilled nursing facility,n/a,,Non-dual,<65,Female,144756.73,,,
spend,2020,Professional,Urgent care,Exceptions/unclassified,,Dual,<65,Male,0.0,,,
spend,2020,Professional,Home health,n/a,,Dual,85+,Female,7535.69,,,
spend,2020,Professional,Nursing facility / hospice setting,Exceptions/unclassified,,Non-dual,65-74,Male,0.0,,,
spend,2020,Outpatient Hospital,Hospital outpatient,n/a,,Dual,<65,Female,11231436.51,,,
spend,2020,Inpatient Hospital,Acute care hospital,n/a,,Non-dual,65-74,Female,3230031.2,,,
spend,2020,Professional,Urgent care,Exceptions/unclassified,,Non-dual,<65,Female,2969.27,,,
spend,2020,Professional,Urgent care,Unclassified,,Non-dual,65-74,Female,335033.18,,,
spend,2020,Professional,Urgent care,E&M,,Non-dual,<65,Female,17781.07,,,
spend,2020,Professional,Home health,n/a,,Dual,65-74,Male,55073.19,,,
spend,2020,Professional,Home health,n/a,,Dual,65-74,Female,15156.23,,,
spend,2020,Professional,Home health,n/a,,Dual,85+,Male,17412.6,,,
spend,2020,Inpatient Hospital,Acute care hospital,n/a,,Non-dual,<65,Female,3649928.8,,,
spend,2020,Inpatient Hospital,Acute care hospital,n/a,,Dual,<65,Male,818118.79,,,
spend,2020,Professional,Office (incl. telehealth),Unclassified,,Non-dual,<65,Male,2624419.66,,,
spend,2020,Professional,Urgent care,Exceptions/unclassified,,Non-dual,75-84,Female,5041.61,,,
spend,2020,Retail Pharmacy,Prescription drugs (Part D),n/a,,Non-dual,65-74,Female,925917.38,,,
spend,2020,Professional,Urgent care,Unclassified,,Dual,65-74,Female,83471.01,,,
spend,2020,Professional,Inpatient/outpatient hospital setting,E&M,,Non-dual,<65,Male,1122.85,,,
spend,2020,Professional,Services at home,Unclassified,,Non-dual,85+,Male,776.98,,,
spend,2020,Professional,Urgent care,Unclassified,,Dual,75-84,Male,182548.26,,,
spend,2020,Retail Pharmacy,Prescription drugs (Part D),n/a,,Non-dual,<65,Female,1331354.76,,,
spend,2020,Professional,Office (incl. telehealth),Unclassified,,Dual,85+,Male,158206.09,,,
spend,2020,Long-Term Care,Hospice,n/a,,Non-dual,75-84,Female,249332.2,,,
spend,2020,Inpatient Hospital,Acute care hospital,n/a,,Dual,<65,Female,868476.72,,,
spend,2020,Long-Term Care,Hospice,n/a,,Dual,65-74,Female,162038.28,,,
spend,2020,Retail Pharmacy,Prescription drugs (Part D),n/a,,Non-dual,<65,Male,1686374.95,,,
spend,2020,Professional,Nursing facility / hospice setting,Exceptions/unclassified,,Non-dual,85+,Male,0.0,,,
spend,2020,Inpatient Hospital,Acute care hospital,n/a,,Dual,75-84,Male,1562274.52,,,
spend,2020,Professional,Urgent care,Exceptions/unclassified,,Non-dual,65-74,Male,6655.63,,,
spend,2020,Inpatient Hospital,Acute care hospital,n/a,,Dual,85+,Male,128557.02,,,
spend,2020,Professional,Office (incl. telehealth),E&M,,Dual,65-74,Male,26456.55,,,
spend,2020,Retail Pharmacy,Prescription drugs (Part D),n/a,,Dual,<65,Male,521812.09,,,
spend,2020,Professional,Inpatient/outpatient hospital setting,Unclassified,,Non-dual,<65,Female,349540.63,,,
spend,2020,Professional,Office (incl. telehealth),E&M,,Dual,75-84,Male,14612.53,,,
spend,2020,Retail Pharmacy,Prescription drugs (Part D),n/a,,Non-dual,75-84,Female,794059.73,,,
spend,2020,Professional,Nursing facility / hospice setting,Unclassified,,Non-dual,75-84,Male,20144.83,,,
spend,2020,Long-Term Care,Hospice,n/a,,Non-dual,75-84,Male,293794.46,,,
spend,2020,Professional,Nursing facility / hospice setting,E&M,,Non-dual,65-74,Female,620.44,,,
spend,2020,Long-Term Care,Hospice,n/a,,Dual,65-74,Male,83604.65,,,
spend,2020,Professional,Urgent care,Unclassified,,Dual,65-74,Male,175706.76,,,
spend,2020,Professional,Urgent care,Unclassified,,Dual,75-84,Female,66903.09,,,
spend,2020,Retail Pharmacy,Prescription drugs (Part D),n/a,,Non-dual,75-84,Male,1013083.86,,,
spend,2020,Professional,Urgent care,Exceptions/unclassified,,Dual,75-84,Female,0.0,,,
spend,2020,Professional,Urgent care,Exceptions/unclassified,,Dual,65-74,Male,1402.21,,,
spend,2020,Professional,Nursing facility / hospice setting,Unclassified,,Non-dual,65-74,Female,22971.83,,,
spend,2020,Long-Term Care,Hospice,n/a,,Non-dual,85+,Female,10590.31,,,
spend,2020,Long-Term Care,Hospice,n/a,,Non-dual,85+,Male,2929.76,,,
spend,2020,Professional,Office (incl. telehealth),Unclassified,,Dual,<65,Female,825465.96,,,
spend,2020,Professional,Office (incl. telehealth),Exceptions/unclassified,,Non-dual,75-84,Female,13063.38,,,
spend,2020,Inpatient Hospital,Acute care hospital,n/a,,Non-dual,65-74,Male,3499629.53,,,
spend,2020,Inpatient Hospital,Acute care hospital,n/a,,Dual,75-84,Female,310913.2,,,
spend,2020,Professional,Office (incl. telehealth),Unclassified,,Non-dual,85+,Female,627744.32,,,
spend,2020,Professional,Urgent care,Unclassified,,Non-dual,<65,Male,315041.31,,,
spend,2020,Professional,Office (incl. telehealth),Exceptions/unclassified,,Dual,75-84,Female,3946.71,,,
spend,2020,Professional,Inpatient/outpatient hospital setting,Imaging,,Non-dual,75-84,Male,1750.39,,,
spend,2020,Professional,Office (incl. telehealth),Exceptions/unclassified,,Non-dual,75-84,Male,13848.79,,,
spend,2020,Professional,Inpatient/outpatient hospital setting,Imaging,,Non-dual,<65,Female,1519.39,,,
spend,2020,Professional,Urgent care,E&M,,Non-dual,65-74,Male,27431.38,,,
spend,2020,Professional,Urgent care,E&M,,Non-dual,75-84,Male,12129.35,,,
spend,2020,Professional,Inpatient/outpatient hospital setting,Exceptions/unclassified,,Non-dual,65-74,Male,836.65,,,
spend,2020,Professional,Urgent care,Exceptions/unclassified,,Non-dual,75-84,Male,0.0,,,
spend,2020,Inpatient Hospital,Acute care hospital,n/a,,Non-dual,85+,Male,780206.16,,,
spend,2020,Professional,Nursing facility / hospice setting,Unclassified,,Dual,85+,Female,1365.34,,,
spend,2020,Professional,Inpatient/outpatient hospital setting,Imaging,,Non-dual,65-74,Female,3033.64,,,
spend,2020,Professional,Inpatient/outpatient hospital setting,E&M,,Non-dual,65-74,Male,600.5,,,
spend,2020,Professional,Urgent care,E&M,,Non-dual,75-84,Female,16360.59,,,
spend,2020,Professional,Urgent care,Exceptions/unclassified,,Non-dual,65-74,Female,9889.31,,,
spend,2020,Professional,Inpatient/outpatient hospital setting,Unclassified,,Non-dual,75-84,Male,196582.1,,,
spend,2020,Professional,Inpatient/outpatient hospital setting,Imaging,,Dual,<65,Male,620.44,,,
spend,2020,Professional,Nursing facility / hospice setting,Exceptions/unclassified,,Non-dual,<65,Male,984.89,,,
spend,2020,Professional,Office (incl. telehealth),E&M,,Dual,85+,Female,4835.45,,,
spend,2020,Professional,Office (incl. telehealth),Exceptions/unclassified,,Dual,75-84,Male,1320.42,,,
spend,2020,Professional,Office (incl. telehealth),E&M,,Non-dual,75-84,Female,22574.82,,,
spend,2020,Professional,Office (incl. telehealth),E&M,,Non-dual,85+,Male,14331.32,,,
spend,2020,Professional,Inpatient/outpatient hospital setting,Unclassified,,Non-dual,75-84,Female,248646.79,,,
spend,2020,Professional,Office (incl. telehealth),Unclassified,,Non-dual,<65,Female,2704076.95,,,
spend,2020,Professional,Nursing facility / hospice setting,E&M,,Non-dual,<65,Female,3444.22,,,
spend,2020,Professional,Office (incl. telehealth),Unclassified,,Dual,<65,Male,976210.79,,,
spend,2020,Professional,Services at home,Unclassified,,Dual,65-74,Male,1603.35,,,
spend,2020,Professional,Office (incl. telehealth),Exceptions/unclassified,,Dual,<65,Male,44869.85,,,
spend,2020,Professional,Urgent care,Unclassified,,Dual,85+,Male,49580.85,,,
spend,2020,Professional,Urgent care,Unclassified,,Non-dual,75-84,Male,225771.03,,,
spend,2020,Professional,Nursing facility / hospice setting,Unclassified,,Non-dual,65-74,Male,15240.62,,,
spend,2020,Professional,Urgent care,Unclassified,,Dual,<65,Female,74174.13,,,
spend,2020,Professional,Office (incl. telehealth),E&M,,Non-dual,85+,Female,20220.34,,,
spend,2020,Professional,Office (incl. telehealth),Unclassified,,Dual,85+,Female,155505.57,,,
spend,2020,Outpatient Hospital,Hospital outpatient,n/a,,Non-dual,65-74,Female,7893913.85,,,
spend,2020,Professional,Services at home,Unclassified,,Dual,<65,Female,1208.2,,,
spend,2020,Professional,Office (incl. telehealth),Exceptions/unclassified,,Non-dual,<65,Female,71809.51,,,
spend,2020,Professional,Inpatient/outpatient hospital setting,Imaging,,Non-dual,65-74,Male,884.0,,,
spend,2020,Professional,Inpatient/outpatient hospital setting,Unclassified,,Dual,75-84,Male,158320.27,,,
spend,2020,Professional,Office (incl. telehealth),Exceptions/unclassified,,Dual,85+,Male,0.0,,,
spend,2020,Outpatient Hospital,Hospital outpatient,n/a,,Non-dual,65-74,Male,5873155.11,,,
spend,2020,Professional,Office (incl. telehealth),E&M,,Dual,<65,Female,35657.71,,,
spend,2020,Other,Durable medical equipment,n/a,,Non-dual,85+,Female,625.13,,,
spend,2020,Professional,Inpatient/outpatient hospital setting,Exceptions/unclassified,,Dual,65-74,Male,1017.84,,,
spend,2020,Retail Pharmacy,Prescription drugs (Part D),n/a,,Dual,65-74,Male,477016.6,,,
spend,2020,Professional,Services at home,Exceptions/unclassified,,Dual,<65,Male,0.0,,,
spend,2020,Professional,Urgent care,E&M,,Non-dual,85+,Male,4214.7,,,
spend,2020,Professional,Inpatient/outpatient hospital setting,Unclassified,,Dual,75-84,Female,106868.87,,,
spend,2020,Outpatient Hospital,Hospital outpatient,n/a,,Dual,65-74,Female,2286444.97,,,
spend,2020,Professional,Office (incl. telehealth),Exceptions/unclassified,,Non-dual,65-74,Female,16109.74,,,
spend,2020,Professional,Urgent care,Exceptions/unclassified,,Dual,75-84,Male,0.0,,,
spend,2020,Professional,Office (incl. telehealth),Unclassified,,Non-dual,65-74,Male,1748358.5,,,
spend,2020,Outpatient Hospital,Hospital outpatient,n/a,,Non-dual,85+,Male,1578876.22,,,
spend,2020,Other,Durable medical equipment,n/a,,Non-dual,85+,Male,601.29,,,
spend,2020,Professional,Inpatient/outpatient hospital setting,Exceptions/unclassified,,Non-dual,75-84,Male,485.85,,,
spend,2020,Professional,Services at home,Exceptions/unclassified,,Non-dual,<65,Female,472.9,,,
spend,2020,Inpatient Hospital,Acute care hospital,n/a,,Dual,65-74,Female,457983.31,,,
spend,2020,Inpatient Hospital,Acute care hospital,n/a,,Non-dual,75-84,Female,934337.21,,,
spend,2020,Professional,Office (incl. telehealth),Exceptions/unclassified,,Dual,<65,Female,10625.98,,,
spend,2020,Inpatient Hospital,Acute care hospital,n/a,,Dual,65-74,Male,1449550.14,,,
spend,2020,Inpatient Hospital,Acute care hospital,n/a,,Non-dual,75-84,Male,1191965.91,,,
spend,2020,Professional,Nursing facility / hospice setting,Unclassified,,Non-dual,75-84,Female,842.59,,,
spend,2020,Professional,Nursing facility / hospice setting,Exceptions/unclassified,,Non-dual,75-84,Male,0.0,,,
spend,2020,Professional,Urgent care,E&M,,Non-dual,<65,Male,31109.01,,,
spend,2020,Professional,Office (incl. telehealth),Exceptions/unclassified,,Non-dual,65-74,Male,32555.05,,,
spend,2020,Professional,Services at home,E&M,,Non-dual,85+,Female,431.4,,,
spend,2020,Other,Durable medical equipment,n/a,,Dual,75-84,Male,776.86,,,
spend,2020,Professional,Inpatient/outpatient hospital setting,Exceptions/unclassified,,Non-dual,<65,Female,1713.95,,,
spend,2020,Professional,Office (incl. telehealth),E&M,,Non-dual,65-74,Male,83223.03,,,
spend,2020,Professional,Inpatient/outpatient hospital setting,Imaging,,Dual,75-84,Male,485.85,,,
spend,2020,Professional,Inpatient/outpatient hospital setting,Unclassified,,Dual,<65,Female,116066.31,,,
spend,2020,Professional,Urgent care,E&M,,Dual,75-84,Male,615.85,,,
spend,2020,Professional,Inpatient/outpatient hospital setting,E&M,,Dual,75-84,Female,485.85,,,
spend,2020,Professional,Nursing facility / hospice setting,E&M,,Non-dual,<65,Male,2179.62,,,
spend,2020,Professional,Urgent care,E&M,,Dual,65-74,Male,3308.9,,,
spend,2020,Professional,Inpatient/outpatient hospital setting,Exceptions/unclassified,,Dual,65-74,Female,1240.88,,,
spend,2020,Professional,Urgent care,Exceptions/unclassified,,Dual,85+,Male,0.0,,,
spend,2020,Professional,Services at home,E&M,,Non-dual,65-74,Male,615.85,,,
spend,2020,Professional,Office (incl. telehealth),Unclassified,,Non-dual,65-74,Female,1456298.17,,,
spend,2020,Professional,Office (incl. telehealth),Unclassified,,Dual,65-74,Male,576969.53,,,
spend,2020,Other,Durable medical equipment,n/a,,Non-dual,65-74,Female,3180.58,,,
spend,2020,Professional,Office (incl. telehealth),Unclassified,,Dual,75-84,Female,319326.61,,,
spend,2020,Professional,Services at home,Unclassified,,Dual,<65,Male,962.47,,,
spend,2020,Professional,Office (incl. telehealth),E&M,,Non-dual,<65,Male,219192.06,,,
spend,2020,Professional,Inpatient/outpatient hospital setting,E&M,,Non-dual,75-84,Female,911.5,,,
spend,2020,Professional,Office (incl. telehealth),Exceptions/unclassified,,Non-dual,<65,Male,83426.87,,,
spend,2020,Professional,Nursing facility / hospice setting,Unclassified,,Non-dual,<65,Male,27436.76,,,
spend,2020,Professional,Inpatient/outpatient hospital setting,Exceptions/unclassified,,Dual,75-84,Male,600.5,,,
spend,2020,Other,Durable medical equipment,n/a,,Dual,85+,Male,217.44,,,
spend,2020,Professional,Nursing facility / hospice setting,E&M,,Non-dual,75-84,Male,4002.31,,,
spend,2020,Professional,Services at home,Exceptions/unclassified,,Non-dual,65-74,Male,0.0,,,
spend,2020,Professional,Services at home,E&M,,Non-dual,<65,Male,1881.9,,,
spend,2020,Professional,Services at home,Exceptions/unclassified,,Non-dual,<65,Male,0.0,,,
spend,2020,Professional,Inpatient/outpatient hospital setting,E&M,,Non-dual,65-74,Female,615.85,,,
spend,2020,Professional,Office (incl. telehealth),Unclassified,,Non-dual,75-84,Female,764482.29,,,
spend,2020,Professional,Inpatient/outpatient hospital setting,Unclassified,,Dual,<65,Male,163243.85,,,
spend,2020,Professional,Services at home,Unclassified,,Non-dual,65-74,Male,2717.96,,,
spend,2020,Other,Durable medical equipment,n/a,,Dual,85+,Female,168.0,,,
spend,2020,Professional,Office (incl. telehealth),Unclassified,,Non-dual,85+,Male,484114.96,,,
spend,2020,Professional,Office (incl. telehealth),E&M,,Non-dual,65-74,Female,30169.44,,,
spend,2020,Professional,Urgent care,Unclassified,,Dual,85+,Female,50039.44,,,
spend,2020,Professional,Services at home,Exceptions/unclassified,,Dual,65-74,Male,0.0,,,
spend,2020,Professional,Inpatient/outpatient hospital setting,Unclassified,,Non-dual,65-74,Female,400137.16,,,
spend,2020,Other,Durable medical equipment,n/a,,Dual,<65,Female,2179.33,,,
spend,2020,Professional,Services at home,Unclassified,,Non-dual,75-84,Male,1539.07,,,
spend,2020,Professional,Services at home,Exceptions/unclassified,,Non-dual,75-84,Male,0.0,,,
spend,2020,Other,Durable medical equipment,n/a,,Non-dual,65-74,Male,3372.42,,,
spend,2020,Professional,Office (incl. telehealth),Exceptions/unclassified,,Non-dual,85+,Female,2566.98,,,
spend,2020,Professional,Services at home,Unclassified,,Non-dual,<65,Female,11500.24,,,
spend,2020,Other,Durable medical equipment,n/a,,Non-dual,75-84,Female,1661.99,,,
spend,2020,Long-Term Care,Skilled nursing facility,n/a,,Non-dual,65-74,Female,554054.28,,,
spend,2020,Professional,Nursing facility / hospice setting,Exceptions/unclassified,,Dual,<65,Male,0.0,,,
spend,2020,Other,Durable medical equipment,n/a,,Dual,75-84,Female,617.26,,,
spend,2020,Other,Durable medical equipment,n/a,,Dual,65-74,Male,1561.62,,,
spend,2020,Professional,Office (incl. telehealth),Unclassified,,Dual,75-84,Male,264833.67,,,
spend,2020,Other,Durable medical equipment,n/a,,Non-dual,<65,Female,4933.5,,,
spend,2020,Professional,Services at home,Exceptions/unclassified,,Non-dual,85+,Male,0.0,,,
spend,2020,Professional,Office (incl. telehealth),E&M,,Dual,75-84,Female,7665.91,,,
spend,2020,Other,Durable medical equipment,n/a,,Dual,<65,Male,2436.14,,,
spend,2020,Professional,Services at home,Exceptions/unclassified,,Non-dual,85+,Female,0.0,,,
spend,2020,Professional,Inpatient/outpatient hospital setting,Imaging,,Non-dual,85+,Male,600.5,,,
spend,2020,Professional,Services at home,Unclassified,,Dual,75-84,Male,808.07,,,
spend,2020,Outpatient Hospital,Hospital outpatient,n/a,,Non-dual,85+,Female,1431340.81,,,
spend,2020,Long-Term Care,Hospice,n/a,,Dual,75-84,Female,256962.56,,,
spend,2020,Professional,Urgent care,Exceptions/unclassified,,Non-dual,85+,Male,0.0,,,
spend,2020,Professional,Nursing facility / hospice setting,Unclassified,,Non-dual,<65,Female,26568.22,,,
spend,2020,Professional,Urgent care,E&M,,Dual,85+,Female,3695.1,,,
spend,2020,Professional,Urgent care,Unclassified,,Non-dual,85+,Male,201168.19,,,
spend,2020,Other,Durable medical equipment,n/a,,Non-dual,75-84,Male,1525.64,,,
spend,2020,Professional,Inpatient/outpatient hospital setting,Exceptions/unclassified,,Dual,<65,Male,620.44,,,
spend,2020,Professional,Services at home,Unclassified,,Non-dual,75-84,Female,8913.79,,,
spend,2020,Professional,Office (incl. telehealth),Exceptions/unclassified,,Dual,65-74,Male,9337.83,,,
spend,2020,Professional,Inpatient/outpatient hospital setting,Unclassified,,Dual,85+,Female,28250.07,,,
spend,2020,Professional,Home health,n/a,,Non-dual,85+,Male,18328.72,,,
spend,2020,Long-Term Care,Skilled nursing facility,n/a,,Dual,<65,Male,194638.41,,,
spend,2020,Professional,Office (incl. telehealth),E&M,,Non-dual,<65,Female,121800.84,,,
spend,2020,Long-Term Care,Skilled nursing facility,n/a,,Dual,85+,Female,119335.7,,,
spend,2020,Other,Durable medical equipment,n/a,,Non-dual,<65,Male,7219.31,,,
spend,2020,Professional,Nursing facility / hospice setting,Exceptions/unclassified,,Dual,65-74,Female,0.0,,,
spend,2020,Other,Durable medical equipment,n/a,,Dual,65-74,Female,1196.14,,,
spend,2020,Professional,Nursing facility / hospice setting,Unclassified,,Non-dual,85+,Female,1563.94,,,
spend,2020,Professional,Office (incl. telehealth),E&M,,Non-dual,75-84,Male,58589.28,,,
spend,2020,Professional,Inpatient/outpatient hospital setting,Unclassified,,Non-dual,85+,Male,23507.37,,,
spend,2020,Long-Term Care,Skilled nursing facility,n/a,,Dual,65-74,Female,188543.45,,,
spend,2020,Professional,Urgent care,Exceptions/unclassified,,Dual,85+,Female,0.0,,,
spend,2020,Professional,Office (incl. telehealth),Unclassified,,Non-dual,75-84,Male,1068315.41,,,
spend,2020,Professional,Services at home,Unclassified,,Non-dual,65-74,Female,1912.36,,,
spend,2020,Long-Term Care,Skilled nursing facility,n/a,,Non-dual,65-74,Male,420880.45,,,
spend,2020,Professional,Inpatient/outpatient hospital setting,Imaging,,Dual,85+,Female,615.85,,,
spend,2020,Outpatient Hospital,Hospital outpatient,n/a,,Dual,85+,Female,729678.97,,,
spend,2020,Professional,Nursing facility / hospice setting,Exceptions/unclassified,,Non-dual,85+,Female,0.0,,,
spend,2020,Long-Term Care,Skilled nursing facility,n/a,,Dual,65-74,Male,217845.79,,,
spend,2020,Professional,Office (incl. telehealth),E&M,,Dual,<65,Male,57107.24,,,
spend,2020,Professional,Urgent care,Exceptions/unclassified,,Non-dual,<65,Male,768.31,,,
spend,2020,Retail Pharmacy,Prescription drugs (Part D),n/a,,Non-dual,85+,Female,618308.96,,,
spend,2020,Outpatient Hospital,Hospital outpatient,n/a,,Dual,85+,Male,754267.87,,,
spend,2020,Outpatient Hospital,Hospital outpatient,n/a,,Non-dual,75-84,Male,3141154.27,,,
spend,2020,Professional,Home health,n/a,,Dual,75-84,Male,13559.31,,,
spend,2020,Long-Term Care,Hospice,n/a,,Dual,85+,Female,12320.92,,,
spend,2020,Outpatient Hospital,Hospital outpatient,n/a,,Non-dual,<65,Male,13261610.56,,,
spend,2020,Long-Term Care,Skilled nursing facility,n/a,,Dual,85+,Male,71557.14,,,
spend,2020,Outpatient Hospital,Hospital outpatient,n/a,,Non-dual,<65,Female,26913453.11,,,
spend,2020,Long-Term Care,Skilled nursing facility,n/a,,Non-dual,75-84,Female,303441.48,,,
spend,2020,Professional,Office (incl. telehealth),Exceptions/unclassified,,Dual,85+,Female,2591.5,,,
spend,2020,Long-Term Care,Skilled nursing facility,n/a,,Dual,<65,Female,49426.93,,,
spend,2020,Professional,Inpatient/outpatient hospital setting,Unclassified,,Dual,85+,Male,2900.03,,,
spend,2020,Outpatient Hospital,Hospital outpatient,n/a,,Non-dual,75-84,Female,2434324.51,,,
spend,2020,Long-Term Care,Skilled nursing facility,n/a,,Non-dual,75-84,Male,316804.42,,,
spend,2020,Professional,Home health,n/a,,Non-dual,75-84,Female,20298.29,,,
spend,2020,Professional,Home health,n/a,,Dual,75-84,Female,45307.9,,,
spend,2020,Retail Pharmacy,Prescription drugs (Part D),n/a,,Non-dual,85+,Male,1048509.99,,,
spend,2020,Professional,Inpatient/outpatient hospital setting,E&M,,Dual,75-84,Male,615.85,,,
spend,2020,Professional,Inpatient/outpatient hospital setting,Exceptions/unclassified,,Non-dual,75-84,Female,615.85,,,
spend,2020,Long-Term Care,Hospice,n/a,,Dual,85+,Male,6934.66,,,
spend,2020,Professional,Home health,n/a,,Non-dual,65-74,Male,196821.11,,,
spend,2020,Professional,Home health,n/a,,Non-dual,75-84,Male,71917.03,,,
spend,2020,Professional,Urgent care,Exceptions/unclassified,,Non-dual,85+,Female,0.0,,,
spend,2020,Professional,Inpatient/outpatient hospital setting,Imaging,,Non-dual,<65,Male,2732.08,,,
spend,2020,Professional,Nursing facility / hospice setting,Unclassified,,Dual,<65,Male,837.97,,,
spend,2020,Long-Term Care,Hospice,n/a,,Non-dual,65-74,Male,446363.11,,,
spend,2020,Professional,Inpatient/outpatient hospital setting,E&M,,Non-dual,<65,Female,1216.35,,,
spend,2020,Professional,Office (incl. telehealth),Unclassified,,Dual,65-74,Female,565180.27,,,
spend,2020,Professional,Urgent care,Unclassified,,Non-dual,85+,Female,145242.2,,,
spend,2020,Professional,Inpatient/outpatient hospital setting,Unclassified,,Non-dual,65-74,Male,385403.39,,,
spend,2020,Professional,Home health,n/a,,Non-dual,65-74,Female,169350.9,,,
spend,2020,Professional,Inpatient/outpatient hospital setting,Imaging,,Dual,65-74,Male,381.7,,,
spend,2020,Professional,Urgent care,E&M,,Non-dual,65-74,Female,14795.56,,,
spend,2020,Long-Term Care,Hospice,n/a,,Non-dual,65-74,Female,463856.41,,,
spend,2020,Professional,Nursing facility / hospice setting,Exceptions/unclassified,,Non-dual,75-84,Female,0.0,,,
spend,2020,Professional,Services at home,Exceptions/unclassified,,Non-dual,65-74,Female,0.0,,,
spend,2020,Professional,Services at home,Exceptions/unclassified,,Dual,75-84,Male,0.0,,,
spend,2020,Long-Term Care,Hospice,n/a,,Dual,75-84,Male,47610.27,,,
spend,2020,Professional,Office (incl. telehealth),Exceptions/unclassified,,Non-dual,85+,Male,4908.38,,,
spend,2020,Professional,Services at home,Exceptions/unclassified,,Non-dual,75-84,Female,0.0,,,
spend,2020,Professional,Inpatient/outpatient hospital setting,Unclassified,,Non-dual,<65,Male,443735.43,,,
spend,2021,Inpatient Hospital,Acute care hospital,n/a,,Dual,<65,Female,819579.69,,,
spend,2021,Professional,Home health,n/a,,Non-dual,65-74,Male,154605.11,,,
spend,2021,Professional,Inpatient/outpatient hospital setting,Imaging,,Non-dual,<65,Female,3730.23,,,
spend,2021,Outpatient Hospital,Hospital outpatient,n/a,,Dual,65-74,Male,2679603.16,,,
spend,2021,Professional,Urgent care,E&M,,Non-dual,65-74,Female,600.5,,,
spend,2021,Long-Term Care,Hospice,n/a,,Non-dual,65-74,Male,308996.3,,,
spend,2021,Inpatient Hospital,Acute care hospital,n/a,,Dual,<65,Male,885549.78,,,
spend,2021,Long-Term Care,Hospice,n/a,,Non-dual,85+,Female,60024.92,,,
spend,2021,Professional,Home health,n/a,,Non-dual,65-74,Female,128578.89,,,
spend,2021,Other,Durable medical equipment,n/a,,Dual,85+,Male,202.1,,,
spend,2021,Inpatient Hospital,Acute care hospital,n/a,,Dual,65-74,Female,939731.77,,,
spend,2021,Long-Term Care,Hospice,n/a,,Non-dual,65-74,Female,435312.87,,,
spend,2021,Long-Term Care,Hospice,n/a,,Non-dual,85+,Male,87250.85,,,
spend,2021,Inpatient Hospital,Acute care hospital,n/a,,Non-dual,85+,Female,350520.48,,,
spend,2021,Professional,Office (incl. telehealth),Exceptions/unclassified,,Non-dual,65-74,Male,45809.9,,,
spend,2021,Long-Term Care,Skilled nursing facility,n/a,,Non-dual,<65,Female,125254.43,,,
spend,2021,Long-Term Care,Skilled nursing facility,n/a,,Dual,75-84,Male,80872.06,,,
spend,2021,Long-Term Care,Skilled nursing facility,n/a,,Dual,<65,Female,61687.65,,,
spend,2021,Long-Term Care,Hospice,n/a,,Non-dual,<65,Male,17847.38,,,
spend,2021,Long-Term Care,Skilled nursing facility,n/a,,Non-dual,<65,Male,230986.21,,,
spend,2021,Long-Term Care,Hospice,n/a,,Dual,<65,Female,20126.15,,,
spend,2021,Long-Term Care,Skilled nursing facility,n/a,,Non-dual,85+,Male,95175.78,,,
spend,2021,Long-Term Care,Skilled nursing facility,n/a,,Dual,65-74,Male,188013.09,,,
spend,2021,Long-Term Care,Skilled nursing facility,n/a,,Dual,75-84,Female,134564.79,,,
spend,2021,Professional,Office (incl. telehealth),Exceptions/unclassified,,Dual,65-74,Male,12824.01,,,
spend,2021,Long-Term Care,Skilled nursing facility,n/a,,Dual,<65,Male,111176.89,,,
spend,2021,Other,Durable medical equipment,n/a,,Dual,85+,Female,331.89,,,
spend,2021,Long-Term Care,Skilled nursing facility,n/a,,Non-dual,85+,Female,184442.6,,,
spend,2021,Long-Term Care,Skilled nursing facility,n/a,,Dual,65-74,Female,223805.63,,,
spend,2021,Professional,Office (incl. telehealth),Exceptions/unclassified,,Non-dual,<65,Female,60572.47,,,
spend,2021,Professional,Nursing facility / hospice setting,Exceptions/unclassified,,Non-dual,<65,Male,0.0,,,
spend,2021,Professional,Office (incl. telehealth),Unclassified,,Dual,75-84,Male,334158.95,,,
spend,2021,Professional,Inpatient/outpatient hospital setting,E&M,,Non-dual,<65,Female,615.85,,,
spend,2021,Professional,Inpatient/outpatient hospital setting,Exceptions/unclassified,,Non-dual,<65,Female,615.85,,,
spend,2021,Professional,Services at home,Exceptions/unclassified,,Non-dual,85+,Female,0.0,,,
spend,2021,Professional,Services at home,Exceptions/unclassified,,Non-dual,85+,Male,0.0,,,
spend,2021,Other,Durable medical equipment,n/a,,Non-dual,75-84,Female,1598.44,,,
spend,2021,Professional,Office (incl. telehealth),Exceptions/unclassified,,Dual,75-84,Male,3061.56,,,
spend,2021,Professional,Nursing facility / hospice setting,E&M,,Dual,<65,Male,507.0,,,
spend,2021,Other,Durable medical equipment,n/a,,Dual,<65,Female,1571.99,,,
spend,2021,Professional,Urgent care,Unclassified,,Dual,85+,Male,38432.05,,,
spend,2021,Professional,Inpatient/outpatient hospital setting,Exceptions/unclassified,,Dual,75-84,Male,1127.44,,,
spend,2021,Professional,Inpatient/outpatient hospital setting,Exceptions/unclassified,,Non-dual,65-74,Male,884.3,,,
spend,2021,Other,Durable medical equipment,n/a,,Dual,<65,Male,2358.53,,,
spend,2021,Inpatient Hospital,Acute care hospital,n/a,,Non-dual,85+,Male,575147.56,,,
spend,2021,Professional,Urgent care,E&M,,Non-dual,75-84,Female,5542.65,,,
spend,2021,Professional,Office (incl. telehealth),Exceptions/unclassified,,Dual,75-84,Female,2077.03,,,
spend,2021,Other,Durable medical equipment,n/a,,Non-dual,75-84,Male,1677.4,,,
spend,2021,Professional,Nursing facility / hospice setting,Exceptions/unclassified,,Non-dual,<65,Female,3171.02,,,
spend,2021,Professional,Services at home,Exceptions/unclassified,,Non-dual,65-74,Male,0.0,,,
spend,2021,Professional,Urgent care,E&M,,Non-dual,75-84,Male,16612.6,,,
spend,2021,Professional,Urgent care,E&M,,Dual,65-74,Male,9023.48,,,
spend,2021,Professional,Office (incl. telehealth),Exceptions/unclassified,,Dual,65-74,Female,23609.37,,,
spend,2021,Professional,Office (incl. telehealth),Exceptions/unclassified,,Non-dual,65-74,Female,20147.81,,,
spend,2021,Professional,Services at home,Exceptions/unclassified,,Non-dual,65-74,Female,0.0,,,
spend,2021,Professional,Urgent care,Unclassified,,Non-dual,85+,Female,180121.58,,,
spend,2021,Professional,Office (incl. telehealth),Exceptions/unclassified,,Non-dual,<65,Male,68387.44,,,
spend,2021,Professional,Urgent care,Exceptions/unclassified,,Dual,85+,Male,0.0,,,
spend,2021,Professional,Inpatient/outpatient hospital setting,Exceptions/unclassified,,Non-dual,65-74,Female,3608.6,,,
spend,2021,Professional,Urgent care,Exceptions/unclassified,,Dual,85+,Female,0.0,,,
spend,2021,Professional,Inpatient/outpatient hospital setting,Exceptions/unclassified,,Non-dual,<65,Male,370.2,,,
spend,2021,Professional,Urgent care,Unclassified,,Dual,85+,Female,45181.05,,,
spend,2021,Professional,Nursing facility / hospice setting,Unclassified,,Non-dual,65-74,Male,13506.63,,,
spend,2021,Professional,Urgent care,E&M,,Dual,65-74,Female,472.9,,,
spend,2021,Professional,Inpatient/outpatient hospital setting,E&M,,Non-dual,<65,Male,584.0,,,
spend,2021,Professional,Services at home,Unclassified,,Non-dual,75-84,Female,2693.12,,,
spend,2021,Professional,Urgent care,Exceptions/unclassified,,Dual,75-84,Male,0.0,,,
spend,2021,Professional,Inpatient/outpatient hospital setting,E&M,,Non-dual,65-74,Male,1599.15,,,
spend,2021,Professional,Office (incl. telehealth),E&M,,Dual,<65,Male,94407.02,,,
spend,2021,Professional,Nursing facility / hospice setting,Unclassified,,Dual,85+,Female,458.34,,,
spend,2021,Professional,Inpatient/outpatient hospital setting,Unclassified,,Dual,75-84,Female,37159.9,,,
spend,2021,Professional,Office (incl. telehealth),E&M,,Dual,<65,Female,37928.47,,,
spend,2021,Professional,Urgent care,Unclassified,,Non-dual,85+,Male,277120.51,,,
spend,2021,Professional,Office (incl. telehealth),E&M,,Non-dual,85+,Male,21531.9,,,
spend,2021,Professional,Office (incl. telehealth),E&M,,Non-dual,75-84,Male,48613.08,,,
spend,2021,Professional,Nursing facility / hospice setting,E&M,,Non-dual,<65,Male,1570.03,,,
spend,2021,Retail Pharmacy,Prescription drugs (Part D),n/a,,Non-dual,75-84,Female,732205.91,,,
spend,2021,Professional,Nursing facility / hospice setting,Unclassified,,Non-dual,65-74,Female,24391.45,,,
spend,2021,Professional,Office (incl. telehealth),Exceptions/unclassified,,Dual,85+,Male,6887.69,,,
spend,2021,Professional,Office (incl. telehealth),Unclassified,,Dual,75-84,Female,341984.05,,,
spend,2021,Retail Pharmacy,Prescription drugs (Part D),n/a,,Non-dual,75-84,Male,1173042.97,,,
spend,2021,Professional,Nursing facility / hospice setting,E&M,,Non-dual,65-74,Female,620.44,,,
spend,2021,Professional,Urgent care,Exceptions/unclassified,,Dual,75-84,Female,0.0,,,
spend,2021,Professional,Nursing facility / hospice setting,Exceptions/unclassified,,Non-dual,85+,Male,0.0,,,
spend,2021,Professional,Office (incl. telehealth),E&M,,Dual,85+,Male,3874.05,,,
spend,2021,Long-Term Care,Hospice,n/a,,Non-dual,75-84,Male,482887.82,,,
spend,2021,Long-Term Care,Hospice,n/a,,Non-dual,75-84,Female,440435.86,,,
spend,2021,Professional,Home health,n/a,,Non-dual,85+,Male,8982.23,,,
spend,2021,Professional,Urgent care,Unclassified,,Non-dual,<65,Male,287036.03,,,
spend,2021,Professional,Inpatient/outpatient hospital setting,E&M,,Non-dual,65-74,Female,1206.6,,,
spend,2021,Professional,Urgent care,Unclassified,,Non-dual,65-74,Male,334931.26,,,
spend,2021,Professional,Home health,n/a,,Dual,75-84,Female,15683.28,,,
spend,2021,Professional,Urgent care,Unclassified,,Non-dual,<65,Female,183007.62,,,
spend,2021,Professional,Home health,n/a,,Dual,75-84,Male,3853.6,,,
spend,2021,Professional,Home health,n/a,,Dual,85+,Female,10347.77,,,
spend,2021,Professional,Inpatient/outpatient hospital setting,E&M,,Dual,65-74,Female,600.5,,,
spend,2021,Professional,Inpatient/outpatient hospital setting,Unclassified,,Non-dual,<65,Female,150269.24,,,
spend,2021,Professional,Urgent care,Unclassified,,Non-dual,65-74,Female,281108.18,,,
spend,2021,Professional,Urgent care,Exceptions/unclassified,,Dual,65-74,Male,0.0,,,
spend,2021,Professional,Urgent care,Exceptions/unclassified,,Dual,65-74,Female,0.0,,,
spend,2021,Professional,Urgent care,E&M,,Non-dual,<65,Female,7074.75,,,
spend,2021,Retail Pharmacy,Prescription drugs (Part D),n/a,,Dual,85+,Male,349376.35,,,
spend,2021,Retail Pharmacy,Prescription drugs (Part D),n/a,,Non-dual,<65,Female,1393714.19,,,
spend,2021,Professional,Office (incl. telehealth),E&M,,Non-dual,85+,Female,19912.52,,,
spend,2021,Retail Pharmacy,Prescription drugs (Part D),n/a,,Non-dual,<65,Male,1541468.58,,,
spend,2021,Retail Pharmacy,Prescription drugs (Part D),n/a,,Dual,65-74,Female,397635.45,,,
spend,2021,Retail Pharmacy,Prescription drugs (Part D),n/a,,Dual,75-84,Female,300698.11,,,
spend,2021,Outpatient Hospital,Hospital outpatient,n/a,,Non-dual,<65,Male,16080677.06,,,
spend,2021,Professional,Office (incl. telehealth),Exceptions/unclassified,,Non-dual,75-84,Female,13069.73,,,
spend,2021,Professional,Nursing facility / hospice setting,Unclassified,,Dual,65-74,Female,1229.64,,,
spend,2021,Outpatient Hospital,Hospital outpatient,n/a,,Dual,<65,Male,5231299.31,,,
spend,2021,Retail Pharmacy,Prescription drugs (Part D),n/a,,Dual,85+,Female,228385.45,,,
spend,2021,Long-Term Care,Skilled nursing facility,n/a,,Non-dual,65-74,Male,851076.96,,,
spend,2021,Professional,Office (incl. telehealth),Exceptions/unclassified,,Non-dual,75-84,Male,19185.06,,,
spend,2021,Outpatient Hospital,Hospital outpatient,n/a,,Dual,<65,Female,11840192.5,,,
spend,2021,Outpatient Hospital,Hospital outpatient,n/a,,Non-dual,<65,Female,28979791.11,,,
spend,2021,Professional,Office (incl. telehealth),Exceptions/unclassified,,Dual,85+,Female,5198.85,,,
spend,2021,Professional,Office (incl. telehealth),E&M,,Non-dual,75-84,Female,27316.08,,,
spend,2021,Retail Pharmacy,Prescription drugs (Part D),n/a,,Dual,75-84,Male,368065.44,,,
spend,2021,Long-Term Care,Skilled nursing facility,n/a,,Non-dual,65-74,Female,651084.04,,,
spend,2021,Outpatient Hospital,Hospital outpatient,n/a,,Dual,85+,Female,778566.41,,,
spend,2021,Retail Pharmacy,Prescription drugs (Part D),n/a,,Dual,65-74,Male,569405.52,,,
spend,2021,Professional,Urgent care,E&M,,Non-dual,<65,Male,33084.36,,,
spend,2021,Professional,Inpatient/outpatient hospital setting,Unclassified,,Dual,75-84,Male,24494.56,,,
spend,2021,Professional,Urgent care,Exceptions/unclassified,,Non-dual,85+,Male,0.0,,,
spend,2021,Outpatient Hospital,Hospital outpatient,n/a,,Dual,85+,Male,850539.1,,,
spend,2021,Professional,Office (incl. telehealth),Unclassified,,Dual,65-74,Male,589409.41,,,
spend,2021,Professional,Inpatient/outpatient hospital setting,Unclassified,,Non-dual,75-84,Female,196882.17,,,
spend,2021,Professional,Inpatient/outpatient hospital setting,Imaging,,Dual,<65,Male,1577.13,,,
spend,2021,Professional,Nursing facility / hospice setting,E&M,,Non-dual,<65,Female,620.44,,,
spend,2021,Professional,Inpatient/outpatient hospital setting,Unclassified,,Non-dual,75-84,Male,70996.53,,,
spend,2021,Professional,Urgent care,E&M,,Non-dual,85+,Male,5431.05,,,
spend,2021,Outpatient Hospital,Hospital outpatient,n/a,,Non-dual,65-74,Male,7016259.77,,,
spend,2021,Professional,Urgent care,E&M,,Dual,85+,Male,600.5,,,
spend,2021,Professional,Nursing facility / hospice setting,Unclassified,,Dual,<65,Male,1581.76,,,
spend,2021,Professional,Urgent care,Exceptions/unclassified,,Non-dual,85+,Female,0.0,,,
spend,2021,Professional,Services at home,Unclassified,,Non-dual,75-84,Male,1384.02,,,
spend,2021,Professional,Services at home,Exceptions/unclassified,,Dual,65-74,Male,0.0,,,
spend,2021,Professional,Services at home,Exceptions/unclassified,,Dual,<65,Female,0.0,,,
spend,2021,Outpatient Hospital,Hospital outpatient,n/a,,Non-dual,75-84,Female,3210120.31,,,
spend,2021,Professional,Services at home,Exceptions/unclassified,,Dual,75-84,Male,0.0,,,
spend,2021,Outpatient Hospital,Hospital outpatient,n/a,,Dual,65-74,Female,2985219.36,,,
spend,2021,Outpatient Hospital,Hospital outpatient,n/a,,Non-dual,75-84,Male,3682954.63,,,
spend,2021,Professional,Office (incl. telehealth),E&M,,Dual,85+,Female,2485.44,,,
spend,2021,Inpatient Hospital,Acute care hospital,n/a,,Dual,65-74,Male,788369.58,,,
spend,2021,Professional,Urgent care,Exceptions/unclassified,,Non-dual,65-74,Male,9616.12,,,
spend,2021,Outpatient Hospital,Hospital outpatient,n/a,,Non-dual,65-74,Female,8061417.26,,,
spend,2021,Professional,Services at home,Unclassified,,Non-dual,<65,Male,11661.45,,,
spend,2021,Professional,Inpatient/outpatient hospital setting,Unclassified,,Non-dual,<65,Male,338207.63,,,
spend,2021,Long-Term Care,Hospice,n/a,,Dual,85+,Female,32813.95,,,
spend,2021,Professional,Services at home,E&M,,Non-dual,<65,Male,1845.1,,,
spend,2021,Inpatient Hospital,Acute care hospital,n/a,,Non-dual,<65,Female,3664980.53,,,
spend,2021,Professional,Office (incl. telehealth),Unclassified,,Dual,<65,Female,818993.4,,,
spend,2021,Professional,Nursing facility / hospice setting,Exceptions/unclassified,,Dual,<65,Male,0.0,,,
spend,2021,Professional,Inpatient/outpatient hospital setting,Unclassified,,Dual,<65,Female,43953.31,,,
spend,2021,Professional,Office (incl. telehealth),Unclassified,,Dual,<65,Male,954304.59,,,
spend,2021,Professional,Urgent care,E&M,,Dual,85+,Female,3079.25,,,
spend,2021,Inpatient Hospital,Acute care hospital,n/a,,Non-dual,75-84,Male,2043299.46,,,
spend,2021,Inpatient Hospital,Acute care hospital,n/a,,Non-dual,75-84,Female,1140528.6,,,
spend,2021,Inpatient Hospital,Acute care hospital,n/a,,Non-dual,<65,Male,3676929.05,,,
spend,2021,Professional,Nursing facility / hospice setting,Unclassified,,Non-dual,75-84,Male,13987.61,,,
spend,2021,Professional,Urgent care,E&M,,Non-dual,85+,Female,615.85,,,
spend,2021,Professional,Inpatient/outpatient hospital setting,E&M,,Dual,65-74,Male,620.44,,,
spend,2021,Professional,Services at home,E&M,,Non-dual,65-74,Male,615.85,,,
spend,2021,Professional,Inpatient/outpatient hospital setting,Unclassified,,Non-dual,85+,Female,3388.02,,,
spend,2021,Professional,Home health,n/a,,Non-dual,75-84,Female,86995.94,,,
spend,2021,Professional,Home health,n/a,,Non-dual,75-84,Male,52934.05,,,
spend,2021,Other,Durable medical equipment,n/a,,Non-dual,85+,Female,784.05,,,
spend,2021,Other,Durable medical equipment,n/a,,Non-dual,85+,Male,736.11,,,
spend,2021,Professional,Inpatient/outpatient hospital setting,Imaging,,Non-dual,75-84,Male,1129.95,,,
spend,2021,Professional,Office (incl. telehealth),Unclassified,,Dual,65-74,Female,619993.32,,,
spend,2021,Other,Durable medical equipment,n/a,,Dual,65-74,Female,1339.44,,,
spend,2021,Other,Durable medical equipment,n/a,,Dual,75-84,Male,740.18,,,
spend,2021,Other,Durable medical equipment,n/a,,Non-dual,<65,Female,6024.34,,,
spend,2021,Other,Durable medical equipment,n/a,,Dual,75-84,Female,520.9,,,
spend,2021,Other,Durable medical equipment,n/a,,Dual,65-74,Male,1125.72,,,
spend,2021,Professional,Office (incl. telehealth),Unclassified,,Dual,85+,Female,187087.81,,,
spend,2021,Professional,Urgent care,E&M,,Non-dual,65-74,Male,19803.78,,,
spend,2021,Professional,Nursing facility / hospice setting,Exceptions/unclassified,,Non-dual,65-74,Male,0.0,,,
spend,2021,Other,Durable medical equipment,n/a,,Non-dual,<65,Male,6409.92,,,
spend,2021,Professional,Services at home,Exceptions/unclassified,,Non-dual,75-84,Female,0.0,,,
spend,2021,Long-Term Care,Hospice,n/a,,Dual,75-84,Female,62796.03,,,
spend,2021,Long-Term Care,Hospice,n/a,,Dual,75-84,Male,72617.2,,,
spend,2021,Professional,Nursing facility / hospice setting,Unclassified,,Non-dual,75-84,Female,756.34,,,
spend,2021,Professional,Nursing facility / hospice setting,Unclassified,,Non-dual,85+,Female,1458.19,,,
spend,2021,Professional,Nursing facility / hospice setting,Exceptions/unclassified,,Non-dual,85+,Female,0.0,,,
spend,2021,Professional,Office (incl. telehealth),Unclassified,,Non-dual,75-84,Male,1231772.67,,,
spend,2021,Professional,Services at home,E&M,,Non-dual,<65,Female,468.2,,,
spend,2021,Long-Term Care,Hospice,n/a,,Dual,65-74,Female,123807.85,,,
spend,2021,Long-Term Care,Hospice,n/a,,Dual,65-74,Male,207911.07,,,
spend,2021,Professional,Urgent care,E&M,,Dual,75-84,Male,600.5,,,
spend,2021,Professional,Services at home,Unclassified,,Non-dual,85+,Female,3559.63,,,
spend,2021,Other,Durable medical equipment,n/a,,Non-dual,65-74,Female,3048.99,,,
spend,2021,Other,Durable medical equipment,n/a,,Non-dual,65-74,Male,4123.04,,,
spend,2021,Professional,Inpatient/outpatient hospital setting,Unclassified,,Dual,65-74,Male,331017.4,,,
spend,2021,Professional,Office (incl. telehealth),E&M,,Dual,75-84,Female,11326.65,,,
spend,2021,Inpatient Hospital,Acute care hospital,n/a,,Non-dual,65-74,Female,2947955.68,,,
spend,2021,Inpatient Hospital,Acute care hospital,n/a,,Dual,75-84,Female,403716.13,,,
spend,2021,Professional,Home health,n/a,,Non-dual,<65,Male,10716.14,,,
spend,2021,Professional,Inpatient/outpatient hospital setting,Exceptions/unclassified,,Non-dual,75-84,Female,600.5,,,
spend,2021,Professional,Nursing facility / hospice setting,Exceptions/unclassified,,Dual,65-74,Female,0.0,,,
spend,2021,Professional,Home health,n/a,,Dual,65-74,Female,58533.06,,,
spend,2021,Professional,Home health,n/a,,Dual,65-74,Male,91605.08,,,
spend,2021,Long-Term Care,Skilled nursing facility,n/a,,Dual,85+,Male,45363.78,,,
spend,2021,Inpatient Hospital,Acute care hospital,n/a,,Non-dual,65-74,Male,5713933.89,,,
spend,2021,Inpatient Hospital,Acute care hospital,n/a,,Dual,75-84,Male,1775398.61,,,
spend,2021,Professional,Urgent care,Exceptions/unclassified,,Non-dual,75-84,Male,0.0,,,
spend,2021,Professional,Office (incl. telehealth),Unclassified,,Non-dual,75-84,Female,946174.09,,,
spend,2021,Long-Term Care,Skilled nursing facility,n/a,,Non-dual,75-84,Male,333700.0,,,
spend,2021,Inpatient Hospital,Acute care hospital,n/a,,Dual,85+,Female,115846.7,,,
spend,2021,Long-Term Care,Skilled nursing facility,n/a,,Non-dual,75-84,Female,408317.84,,,
spend,2021,Inpatient Hospital,Acute care hospital,n/a,,Dual,85+,Male,65238.31,,,
spend,2021,Long-Term Care,Skilled nursing facility,n/a,,Dual,85+,Female,132171.92,,,
spend,2021,Professional,Inpatient/outpatient hospital setting,E&M,,Non-dual,75-84,Female,600.5,,,
spend,2021,Professional,Nursing facility / hospice setting,Exceptions/unclassified,,Non-dual,65-74,Female,2074.44,,,
spend,2021,Professional,Urgent care,Exceptions/unclassified,,Dual,<65,Male,0.0,,,
spend,2021,Professional,Inpatient/outpatient hospital setting,Imaging,,Non-dual,85+,Male,527.59,,,
spend,2021,Professional,Inpatient/outpatient hospital setting,Unclassified,,Non-dual,85+,Male,18922.0,,,
spend,2021,Outpatient Hospital,Hospital outpatient,n/a,,Dual,75-84,Female,762606.11,,,
spend,2021,Professional,Services at home,Unclassified,,Non-dual,65-74,Male,2728.76,,,
spend,2021,Professional,Urgent care,Exceptions/unclassified,,Non-dual,<65,Male,481.7,,,
spend,2021,Professional,Services at home,Unclassified,,Non-dual,85+,Male,776.98,,,
spend,2021,Outpatient Hospital,Hospital outpatient,n/a,,Dual,75-84,Male,1507320.54,,,
spend,2021,Professional,Services at home,Exceptions/unclassified,,Non-dual,75-84,Male,0.0,,,
spend,2021,Professional,Services at home,Unclassified,,Dual,65-74,Male,1142.63,,,
spend,2021,Professional,Inpatient/outpatient hospital setting,Imaging,,Non-dual,65-74,Female,476.3,,,
spend,2021,Professional,Services at home,Unclassified,,Dual,75-84,Male,1115.78,,,
spend,2021,Professional,Inpatient/outpatient hospital setting,Unclassified,,Non-dual,65-74,Male,543514.39,,,
spend,2021,Professional,Services at home,Unclassified,,Dual,<65,Male,904.87,,,
spend,2021,Professional,Inpatient/outpatient hospital setting,Imaging,,Non-dual,<65,Male,2612.35,,,
spend,2021,Professional,Nursing facility / hospice setting,E&M,,Non-dual,75-84,Male,620.44,,,
spend,2021,Outpatient Hospital,Hospital outpatient,n/a,,Non-dual,85+,Male,1924968.32,,,
spend,2021,Professional,Inpatient/outpatient hospital setting,Unclassified,,Dual,85+,Male,3870.98,,,
spend,2021,Outpatient Hospital,Hospital outpatient,n/a,,Non-dual,85+,Female,1698344.2,,,
spend,2021,Professional,Inpatient/outpatient hospital setting,Unclassified,,Dual,<65,Male,73069.71,,,
spend,2021,Professional,Office (incl. telehealth),Unclassified,,Dual,85+,Male,152110.59,,,
spend,2021,Professional,Office (incl. telehealth),Unclassified,,Non-dual,65-74,Male,1812513.43,,,
spend,2021,Professional,Inpatient/outpatient hospital setting,Imaging,,Non-dual,65-74,Male,2723.3,,,
spend,2021,Professional,Inpatient/outpatient hospital setting,Exceptions/unclassified,,Dual,<65,Male,615.85,,,
spend,2021,Professional,Office (incl. telehealth),Unclassified,,Non-dual,<65,Female,2799530.95,,,
spend,2021,Professional,Inpatient/outpatient hospital setting,Exceptions/unclassified,,Dual,65-74,Male,2366.24,,,
spend,2021,Professional,Nursing facility / hospice setting,Unclassified,,Non-dual,<65,Male,26586.52,,,
spend,2021,Professional,Office (incl. telehealth),E&M,,Dual,75-84,Male,18638.59,,,
spend,2021,Professional,Nursing facility / hospice setting,Exceptions/unclassified,,Non-dual,75-84,Female,0.0,,,
spend,2021,Professional,Office (incl. telehealth),Unclassified,,Non-dual,85+,Male,636348.56,,,
spend,2021,Professional,Services at home,Unclassified,,Dual,<65,Female,1160.34,,,
spend,2021,Professional,Office (incl. telehealth),Exceptions/unclassified,,Non-dual,85+,Male,0.0,,,
spend,2021,Professional,Services at home,Unclassified,,Non-dual,<65,Female,10397.98,,,
spend,2021,Professional,Services at home,Exceptions/unclassified,,Non-dual,<65,Female,0.0,,,
spend,2021,Professional,Inpatient/outpatient hospital setting,Imaging,,Dual,75-84,Female,436.75,,,
spend,2021,Professional,Office (incl. telehealth),Exceptions/unclassified,,Dual,<65,Male,40613.71,,,
spend,2021,Professional,Nursing facility / hospice setting,Exceptions/unclassified,,Non-dual,75-84,Male,2974.03,,,
spend,2021,Professional,Services at home,Unclassified,,Non-dual,65-74,Female,1975.25,,,
spend,2021,Professional,Office (incl. telehealth),E&M,,Non-dual,65-74,Male,91824.5,,,
spend,2021,Professional,Nursing facility / hospice setting,Unclassified,,Non-dual,<65,Female,19999.41,,,
spend,2021,Professional,Office (incl. telehealth),Unclassified,,Non-dual,65-74,Female,1618694.33,,,
spend,2021,Professional,Office (incl. telehealth),Unclassified,,Non-dual,<65,Male,2700950.11,,,
spend,2021,Professional,Urgent care,Unclassified,,Non-dual,75-84,Male,324984.9,,,
spend,2021,Retail Pharmacy,Prescription drugs (Part D),n/a,,Non-dual,85+,Male,1433138.8,,,
spend,2021,Professional,Urgent care,Unclassified,,Dual,75-84,Male,165233.39,,,
spend,2021,Professional,Office (incl. telehealth),E&M,,Non-dual,<65,Male,235073.13,,,
spend,2021,Retail Pharmacy,Prescription drugs (Part D),n/a,,Non-dual,85+,Female,630611.65,,,
spend,2021,Professional,Office (incl. telehealth),Exceptions/unclassified,,Dual,<65,Female,11712.21,,,
spend,2021,Professional,Urgent care,E&M,,Dual,<65,Female,3173.2,,,
spend,2021,Professional,Urgent care,Exceptions/unclassified,,Dual,<65,Female,1206.6,,,
spend,2021,Retail Pharmacy,Prescription drugs (Part D),n/a,,Dual,<65,Female,555014.94,,,
spend,2021,Professional,Urgent care,Unclassified,,Dual,<65,Male,56475.37,,,
spend,2021,Professional,Office (incl. telehealth),E&M,,Dual,65-74,Female,24123.6,,,
spend,2021,Professional,Office (incl. telehealth),Unclassified,,Non-dual,85+,Female,729591.46,,,
spend,2021,Professional,Inpatient/outpatient hospital setting,Unclassified,,Dual,65-74,Female,228038.43,,,
spend,2021,Professional,Office (incl. telehealth),Exceptions/unclassified,,Non-dual,85+,Female,8113.45,,,
spend,2021,Professional,Urgent care,Exceptions/unclassified,,Non-dual,75-84,Female,2660.67,,,
spend,2021,Professional,Urgent care,Exceptions/unclassified,,Non-dual,<65,Female,434.05,,,
spend,2021,Professional,Inpatient/outpatient hospital setting,Exceptions/unclassified,,Dual,65-74,Female,620.44,,,
spend,2021,Professional,Office (incl. telehealth),E&M,,Dual,65-74,Male,29583.57,,,
spend,2021,Retail Pharmacy,Prescription drugs (Part D),n/a,,Dual,<65,Male,440574.07,,,
spend,2021,Professional,Inpatient/outpatient hospital setting,Unclassified,,Non-dual,65-74,Female,641367.43,,,
spend,2021,Professional,Office (incl. telehealth),E&M,,Non-dual,<65,Female,144769.08,,,
spend,2021,Professional,Nursing facility / hospice setting,Unclassified,,Non-dual,85+,Male,4368.98,,,
spend,2021,Professional,Urgent care,Unclassified,,Non-dual,75-84,Female,260791.55,,,
spend,2021,Retail Pharmacy,Prescription drugs (Part D),n/a,,Non-dual,65-74,Male,1137523.53,,,
spend,2021,Professional,Urgent care,Unclassified,,Dual,<65,Female,63483.09,,,
spend,2021,Professional,Urgent care,Exceptions/unclassified,,Non-dual,65-74,Female,0.0,,,
spend,2021,Professional,Urgent care,E&M,,Dual,<65,Male,3413.5,,,
spend,2021,Retail Pharmacy,Prescription drugs (Part D),n/a,,Non-dual,65-74,Female,970786.82,,,
spend,2021,Professional,Urgent care,Unclassified,,Dual,75-84,Female,75103.5,,,
spend,2021,Professional,Urgent care,Unclassified,,Dual,65-74,Female,65493.99,,,
spend,2021,Professional,Urgent care,Unclassified,,Dual,65-74,Male,154612.81,,,
spend,2021,Professional,Office (incl. telehealth),E&M,,Non-dual,65-74,Female,46749.81,,,
spend,2021,Professional,Services at home,Exceptions/unclassified,,Non-dual,<65,Male,0.0,,,
spend,2022,Professional,Home health,n/a,,Dual,85+,Male,3673.8,,,
spend,2022,Professional,Home health,n/a,,Dual,75-84,Female,2620.62,,,
spend,2022,Professional,Inpatient/outpatient hospital setting,Exceptions/unclassified,,Non-dual,65-74,Female,1704.55,,,
spend,2022,Professional,Inpatient/outpatient hospital setting,Unclassified,,Non-dual,65-74,Female,301125.73,,,
spend,2022,Retail Pharmacy,Prescription drugs (Part D),n/a,,Non-dual,<65,Female,1438745.12,,,
spend,2022,Retail Pharmacy,Prescription drugs (Part D),n/a,,Non-dual,<65,Male,1671304.11,,,
spend,2022,Professional,Urgent care,Exceptions/unclassified,,Non-dual,65-74,Female,5435.51,,,
spend,2022,Retail Pharmacy,Prescription drugs (Part D),n/a,,Non-dual,85+,Female,729724.11,,,
spend,2022,Professional,Office (incl. telehealth),Exceptions/unclassified,,Dual,85+,Male,5712.0,,,
spend,2022,Professional,Nursing facility / hospice setting,Exceptions/unclassified,,Non-dual,85+,Male,0.0,,,
spend,2022,Retail Pharmacy,Prescription drugs (Part D),n/a,,Non-dual,85+,Male,1547193.55,,,
spend,2022,Professional,Inpatient/outpatient hospital setting,Imaging,,Non-dual,65-74,Female,2921.7,,,
spend,2022,Professional,Nursing facility / hospice setting,Exceptions/unclassified,,Non-dual,65-74,Female,2337.83,,,
spend,2022,Professional,Nursing facility / hospice setting,Unclassified,,Non-dual,65-74,Female,21025.21,,,
spend,2022,Retail Pharmacy,Prescription drugs (Part D),n/a,,Dual,75-84,Female,432895.94,,,
spend,2022,Professional,Nursing facility / hospice setting,Exceptions/unclassified,,Non-dual,<65,Male,0.0,,,
spend,2022,Professional,Urgent care,E&M,,Non-dual,<65,Female,1694.65,,,
spend,2022,Professional,Inpatient/outpatient hospital setting,Unclassified,,Non-dual,65-74,Male,262086.59,,,
spend,2022,Professional,Nursing facility / hospice setting,Unclassified,,Non-dual,65-74,Male,15138.13,,,
spend,2022,Professional,Inpatient/outpatient hospital setting,Unclassified,,Dual,75-84,Male,218775.91,,,
spend,2022,Professional,Urgent care,Unclassified,,Dual,75-84,Female,91755.42,,,
spend,2022,Professional,Nursing facility / hospice setting,Exceptions/unclassified,,Dual,65-74,Female,0.0,,,
spend,2022,Professional,Office (incl. telehealth),Exceptions/unclassified,,Non-dual,75-84,Female,17263.06,,,
spend,2022,Retail Pharmacy,Prescription drugs (Part D),n/a,,Dual,75-84,Male,571459.39,,,
spend,2022,Professional,Inpatient/outpatient hospital setting,Exceptions/unclassified,,Dual,75-84,Male,1093.34,,,
spend,2022,Professional,Office (incl. telehealth),Exceptions/unclassified,,Non-dual,75-84,Male,28895.61,,,
spend,2022,Professional,Urgent care,Exceptions/unclassified,,Dual,85+,Female,0.0,,,
spend,2022,Professional,Nursing facility / hospice setting,Exceptions/unclassified,,Non-dual,65-74,Male,0.0,,,
spend,2022,Professional,Urgent care,Unclassified,,Non-dual,85+,Female,203198.06,,,
spend,2022,Professional,Urgent care,Exceptions/unclassified,,Non-dual,75-84,Male,516.31,,,
spend,2022,Professional,Office (incl. telehealth),Exceptions/unclassified,,Dual,85+,Female,2274.19,,,
spend,2022,Professional,Urgent care,Exceptions/unclassified,,Non-dual,75-84,Female,2843.19,,,
spend,2022,Professional,Urgent care,Unclassified,,Non-dual,85+,Male,266805.94,,,
spend,2022,Professional,Urgent care,Exceptions/unclassified,,Dual,85+,Male,2421.25,,,
spend,2022,Professional,Office (incl. telehealth),Unclassified,,Dual,65-74,Female,670479.1,,,
spend,2022,Professional,Nursing facility / hospice setting,Exceptions/unclassified,,Dual,65-74,Male,0.0,,,
spend,2022,Professional,Nursing facility / hospice setting,Exceptions/unclassified,,Non-dual,<65,Female,0.0,,,
spend,2022,Professional,Nursing facility / hospice setting,Unclassified,,Non-dual,<65,Female,26538.08,,,
spend,2022,Professional,Urgent care,E&M,,Non-dual,<65,Male,29878.02,,,
spend,2022,Professional,Inpatient/outpatient hospital setting,Exceptions/unclassified,,Non-dual,<65,Male,1216.35,,,
spend,2022,Professional,Nursing facility / hospice setting,Exceptions/unclassified,,Non-dual,75-84,Male,2685.73,,,
spend,2022,Professional,Inpatient/outpatient hospital setting,Exceptions/unclassified,,Dual,65-74,Male,901.2,,,
spend,2022,Professional,Inpatient/outpatient hospital setting,Unclassified,,Dual,65-74,Male,122233.26,,,
spend,2022,Inpatient Hospital,Acute care hospital,n/a,,Dual,65-74,Female,884068.04,,,
spend,2022,Professional,Inpatient/outpatient hospital setting,Unclassified,,Dual,<65,Female,101171.26,,,
spend,2022,Professional,Services at home,Exceptions/unclassified,,Non-dual,<65,Female,0.0,,,
spend,2022,Professional,Office (incl. telehealth),E&M,,Dual,85+,Male,15755.73,,,
spend,2022,Professional,Office (incl. telehealth),E&M,,Non-dual,75-84,Female,17464.36,,,
spend,2022,Professional,Nursing facility / hospice setting,Exceptions/unclassified,,Dual,85+,Female,0.0,,,
spend,2022,Professional,Nursing facility / hospice setting,Unclassified,,Non-dual,<65,Male,41303.07,,,
spend,2022,Professional,Nursing facility / hospice setting,Exceptions/unclassified,,Non-dual,75-84,Female,0.0,,,
spend,2022,Professional,Urgent care,E&M,,Dual,65-74,Male,9338.85,,,
spend,2022,Professional,Office (incl. telehealth),E&M,,Non-dual,85+,Female,20330.5,,,
spend,2022,Professional,Office (incl. telehealth),Unclassified,,Dual,65-74,Male,731734.18,,,
spend,2022,Professional,Office (incl. telehealth),Unclassified,,Dual,85+,Male,197161.44,,,
spend,2022,Professional,Inpatient/outpatient hospital setting,Exceptions/unclassified,,Non-dual,<65,Female,481.7,,,
spend,2022,Professional,Office (incl. telehealth),E&M,,Non-dual,85+,Male,19257.01,,,
spend,2022,Professional,Inpatient/outpatient hospital setting,E&M,,Non-dual,<65,Female,995.8,,,
spend,2022,Professional,Nursing facility / hospice setting,E&M,,Non-dual,75-84,Male,620.44,,,
spend,2022,Professional,Office (incl. telehealth),E&M,,Dual,85+,Female,5544.38,,,
spend,2022,Professional,Nursing facility / hospice setting,E&M,,Non-dual,65-74,Female,620.44,,,
spend,2022,Professional,Inpatient/outpatient hospital setting,Unclassified,,Dual,65-74,Female,77416.03,,,
spend,2022,Professional,Services at home,Unclassified,,Non-dual,75-84,Male,1377.18,,,
spend,2022,Professional,Inpatient/outpatient hospital setting,Unclassified,,Non-dual,85+,Female,3581.77,,,
spend,2022,Professional,Inpatient/outpatient hospital setting,Imaging,,Non-dual,85+,Female,476.3,,,
spend,2022,Outpatient Hospital,Hospital outpatient,n/a,,Non-dual,65-74,Male,8671446.18,,,
spend,2022,Professional,Services at home,Unclassified,,Non-dual,85+,Male,861.31,,,
spend,2022,Professional,Urgent care,Unclassified,,Dual,85+,Female,68152.87,,,
spend,2022,Outpatient Hospital,Hospital outpatient,n/a,,Dual,<65,Female,10643107.63,,,
spend,2022,Outpatient Hospital,Hospital outpatient,n/a,,Dual,<65,Male,5476445.64,,,
spend,2022,Professional,Services at home,Unclassified,,Non-dual,85+,Female,4092.92,,,
spend,2022,Long-Term Care,Skilled nursing facility,n/a,,Non-dual,65-74,Male,522577.46,,,
spend,2022,Long-Term Care,Skilled nursing facility,n/a,,Non-dual,65-74,Female,617117.12,,,
spend,2022,Outpatient Hospital,Hospital outpatient,n/a,,Non-dual,<65,Male,17404324.56,,,
spend,2022,Outpatient Hospital,Hospital outpatient,n/a,,Non-dual,<65,Female,33607131.8,,,
spend,2022,Outpatient Hospital,Hospital outpatient,n/a,,Non-dual,65-74,Female,13544400.17,,,
spend,2022,Professional,Office (incl. telehealth),E&M,,Dual,65-74,Male,39561.74,,,
spend,2022,Long-Term Care,Skilled nursing facility,n/a,,Non-dual,85+,Female,130225.62,,,
spend,2022,Inpatient Hospital,Acute care hospital,n/a,,Non-dual,75-84,Female,834146.12,,,
spend,2022,Professional,Urgent care,Unclassified,,Dual,75-84,Male,165925.16,,,
spend,2022,Professional,Inpatient/outpatient hospital setting,Imaging,,Non-dual,65-74,Male,1441.24,,,
spend,2022,Long-Term Care,Skilled nursing facility,n/a,,Non-dual,85+,Male,220512.74,,,
spend,2022,Inpatient Hospital,Acute care hospital,n/a,,Dual,75-84,Male,1561686.95,,,
spend,2022,Inpatient Hospital,Acute care hospital,n/a,,Non-dual,<65,Male,6782778.09,,,
spend,2022,Professional,Office (incl. telehealth),E&M,,Non-dual,65-74,Female,38117.81,,,
spend,2022,Professional,Office (incl. telehealth),Exceptions/unclassified,,Non-dual,85+,Female,8787.93,,,
spend,2022,Inpatient Hospital,Acute care hospital,n/a,,Non-dual,75-84,Male,2108568.0,,,
spend,2022,Professional,Home health,n/a,,Non-dual,85+,Male,12955.25,,,
spend,2022,Professional,Home health,n/a,,Non-dual,85+,Female,14981.91,,,
spend,2022,Inpatient Hospital,Acute care hospital,n/a,,Non-dual,<65,Female,4540260.44,,,
spend,2022,Professional,Urgent care,Unclassified,,Dual,85+,Male,108918.85,,,
spend,2022,Inpatient Hospital,Acute care hospital,n/a,,Dual,75-84,Female,430712.55,,,
spend,2022,Professional,Nursing facility / hospice setting,Unclassified,,Non-dual,85+,Female,1497.61,,,
spend,2022,Professional,Urgent care,E&M,,Non-dual,85+,Male,3619.8,,,
spend,2022,Inpatient Hospital,Acute care hospital,n/a,,Non-dual,65-74,Male,7562113.34,,,
spend,2022,Inpatient Hospital,Acute care hospital,n/a,,Dual,65-74,Male,2692583.57,,,
spend,2022,Inpatient Hospital,Acute care hospital,n/a,,Non-dual,65-74,Female,3436834.22,,,
spend,2022,Professional,Urgent care,E&M,,Non-dual,75-84,Female,12624.03,,,
spend,2022,Long-Term Care,Hospice,n/a,,Non-dual,65-74,Female,261743.88,,,
spend,2022,Professional,Inpatient/outpatient hospital setting,Unclassified,,Non-dual,85+,Male,9389.95,,,
spend,2022,Long-Term Care,Hospice,n/a,,Dual,75-84,Male,165693.66,,,
spend,2022,Professional,Services at home,Exceptions/unclassified,,Non-dual,75-84,Female,0.0,,,
spend,2022,Long-Term Care,Hospice,n/a,,Non-dual,65-74,Male,610847.48,,,
spend,2022,Long-Term Care,Hospice,n/a,,Dual,75-84,Female,136208.35,,,
spend,2022,Professional,Office (incl. telehealth),E&M,,Dual,65-74,Female,25421.96,,,
spend,2022,Professional,Office (incl. telehealth),E&M,,Non-dual,75-84,Male,76329.47,,,
spend,2022,Long-Term Care,Skilled nursing facility,n/a,,Non-dual,<65,Male,249924.9,,,
spend,2022,Professional,Inpatient/outpatient hospital setting,Unclassified,,Dual,75-84,Female,130920.66,,,
spend,2022,Professional,Services at home,Exceptions/unclassified,,Non-dual,65-74,Female,0.0,,,
spend,2022,Long-Term Care,Hospice,n/a,,Dual,65-74,Male,92569.37,,,
spend,2022,Professional,Services at home,Unclassified,,Dual,<65,Female,1164.18,,,
spend,2022,Long-Term Care,Hospice,n/a,,Dual,85+,Male,16886.35,,,
spend,2022,Long-Term Care,Hospice,n/a,,Non-dual,85+,Male,11716.55,,,
spend,2022,Long-Term Care,Hospice,n/a,,Dual,85+,Female,26358.62,,,
spend,2022,Long-Term Care,Hospice,n/a,,Non-dual,85+,Female,49348.61,,,
spend,2022,Professional,Nursing facility / hospice setting,Exceptions/unclassified,,Non-dual,85+,Female,0.0,,,
spend,2022,Professional,Office (incl. telehealth),E&M,,Dual,<65,Female,34440.44,,,
spend,2022,Professional,Office (incl. telehealth),E&M,,Dual,<65,Male,77788.54,,,
spend,2022,Long-Term Care,Hospice,n/a,,Dual,65-74,Female,155559.81,,,
spend,2022,Professional,Office (incl. telehealth),Unclassified,,Dual,85+,Female,175033.2,,,
spend,2022,Other,Durable medical equipment,n/a,,Dual,85+,Female,352.0,,,
spend,2022,Professional,Home health,n/a,,Dual,65-74,Male,30559.56,,,
spend,2022,Other,Durable medical equipment,n/a,,Dual,85+,Male,111.63,,,
spend,2022,Professional,Home health,n/a,,Dual,65-74,Female,35181.92,,,
spend,2022,Professional,Urgent care,E&M,,Dual,65-74,Female,3846.16,,,
spend,2022,Long-Term Care,Skilled nursing facility,n/a,,Non-dual,<65,Female,237309.67,,,
spend,2022,Professional,Office (incl. telehealth),E&M,,Non-dual,65-74,Male,95157.3,,,
spend,2022,Professional,Services at home,Unclassified,,Non-dual,75-84,Female,770.2,,,
spend,2022,Professional,Inpatient/outpatient hospital setting,Imaging,,Non-dual,75-84,Female,615.85,,,
spend,2022,Inpatient Hospital,Acute care hospital,n/a,,Dual,<65,Female,538039.47,,,
spend,2022,Professional,Inpatient/outpatient hospital setting,Imaging,,Non-dual,75-84,Male,2514.25,,,
spend,2022,Professional,Urgent care,E&M,,Dual,85+,Female,5542.65,,,
spend,2022,Professional,Office (incl. telehealth),Unclassified,,Dual,<65,Male,944802.24,,,
spend,2022,Professional,Services at home,Exceptions/unclassified,,Non-dual,65-74,Male,0.0,,,
spend,2022,Professional,Office (incl. telehealth),Exceptions/unclassified,,Non-dual,65-74,Female,34673.37,,,
spend,2022,Professional,Services at home,Exceptions/unclassified,,Non-dual,85+,Female,0.0,,,
spend,2022,Professional,Services at home,Exceptions/unclassified,,Non-dual,85+,Male,0.0,,,
spend,2022,Professional,Office (incl. telehealth),Unclassified,,Dual,<65,Female,837389.73,,,
spend,2022,Professional,Urgent care,E&M,,Non-dual,75-84,Male,9840.4,,,
spend,2022,Professional,Inpatient/outpatient hospital setting,Imaging,,Non-dual,85+,Male,481.7,,,
spend,2022,Professional,Services at home,Exceptions/unclassified,,Non-dual,75-84,Male,0.0,,,
spend,2022,Professional,Services at home,Unclassified,,Dual,75-84,Male,711.27,,,
spend,2022,Professional,Services at home,Exceptions/unclassified,,Dual,<65,Male,0.0,,,
spend,2022,Inpatient Hospital,Acute care hospital,n/a,,Dual,<65,Male,1203456.43,,,
spend,2022,Long-Term Care,Hospice,n/a,,Non-dual,<65,Male,32302.71,,,
spend,2022,Professional,Inpatient/outpatient hospital setting,Unclassified,,Dual,85+,Male,3562.73,,,
spend,2022,Professional,Office (incl. telehealth),Exceptions/unclassified,,Dual,75-84,Female,8266.98,,,
spend,2022,Professional,Office (incl. telehealth),Unclassified,,Dual,75-84,Female,415064.45,,,
spend,2022,Outpatient Hospital,Hospital outpatient,n/a,,Non-dual,75-84,Female,3450880.77,,,
spend,2022,Professional,Services at home,Exceptions/unclassified,,Non-dual,<65,Male,0.0,,,
spend,2022,Professional,Inpatient/outpatient hospital setting,E&M,,Dual,65-74,Male,615.85,,,
spend,2022,Professional,Services at home,E&M,,Non-dual,65-74,Male,615.85,,,
spend,2022,Professional,Services at home,Unclassified,,Non-dual,65-74,Male,1907.3,,,
spend,2022,Professional,Urgent care,E&M,,Non-dual,65-74,Male,17085.65,,,
spend,2022,Professional,Office (incl. telehealth),Exceptions/unclassified,,Non-dual,65-74,Male,48373.61,,,
spend,2022,Professional,Services at home,Unclassified,,Dual,<65,Male,2160.83,,,
spend,2022,Retail Pharmacy,Prescription drugs (Part D),n/a,,Non-dual,65-74,Male,1218111.4,,,
spend,2022,Professional,Office (incl. telehealth),Exceptions/unclassified,,Non-dual,85+,Male,0.0,,,
spend,2022,Outpatient Hospital,Hospital outpatient,n/a,,Non-dual,75-84,Male,4079594.26,,,
spend,2022,Outpatient Hospital,Hospital outpatient,n/a,,Dual,65-74,Male,2300103.44,,,
spend,2022,Professional,Services at home,Unclassified,,Dual,65-74,Male,922.3,,,
spend,2022,Outpatient Hospital,Hospital outpatient,n/a,,Dual,75-84,Female,1153842.76,,,
spend,2022,Professional,Services at home,Unclassified,,Non-dual,65-74,Female,2402.4,,,
spend,2022,Professional,Inpatient/outpatient hospital setting,Unclassified,,Non-dual,75-84,Male,134761.88,,,
spend,2022,Professional,Office (incl. telehealth),Exceptions/unclassified,,Dual,75-84,Male,980.99,,,
spend,2022,Professional,Office (incl. telehealth),Unclassified,,Dual,75-84,Male,343116.62,,,
spend,2022,Professional,Nursing facility / hospice setting,Unclassified,,Dual,<65,Male,1322.39,,,
spend,2022,Outpatient Hospital,Hospital outpatient,n/a,,Dual,65-74,Female,2613326.76,,,
spend,2022,Professional,Inpatient/outpatient hospital setting,Unclassified,,Non-dual,<65,Female,182003.54,,,
spend,2022,Professional,Nursing facility / hospice setting,Unclassified,,Dual,65-74,Male,1139.19,,,
spend,2022,Professional,Office (incl. telehealth),Unclassified,,Non-dual,<65,Male,2757699.03,,,
spend,2022,Professional,Inpatient/outpatient hospital setting,E&M,,Dual,65-74,Female,600.5,,,
spend,2022,Professional,Urgent care,Exceptions/unclassified,,Non-dual,85+,Male,0.0,,,
spend,2022,Professional,Urgent care,Exceptions/unclassified,,Non-dual,85+,Female,0.0,,,
spend,2022,Professional,Office (incl. telehealth),E&M,,Dual,75-84,Male,16908.75,,,
spend,2022,Outpatient Hospital,Hospital outpatient,n/a,,Dual,75-84,Male,1640212.51,,,
spend,2022,Professional,Office (incl. telehealth),Unclassified,,Non-dual,<65,Female,3155360.17,,,
spend,2022,Outpatient Hospital,Hospital outpatient,n/a,,Non-dual,85+,Female,1667335.4,,,
spend,2022,Professional,Urgent care,E&M,,Non-dual,85+,Female,1231.7,,,
spend,2022,Outpatient Hospital,Hospital outpatient,n/a,,Non-dual,85+,Male,2362046.42,,,
spend,2022,Professional,Office (incl. telehealth),Exceptions/unclassified,,Dual,65-74,Male,11076.9,,,
spend,2022,Professional,Office (incl. telehealth),Unclassified,,Non-dual,65-74,Male,1861163.55,,,
spend,2022,Outpatient Hospital,Hospital outpatient,n/a,,Dual,85+,Female,681029.27,,,
spend,2022,Professional,Nursing facility / hospice setting,Unclassified,,Non-dual,75-84,Male,24009.73,,,
spend,2022,Outpatient Hospital,Hospital outpatient,n/a,,Dual,85+,Male,688377.08,,,
spend,2022,Long-Term Care,Skilled nursing facility,n/a,,Dual,75-84,Male,122042.66,,,
spend,2022,Retail Pharmacy,Prescription drugs (Part D),n/a,,Dual,85+,Female,277807.27,,,
spend,2022,Professional,Office (incl. telehealth),Exceptions/unclassified,,Dual,65-74,Female,18045.75,,,
spend,2022,Professional,Office (incl. telehealth),Unclassified,,Non-dual,75-84,Male,1498871.68,,,
spend,2022,Long-Term Care,Skilled nursing facility,n/a,,Dual,75-84,Female,155867.46,,,
spend,2022,Professional,Office (incl. telehealth),Unclassified,,Non-dual,75-84,Female,927582.38,,,
spend,2022,Professional,Inpatient/outpatient hospital setting,Unclassified,,Non-dual,<65,Male,205441.13,,,
spend,2022,Professional,Inpatient/outpatient hospital setting,Imaging,,Non-dual,<65,Male,2779.83,,,
spend,2022,Professional,Office (incl. telehealth),Unclassified,,Non-dual,65-74,Female,1784079.33,,,
spend,2022,Retail Pharmacy,Prescription drugs (Part D),n/a,,Dual,85+,Male,371024.28,,,
spend,2022,Professional,Services at home,Unclassified,,Non-dual,<65,Female,16007.63,,,
spend,2022,Retail Pharmacy,Prescription drugs (Part D),n/a,,Non-dual,65-74,Female,1218285.01,,,
spend,2022,Professional,Urgent care,Unclassified,,Non-dual,75-84,Female,343443.3,,,
spend,2022,Long-Term Care,Skilled nursing facility,n/a,,Dual,65-74,Male,214080.32,,,
spend,2022,Long-Term Care,Skilled nursing facility,n/a,,Dual,85+,Female,34797.42,,,
spend,2022,Professional,Urgent care,Unclassified,,Non-dual,75-84,Male,329038.56,,,
spend,2022,Professional,Urgent care,Unclassified,,Dual,<65,Female,146559.46,,,
spend,2022,Professional,Urgent care,Exceptions/unclassified,,Dual,<65,Female,6231.91,,,
spend,2022,Long-Term Care,Skilled nursing facility,n/a,,Dual,65-74,Female,402572.57,,,
spend,2022,Professional,Urgent care,E&M,,Dual,<65,Male,12290.43,,,
spend,2022,Long-Term Care,Skilled nursing facility,n/a,,Dual,85+,Male,26683.82,,,
spend,2022,Professional,Urgent care,Exceptions/unclassified,,Non-dual,<65,Female,3346.88,,,
spend,2022,Professional,Urgent care,Unclassified,,Non-dual,<65,Female,199540.21,,,
spend,2022,Professional,Home health,n/a,,Non-dual,75-84,Male,21172.6,,,
spend,2022,Professional,Urgent care,Exceptions/unclassified,,Dual,75-84,Female,0.0,,,
spend,2022,Professional,Urgent care,E&M,,Dual,<65,Female,12158.47,,,
spend,2022,Professional,Home health,n/a,,Non-dual,75-84,Female,56487.94,,,
spend,2022,Inpatient Hospital,Acute care hospital,n/a,,Dual,85+,Male,129623.83,,,
spend,2022,Professional,Urgent care,Unclassified,,Non-dual,65-74,Female,385561.52,,,
spend,2022,Professional,Urgent care,Unclassified,,Dual,65-74,Female,57069.86,,,
spend,2022,Professional,Urgent care,Exceptions/unclassified,,Non-dual,<65,Male,2499.08,,,
spend,2022,Professional,Urgent care,Unclassified,,Non-dual,<65,Male,370212.25,,,
spend,2022,Professional,Urgent care,Exceptions/unclassified,,Dual,65-74,Female,2640.96,,,
spend,2022,Inpatient Hospital,Acute care hospital,n/a,,Dual,85+,Female,96271.34,,,
spend,2022,Professional,Urgent care,Unclassified,,Non-dual,65-74,Male,305921.95,,,
spend,2022,Long-Term Care,Hospice,n/a,,Non-dual,75-84,Female,299482.9,,,
spend,2022,Professional,Urgent care,Unclassified,,Dual,<65,Male,287916.59,,,
spend,2022,Professional,Urgent care,Exceptions/unclassified,,Dual,<65,Male,8184.9,,,
spend,2022,Professional,Inpatient/outpatient hospital setting,Unclassified,,Non-dual,75-84,Female,244043.91,,,
spend,2022,Professional,Inpatient/outpatient hospital setting,Exceptions/unclassified,,Dual,<65,Female,922.6,,,
spend,2022,Professional,Nursing facility / hospice setting,Unclassified,,Non-dual,85+,Male,3585.78,,,
spend,2022,Long-Term Care,Hospice,n/a,,Non-dual,75-84,Male,311077.95,,,
spend,2022,Professional,Urgent care,Unclassified,,Dual,65-74,Male,157514.71,,,
spend,2022,Professional,Urgent care,Exceptions/unclassified,,Dual,65-74,Male,0.0,,,
spend,2022,Retail Pharmacy,Prescription drugs (Part D),n/a,,Dual,65-74,Female,308712.41,,,
spend,2022,Retail Pharmacy,Prescription drugs (Part D),n/a,,Non-dual,75-84,Male,1350292.39,,,
spend,2022,Professional,Nursing facility / hospice setting,E&M,,Non-dual,<65,Male,2799.72,,,
spend,2022,Retail Pharmacy,Prescription drugs (Part D),n/a,,Dual,65-74,Male,581098.26,,,
spend,2022,Professional,Office (incl. telehealth),Unclassified,,Non-dual,85+,Female,661713.26,,,
spend,2022,Professional,Nursing facility / hospice setting,Unclassified,,Dual,65-74,Female,2276.58,,,
spend,2022,Professional,Office (incl. telehealth),E&M,,Non-dual,<65,Female,160578.96,,,
spend,2022,Professional,Office (incl. telehealth),E&M,,Dual,75-84,Female,9463.98,,,
spend,2022,Professional,Nursing facility / hospice setting,E&M,,Non-dual,65-74,Male,2165.26,,,
spend,2022,Professional,Nursing facility / hospice setting,E&M,,Non-dual,<65,Female,3093.12,,,
spend,2022,Retail Pharmacy,Prescription drugs (Part D),n/a,,Non-dual,75-84,Female,933882.33,,,
spend,2022,Retail Pharmacy,Prescription drugs (Part D),n/a,,Dual,<65,Female,537703.26,,,
spend,2022,Professional,Home health,n/a,,Non-dual,65-74,Male,106790.64,,,
spend,2022,Professional,Services at home,E&M,,Non-dual,<65,Female,468.2,,,
spend,2022,Professional,Services at home,E&M,,Non-dual,<65,Male,2230.6,,,
spend,2022,Professional,Nursing facility / hospice setting,Unclassified,,Dual,85+,Female,2243.08,,,
spend,2022,Professional,Urgent care,Exceptions/unclassified,,Dual,75-84,Male,1496.76,,,
spend,2022,Retail Pharmacy,Prescription drugs (Part D),n/a,,Dual,<65,Male,552881.18,,,
spend,2022,Other,Durable medical equipment,n/a,,Dual,75-84,Male,712.24,,,
spend,2022,Other,Durable medical equipment,n/a,,Non-dual,<65,Male,6741.06,,,
spend,2022,Other,Durable medical equipment,n/a,,Non-dual,65-74,Female,3733.63,,,
spend,2022,Other,Durable medical equipment,n/a,,Non-dual,85+,Male,838.29,,,
spend,2022,Professional,Nursing facility / hospice setting,Unclassified,,Non-dual,75-84,Female,756.34,,,
spend,2022,Other,Durable medical equipment,n/a,,Non-dual,85+,Female,902.56,,,
spend,2022,Other,Durable medical equipment,n/a,,Non-dual,75-84,Male,2385.48,,,
spend,2022,Other,Durable medical equipment,n/a,,Non-dual,65-74,Male,3807.69,,,
spend,2022,Professional,Office (incl. telehealth),Exceptions/unclassified,,Dual,<65,Male,38559.77,,,
spend,2022,Professional,Office (incl. telehealth),Exceptions/unclassified,,Dual,<65,Female,20160.16,,,
spend,2022,Professional,Inpatient/outpatient hospital setting,Exceptions/unclassified,,Non-dual,75-84,Female,615.85,,,
spend,2022,Professional,Inpatient/outpatient hospital setting,Imaging,,Non-dual,<65,Female,1129.95,,,
spend,2022,Professional,Office (incl. telehealth),Unclassified,,Non-dual,85+,Male,609879.07,,,
spend,2022,Other,Durable medical equipment,n/a,,Dual,<65,Male,2001.09,,,
spend,2022,Professional,Services at home,Unclassified,,Non-dual,<65,Male,12979.09,,,
spend,2022,Other,Durable medical equipment,n/a,,Non-dual,<65,Female,6053.94,,,
spend,2022,Professional,Services at home,Exceptions/unclassified,,Dual,75-84,Male,0.0,,,
spend,2022,Other,Durable medical equipment,n/a,,Dual,65-74,Male,1682.96,,,
spend,2022,Other,Durable medical equipment,n/a,,Dual,75-84,Female,865.38,,,
spend,2022,Other,Durable medical equipment,n/a,,Non-dual,75-84,Female,1871.38,,,
spend,2022,Professional,Nursing facility / hospice setting,Exceptions/unclassified,,Dual,<65,Male,0.0,,,
spend,2022,Other,Durable medical equipment,n/a,,Dual,<65,Female,1647.04,,,
spend,2022,Professional,Inpatient/outpatient hospital setting,E&M,,Dual,75-84,Male,472.9,,,
spend,2022,Professional,Office (incl. telehealth),Exceptions/unclassified,,Non-dual,<65,Male,92070.46,,,
spend,2022,Professional,Office (incl. telehealth),E&M,,Non-dual,<65,Male,216765.68,,,
spend,2022,Professional,Office (incl. telehealth),Exceptions/unclassified,,Non-dual,<65,Female,67062.45,,,
spend,2022,Other,Durable medical equipment,n/a,,Dual,65-74,Female,1398.13,,,
spend,2022,Long-Term Care,Skilled nursing facility,n/a,,Non-dual,75-84,Female,436462.95,,,
spend,2022,Long-Term Care,Skilled nursing facility,n/a,,Non-dual,75-84,Male,388457.41,,,
spend,2022,Long-Term Care,Skilled nursing facility,n/a,,Dual,<65,Female,51449.12,,,
spend,2022,Long-Term Care,Skilled nursing facility,n/a,,Dual,<65,Male,64928.89,,,
spend,2022,Inpatient Hospital,Acute care hospital,n/a,,Non-dual,85+,Female,297114.56,,,
spend,2022,Long-Term Care,Hospice,n/a,,Non-dual,<65,Female,18576.22,,,
spend,2022,Professional,Services at home,Exceptions/unclassified,,Dual,65-74,Male,0.0,,,
spend,2022,Professional,Home health,n/a,,Non-dual,65-74,Female,224217.96,,,
spend,2022,Inpatient Hospital,Acute care hospital,n/a,,Non-dual,85+,Male,401577.15,,,
spend,2022,Professional,Inpatient/outpatient hospital setting,E&M,,Non-dual,65-74,Male,584.0,,,
spend,2022,Professional,Home health,n/a,,Dual,75-84,Male,22990.45,,,
spend,2022,Professional,Urgent care,Exceptions/unclassified,,Non-dual,65-74,Male,0.0,,,
spend,2022,Professional,Inpatient/outpatient hospital setting,E&M,,Dual,<65,Female,485.85,,,
spend,2022,Professional,Urgent care,E&M,,Non-dual,65-74,Female,9808.03,,,
